smi,r,fr_0,ci_beta
C=CCSCNCOCOCOCCC(C)(C)C,2.201549530029297,2.201549530029297,57.21272277832031
CSCCOCOCOCOCCOCC(F)F,2.1908884048461914,2.1908884048461914,59.93645477294922
FC(F)CNCOCCOCOCSCC(F)F,2.1820640563964844,2.1820640563964844,41.70331573486328
C=CCOCOCCOCOCCC(C)(C)C,2.1754369735717773,2.1754369735717773,48.381317138671875
CSSCOCOCOCCOCC(C)(C)C,2.156574010848999,2.156574010848999,59.04873275756836
C=CCOCSOCOCCSCC[C@H]1COCO1,2.15478253364563,2.15478253364563,59.3008918762207
C=CCNCSCSOCSCC[C]1COCO1,2.1466474533081055,2.1466474533081055,56.96847152709961
C=CCCCOCNCOCSC[C]1COCO1,2.1465907096862793,2.1465907096862793,58.705787658691406
CC(C)(C)CCOCOCSCSC(C)(C)C,2.14603853225708,2.14603853225708,62.206241607666016
CC(C)(C)CCOCOCOCNSCC(F)F,2.143810510635376,2.143810510635376,63.37517166137695
CSSCSCOCOCCOCC(C)(C)C,2.137871503829956,2.137871503829956,42.88148498535156
CC(C)(C)CCOCOCOCC[C]1COCO1,2.1355109214782715,2.1355109214782715,41.54127502441406
CC(C)(C)CCSCSCOCCOCC(C)(C)C,2.1301450729370117,2.130145311355591,44.40470886230469
C=C(C)[C](C)CCOCSCSCOCOSC,2.1286063194274902,2.1286063194274902,56.48341369628906
C[C@H](CF)COCOCCOCCOCC(C)(C)C,2.1275100708007812,2.1275100708007812,52.12613296508789
C=C(C)[C](C)OCOCCOCSCS[C](C)CC,2.1229262351989746,2.1229262351989746,58.26699447631836
C=CCOCOCOCONCSCC=C,2.1177408695220947,2.1177408695220947,52.6015739440918
CCCOCCSCNOCOCC[C]1COCO1,2.117382526397705,2.117382526397705,56.66454315185547
CC(C)(C)CSCCOCNOCC[C@H]1COCO1,2.1170573234558105,2.1170573234558105,47.15903854370117
C=CCOCOCCOCCOCCOCCC,2.1161890029907227,2.1161890029907227,35.39664077758789
CC[C](C)SCOCOCCSCSCC(C)(C)C,2.1154842376708984,2.1154842376708984,41.20375061035156
C=CCSCOCSCCOCCC[C]1COCO1,2.11419677734375,2.11419677734375,18.14304542541504
CC(C)(C)CCNCOCOCS[C]1COCO1,2.1042168140411377,2.1042168140411377,60.567481994628906
CC(C)(C)CCOCSCCSCOc1ccoc1,2.100189208984375,2.100189208984375,33.2083854675293
CC[C](C)CCOCCOCSCO[C@H](C)CF,2.0968737602233887,2.0968737602233887,62.106136322021484
CSCCNCOCCOCCSC[C](C)CF,2.0906665325164795,2.0906665325164795,36.64361572265625
CC(C)(C)CSCCNCOCCOC(C)(C)C,2.090271472930908,2.090271472930908,39.1585578918457
CC[C](C)CCOCOCOCNCS[C@H](C)CF,2.0895943641662598,2.0895943641662598,45.49842071533203
C=CCOCOSCCOCO[C@H]1COCO1,2.088000774383545,2.088000774383545,34.075584411621094
CC[C](C)NCSNCOCOCC[C@H]1COCO1,2.0843749046325684,2.0843749046325684,56.148738861083984
CC(C)(C)COCOCOCNSCC(C)(C)C,2.083864212036133,2.083864212036133,32.51693344116211
CS[C@H](C)COCOCOCCOCCC(C)(C)C,2.082650661468506,2.082650661468506,49.11751174926758
CC[C](C)CCSSCOCCOCC(C)(C)C,2.082646369934082,2.082646369934082,62.77275848388672
C=CCOCNOCOCOCC(C)(C)C,2.082146644592285,2.082146644592285,39.42454528808594
C=CCOCOCCSCOCS[C@@H](C)CC,2.079641819000244,2.079641819000244,54.888771057128906
CSCCSCCOCCCSCC[C]1COCO1,2.0787010192871094,2.0787010192871094,40.94600296020508
CSCOCCOCCSCOCCOSC,2.077066659927368,2.077066659927368,54.40584182739258
OCCCOCCCSCCOCC[C@H]1COCO1,2.077024459838867,2.077024221420288,27.327468872070312
CSOCOCCOCCOCCN1CCOC1,2.072695255279541,2.072695255279541,62.12060546875
C=CCCOCSCOCCOCCC(C)(C)C,2.070352792739868,2.070352792739868,42.319271087646484
CC[C](C)CCCOCOCCSCOCSC,2.0656163692474365,2.0656163692474365,41.034202575683594
CSCSCOCOCCOCC(C)(C)C,2.064288377761841,2.064288377761841,61.589412689208984
C=CCNNCOCCSCOCC(C)(C)C,2.0634660720825195,2.0634660720825195,15.819012641906738
CC[C](C)COCOCSCOCO[C@@H](C)CC,2.0630710124969482,2.063070774078369,46.83670425415039
C[C@H](CF)SCCOCCOCCSCC(C)(C)C,2.0627634525299072,2.0627634525299072,42.27641677856445
CC[C@H](C)SCCOCSCSCOCC(C)(C)C,2.061232328414917,2.061232328414917,48.136009216308594
CC[C](C)CCOCOCSCCC[C@H](C)CF,2.0592715740203857,2.0592715740203857,34.81137466430664
C[C@@H](N)OCCOCOCCOCCC(C)(C)C,2.0580437183380127,2.0580437183380127,55.32221221923828
CC[C@H](C)CCOCNCOCOCC[C@@H](C)CC,2.055854558944702,2.055854558944702,50.788021087646484
C=CCOCNNCSCCOCC[C](C)CC,2.0521039962768555,2.0521039962768555,38.397647857666016
CC(C)(CO)COCCSCOCCSC(C)(C)C,2.0519793033599854,2.0519793033599854,45.780738830566406
C=C(C)[C](C)SCOCCNCOCCSCSC,2.0517749786376953,2.0517749786376953,20.598773956298828
CC[C](C)CSCOCCOCSCCCSC,2.0514068603515625,2.0514068603515625,50.466739654541016
C=CCSCNCCOCNCOCCSC,2.0496723651885986,2.0496723651885986,22.28468132019043
C[C@H](CF)CSCCCOCNC[C]1COCO1,2.049671173095703,2.049671173095703,30.657556533813477
CSCCOCOCCOCCCCC(C)(C)C,2.0490875244140625,2.0490875244140625,19.268714904785156
C[C@H](CF)CCSCCOCCSCC(C)(C)C,2.0489501953125,2.048950433731079,50.837825775146484
CC[C](C)CSCOCOCNOCC[C@H]1COCO1,2.0488569736480713,2.0488569736480713,44.40056610107422
C=CCOCCOCSCSCCSCSC,2.048783779144287,2.048783779144287,33.72998809814453
CC[C@H](C)COCNCCOCCN1CCOC1,2.0486960411071777,2.0486960411071777,14.27352523803711
CSCSCSCCNCOCOCC(F)F,2.0471391677856445,2.0471391677856445,37.53462219238281
CSCCCOCOCSCSCOCC(F)F,2.0457348823547363,2.0457348823547363,27.840600967407227
C[C](N)SCOCCSCOCCC(C)(C)C,2.0450117588043213,2.0450117588043213,48.96122741699219
C=CCCSCOCCOCSC[C](C)CC,2.043421983718872,2.043422222137451,51.042972564697266
CC[C@H](C)NCOCOCSCCS[C]1COCO1,2.0428426265716553,2.0428426265716553,57.45811080932617
CC[C](C)CNCSCCCOCOCC(C)(C)C,2.0408804416656494,2.0408804416656494,45.03963851928711
C[C](CF)CSCOCNOCCOCCC(C)(C)C,2.040701150894165,2.040701150894165,58.818115234375
C=CCCCOCOCCOCCOCC=C,2.0404953956604004,2.0404953956604004,54.4847526550293
C[C@H](CF)COCCOCSCCC(C)(C)C,2.0398781299591064,2.0398781299591064,48.005428314208984
CCCCOCOCSCCOCCC(C)(C)C,2.038405418395996,2.038405418395996,52.6825065612793
C=CCSCCOCCCOCO[C](C)CF,2.0372095108032227,2.0372095108032227,28.200838088989258
C=CCNOCOCCNNCSCC(C)(C)C,2.036371946334839,2.036371946334839,26.729045867919922
CCCSCCOCCSCOC[C](C)CF,2.0362794399261475,2.0362794399261475,61.576656341552734
C=CCSCSCOCCCCOCC(C)(C)C,2.034646511077881,2.034646511077881,44.74212646484375
CC[C](C)CCCNCOCOC[C@@H](C)CC,2.034468173980713,2.034468173980713,45.0450439453125
C=CCOCOCCCOSCCSCC(C)(C)C,2.0343480110168457,2.0343480110168457,25.29849624633789
CSCCSCCOCOCCO[C](C)CF,2.0323266983032227,2.0323266983032227,48.71882629394531
CC(C)(C)OCSCCOCCSCS[C@H]1COCO1,2.0267364978790283,2.0267364978790283,54.66510772705078
C[C@H](CF)CCSCOCNCOCOC(C)(C)C,2.0258796215057373,2.0258796215057373,52.1257438659668
CC[C](C)SCOCCNCCSCN1CCOC1,2.0250797271728516,2.0250797271728516,33.51863479614258
CC[C@H](C)OCSCOCSCCOC(C)(C)C,2.0238585472106934,2.0238585472106934,63.41242599487305
CC[C](C)SCOCNCOCOCCC(C)(C)CO,2.023726463317871,2.023726463317871,38.78558349609375
CCCOSCCCCSSCC[C@H]1COCO1,2.023498058319092,2.023498058319092,14.128789901733398
CC[C@H](C)CCSCOCOCOCCOSC,2.0233187675476074,2.0233187675476074,44.89799499511719
C=CCSCCOCSCCOCSCC=C,2.0229103565216064,2.0229103565216064,49.31005096435547
C=CCOCCCSSCOCCC[C]1COCO1,2.022325277328491,2.022325277328491,56.27629852294922
C[C](N)COCNCOCSCC(C)(C)C,2.021482467651367,2.021482467651367,40.42327880859375
CC[C](C)CSCCOCOCNCCCCO,2.018704414367676,2.018704414367676,62.22001647949219
CSCCCCOCOCSCCC[C@H]1COCO1,2.016862392425537,2.016862392425537,48.335628509521484
CC[C](C)CONNCCOCCOCC(C)(C)C,2.0162811279296875,2.0162811279296875,27.080238342285156
C=CCCCOCOCOOCNCC(C)(C)C,2.0160698890686035,2.0160698890686035,21.403888702392578
C[C@@H](CF)COCSCCCOCC(C)(C)C,2.0142040252685547,2.0142040252685547,60.33099365234375
C=CCCNCCOCOCNOCC(C)(C)C,2.014077663421631,2.014077663421631,52.544952392578125
CC[C@H](C)CCOCNCCCOCC(C)(C)C,2.0127294063568115,2.0127294063568115,46.12982940673828
CSCSCOOCSCSCC[C](C)CF,2.01141357421875,2.01141357421875,32.16806411743164
C[C@H](CF)SCOCCCOCNCC(C)(C)C,2.0111498832702637,2.0111498832702637,28.51019287109375
C=C(C)[C](C)CCSCCNCOCO[C@@H](C)N,2.008920431137085,2.008920431137085,27.36209487915039
C[C](CF)SCOCCCSCOCCC(C)(C)C,2.008431911468506,2.008431911468506,32.70317459106445
C[C](CF)SCSCOCSCCOC[C@H]1COCO1,2.008047342300415,2.008047342300415,59.378028869628906
CC(C)(C)OCSCOCOCCCSC(C)(C)C,2.0077130794525146,2.0077130794525146,43.49798583984375
CC[C](C)CCCCOCNCCOC[C@@H](C)CC,2.0065956115722656,2.0065956115722656,54.860530853271484
CC[C](C)CCSCSCCOCCSC(C)(C)C,2.0055086612701416,2.0055086612701416,57.43115234375
C=CCSCCOCNCSCCCC[C@H]1COCO1,2.0053083896636963,2.0053083896636963,19.34961700439453
C=CCOCNNNCOCCCC[C@H]1COCO1,2.001964569091797,2.001964569091797,16.773958206176758
CC(C)(C)CSSCCOCNSNC1(O)COC1,2.000749111175537,2.000749111175537,16.181941986083984
C=CCOCSCSCSCCC(C)(C)C,2.0005929470062256,2.0005929470062256,53.72700500488281
C=CCSCNCCOSCSCC(C)(C)C,1.9990925788879395,1.9990925788879395,61.38645553588867
C[C@H](CF)COCCCOCSCCC(C)(C)C,1.9985982179641724,1.9985982179641724,23.275848388671875
CSCOCCSSCCOCCC(C)(C)C,1.9980618953704834,1.998062014579773,50.06874465942383
C[C@H](CF)CCSCNCOOCCC(C)(C)C,1.9978795051574707,1.9978795051574707,60.092620849609375
CC[C](C)CNCOCNOCC[C@@H](C)CC,1.9972879886627197,1.9972879886627197,49.21430969238281
CC[C](C)CSCCNCOCSCCCSC,1.9968655109405518,1.9968655109405518,29.867856979370117
CSCCCCOCCOCSCS[C](C)CF,1.9958950281143188,1.9958950281143188,26.684965133666992
CC[C@H](C)CCSCOCOCCSCS[C](C)N,1.995282769203186,1.995282769203186,50.48958206176758
C=CCOCSCCCCOCOCOC(C)(C)C,1.994550347328186,1.994550347328186,33.30684280395508
CSCSCCONNCOCC[C]1COCO1,1.9928526878356934,1.9928526878356934,61.037635803222656
CC[C](C)CSCCOCCCOCSc1ccoc1,1.992087721824646,1.992087721824646,60.21907424926758
CSCNCSCNCSCC[C@H]1CC(C)(C)CO1,1.9916431903839111,1.9916431903839111,21.407438278198242
CC[C@H](C)OCNCOCCOCCCC(C)(C)C,1.989854097366333,1.989854097366333,25.871633529663086
CCCSCCOCOCSCSC[C@H](C)CF,1.989600658416748,1.989600658416748,55.666526794433594
CSCCOCSCSCSCCCC(C)(C)C,1.9894566535949707,1.9894566535949707,53.911712646484375
C[C@H](CF)CCOCCSCCOCSCC(F)F,1.9893426895141602,1.9893426895141602,50.6455192565918
CSCOCNCSCCOSCC[C@H](C)CF,1.9891812801361084,1.9891812801361084,19.703109741210938
C=CCOCSCOCCCCSc1ccoc1,1.9848320484161377,1.9848320484161377,63.58915328979492
CC(C)(C)SCCOCCSCOCS[C@H]1COCO1,1.9834574460983276,1.9834574460983276,46.19625473022461
C=CCCOCCOCOCCSCCSCC=C,1.9819175004959106,1.9819175004959106,61.8391227722168
CC[C@H](C)CCOCSCCCCSC[C](C)CF,1.9799076318740845,1.9799076318740845,28.10601043701172
C=CCOCNCCCSCSCC[C](C)CF,1.9784070253372192,1.9784070253372192,52.96122741699219
CSSCCOCCOCCSCCC(C)(C)C,1.9775359630584717,1.9775359630584717,62.7161979675293
CC[C@H](C)OCCOCNCSCOC[C@H](C)CF,1.9766747951507568,1.9766747951507568,48.25359344482422
CSCCOCCSCCOCSCC[C@H](C)CF,1.9754730463027954,1.9754730463027954,29.92533302307129
C=C(C)[C@H](C)SCCSCSCOC[C@@H](C)CC,1.9744468927383423,1.9744468927383423,46.77285385131836
CCC[C](C)CCNCOCCSCC[C@H](C)CF,1.9744025468826294,1.9744025468826294,46.428585052490234
C[C@H](CF)CSCOCCCSCOC[C@H]1COCO1,1.9742727279663086,1.9742727279663086,58.97622299194336
C[C](CF)CCOCSCCOCCSNC(C)(C)C,1.973345398902893,1.973345398902893,28.640771865844727
CC(C)(C)CCCCSCCOCCC(C)(C)C,1.9732285737991333,1.9732284545898438,25.635364532470703
C[C](CF)SCSCCOCSCCC[C@H](C)CF,1.972142219543457,1.9721421003341675,47.60268783569336
CC(C)(C)CCSCNCOCOCCNC(C)(C)C,1.9719159603118896,1.9719159603118896,31.261707305908203
C=C(C)[C](C)CNCCOCCONCSC,1.9713022708892822,1.9713022708892822,62.07821273803711
CC[C@H](C)COCCCOCOCCSCSC,1.9687278270721436,1.9687278270721436,55.673126220703125
C=CCOCCCCCOCOCC[C@@H](C)CC,1.9682202339172363,1.9682202339172363,53.086063385009766
CC[C](C)CCOCCSCSCSCCC(F)F,1.9680757522583008,1.9680757522583008,20.819244384765625
CSOCOCOCCOCCSCCN1CCOC1,1.9675110578536987,1.9675111770629883,57.038265228271484
CC[C@H](C)CSCCCCOCOCNC(C)(C)C,1.9663302898406982,1.9663302898406982,30.412063598632812
CC[C@H](C)OCCOCOCCCOCCSC,1.9657135009765625,1.9657135009765625,51.12875747680664
CC[C](C)CCCCCOCCSCOCCSC,1.9632846117019653,1.9632846117019653,34.013553619384766
CC[C@H](C)CCSCOOCSCSCC(C)(C)C,1.962705373764038,1.962705373764038,46.297584533691406
C[C](CF)NCOCOCNCOC[C@@H](C)N,1.9623485803604126,1.9623486995697021,51.419456481933594
C=CCNCCOCCOCCSCCC(C)(C)C,1.9615912437438965,1.9615912437438965,37.48210144042969
C[C@@H](CN)CCSCOCSCCSCC(C)(C)C,1.961380958557129,1.961380958557129,44.14669418334961
CC[C](C)CCOCSCCNCCOCCSC,1.9611711502075195,1.9611711502075195,34.409873962402344
C[C@H](CF)CCOCCCSCOCCC(C)(C)C,1.9610443115234375,1.9610443115234375,28.611099243164062
CC(C)(C)CCSCCOCNOCCCC(F)F,1.9591127634048462,1.9591126441955566,50.69476318359375
C=CCCCSOCOCCOCSC(C)(C)C,1.9590516090393066,1.9590516090393066,34.7666015625
C=CCOCOCCNCOCCCC[C@@H](C)CC,1.9586840867996216,1.9586840867996216,33.42486572265625
CC[C](C)CCOOCCOCCSCCSC,1.9583642482757568,1.9583642482757568,36.230037689208984
C=CCSCCOCCCOCCC(C)(C)C,1.9573767185211182,1.9573767185211182,56.68675231933594
CSCOCCNCOOCCOCC(F)F,1.9573203325271606,1.9573203325271606,31.10991859436035
C[C](CF)NNCCOCOCCOCSC(C)(C)C,1.95643949508667,1.95643949508667,37.268680572509766
C=CCOCNCCSCSCOCC[C@@H](C)CC,1.9560514688491821,1.9560514688491821,49.19789123535156
CSNCCOCCOCNCCC(C)(C)C,1.955717921257019,1.955717921257019,40.06118392944336
C=CCOCNOCCOOCCN[C](C)CC,1.9555153846740723,1.9555153846740723,38.064697265625
C[C](N)OCCOCSCSCCCC(C)(C)CO,1.9531183242797852,1.9531183242797852,53.653717041015625
CC(C)(C)CCSCCCOCCSC(C)(C)C,1.9501579999923706,1.9501579999923706,44.98024368286133
CC[C](C)COCNCCCOC[C@H](C)CF,1.9500102996826172,1.9500102996826172,63.19915771484375
C=CCCCCCOCOCNCO[C@H](C)CF,1.949277639389038,1.949277639389038,54.950653076171875
C=CCSCOCOCCCOC(C)(C)C,1.9486078023910522,1.9486078023910522,47.936859130859375
CC(C)(C)CNNCCSCS[C]1COCO1,1.9482735395431519,1.9482735395431519,31.231664657592773
C[C](CF)CCSCSCCSCCO[C@H](C)CF,1.9478909969329834,1.947891116142273,51.191104888916016
CC[C@H](C)OCNCOCCOCCSCC(C)(C)C,1.94719398021698,1.94719398021698,59.91500473022461
CC(C)(C)CCCCSCCCCOCC(C)(C)C,1.9457560777664185,1.9457560777664185,35.26183319091797
CC[C@H](C)CCSCOCOCOCCCC(C)(C)C,1.9456590414047241,1.9456591606140137,55.67824172973633
C=CCSCCSCCCOCOC(C)(C)C,1.9440357685089111,1.9440357685089111,28.835798263549805
C=CCSCCNSCOCOCC[C@@H](C)CC,1.943950891494751,1.943950891494751,51.36526870727539
CC[C@H](C)CCCNCCOCSCCOCOC,1.9438329935073853,1.9438329935073853,20.511486053466797
CC(C)(C)CCCCCSCCCOCC(C)(C)C,1.9429731369018555,1.9429731369018555,20.146413803100586
C[C@H](CF)OCCSCCOCOCN[C@@H](C)N,1.9413235187530518,1.9413235187530518,18.0485782623291
C=CCSCCOCOCCCOC[C@@H](C)CN,1.941037893295288,1.941037893295288,19.091144561767578
CC[C](C)OCSCCSCSCCC[C@H](C)CF,1.9401658773422241,1.9401658773422241,56.43264389038086
CSCCSCCSCOCONOCC(F)F,1.9401025772094727,1.9401025772094727,57.058345794677734
C=CCCOCOCCCOCCNCSC,1.9392329454421997,1.9392329454421997,56.46901321411133
CSNCOCCOOCSCC(C)(C)C,1.9391671419143677,1.9391672611236572,29.275381088256836
C[C@@H](N)SCSCCOCSCCc1ccoc1,1.9388381242752075,1.9388381242752075,25.812772750854492
CC[C@H](C)NCCOCCSCOCSC(C)(C)C,1.9384746551513672,1.9384746551513672,42.9178352355957
C=CCOCSCNCCSCCCOCC(F)F,1.9380775690078735,1.938077688217163,25.406190872192383
C=CCSCOCCSCNCSSCC=C,1.9354047775268555,1.9354047775268555,51.821044921875
C=CCONCOCCNCCSSCC(C)(C)C,1.934130311012268,1.934130311012268,18.311174392700195
C=CCOCCCC[C@@H](C)NCOCOCCSC,1.9341208934783936,1.9341208934783936,16.93025779724121
CCC[C](C)CCCSCOCOCSCC(C)(C)C,1.9330646991729736,1.9330646991729736,56.34755325317383
C=CCCCCCCSCOCCC[C](C)CF,1.932023286819458,1.932023286819458,44.22285842895508
C=CCCOCCCCOCCOCCC(C)(C)C,1.9319205284118652,1.9319205284118652,48.67922592163086
CSCSCCOCSCCCCN1CCOC1,1.9317165613174438,1.9317165613174438,59.79133605957031
CC[C@H](C)CCCCOCCOCSCO[C@@H](C)N,1.931495189666748,1.931495189666748,20.436010360717773
C=CCSCNCSCOCCC[C@H](C)CC,1.92918860912323,1.92918860912323,35.47539138793945
C=CCCOCCCSCCCOCO[C](C)CC,1.9287418127059937,1.9287419319152832,26.57423973083496
C=CCOCCOCCOSCNCCC(C)(C)CO,1.92812979221344,1.92812979221344,23.95130729675293
CCCOCOCCOCSCCOCC[C@@H](C)CC,1.9278812408447266,1.9278812408447266,59.206966400146484
FC(F)CSCCOCOCONCCN1CCOC1,1.9267598390579224,1.9267598390579224,35.03285598754883
C=CCOCCONCSCCCOCCC(F)F,1.9264827966690063,1.9264827966690063,44.14838409423828
CC[C](C)OCCCCSCCCCC(C)(C)C,1.9264283180236816,1.9264283180236816,63.48746871948242
CC[C@H](C)CCCOCOCOCNS[C](C)CF,1.926041603088379,1.926041603088379,49.336891174316406
CCCCCCCCCOCCCSN1CCOC1,1.9258856773376465,1.9258856773376465,26.227603912353516
CCCOCONCCCCCSCO[C](C)CC,1.925589680671692,1.925589680671692,21.223447799682617
CCCOCNNSCSCCOCC(C)(C)C,1.9255037307739258,1.9255037307739258,32.97175598144531
C=CCOCCSNCOCOCC=C,1.9252039194107056,1.9252039194107056,38.06256866455078
C=CCCOCSCOCNCc1ccoc1,1.9243453741073608,1.9243453741073608,24.100797653198242
C[C](CF)CCOCOCOCCOCC[C@H]1COCO1,1.9239261150360107,1.9239259958267212,55.38667678833008
CSCCONCCNCOCS[C](C)CF,1.923262357711792,1.923262357711792,27.66149139404297
C=CCOCOCCNSCCOCCSC(C)(C)C,1.922764778137207,1.922764778137207,52.44155502319336
C=CCOCSCCOOCCCO[C](C)CC,1.9226059913635254,1.9226059913635254,46.19646453857422
C[C](CF)CCOCCOCSCCNCCCO,1.9220815896987915,1.9220815896987915,44.89250564575195
C=C(C)[C@H](C)CCNCNCOCCC(C)(C)C,1.9215292930603027,1.9215292930603027,48.55064010620117
CSNCOCCOCOCC(C)(C)C,1.921157717704773,1.921157717704773,61.64572525024414
C=CCSOCCOCCCCC[C](C)CF,1.9205024242401123,1.9205024242401123,35.83351135253906
C[C@H](CF)NCSCCSCOCSCCCO,1.9196827411651611,1.9196827411651611,23.425153732299805
C=CCCCCSCOCOCSO[C@H](C)CF,1.9196555614471436,1.9196555614471436,38.673919677734375
C=CCSCOCOCCCOCNSC,1.9179058074951172,1.9179058074951172,50.259193420410156
C[C@@H](CF)CCSSCSCSCCC[C@H]1COCO1,1.9177638292312622,1.9177638292312622,28.50518798828125
CSOCCSCCSCOCCO[C](C)N,1.917394995689392,1.917394995689392,30.817359924316406
CSCCSCCCCOCSCCC(C)(C)C,1.9164128303527832,1.9164128303527832,27.957916259765625
C=CCOCCCCOCSCCSC[C@@H](C)CC,1.9160053730010986,1.9160053730010986,18.514123916625977
C=CCSCCOCOCCSCCSC,1.9157564640045166,1.9157564640045166,52.70008850097656
CC[C@H](C)CCCCSCOCCNO[C](C)CN,1.9135533571243286,1.9135533571243286,26.37276840209961
C=CCSCCCSCCOCCS[C](C)CC,1.9131813049316406,1.9131813049316406,63.08778762817383
CC(C)(C)CCSCOSCCCSN1CCOC1,1.9130929708480835,1.9130929708480835,41.1030387878418
CSSCNCOCSC[C@H]1COCO1,1.9123096466064453,1.9123096466064453,61.710411071777344
C[C@H](CF)SCCNCCCCOCC(C)(C)C,1.9121325016021729,1.9121325016021729,43.44846725463867
C[C@@H](N)CCCOCNOCCON1CCOC1,1.9121296405792236,1.9121296405792236,56.26510238647461
CC[C@H](C)SCOCOCSSCCS[C@H](C)CF,1.911617636680603,1.911617636680603,31.652099609375
CC[C](C)OCCSCCCSCOCC[C](C)CF,1.9105453491210938,1.9105453491210938,36.28214645385742
CC[C@H](C)CCSCOOCCSCN[C@H](C)CF,1.9102387428283691,1.9102387428283691,44.797447204589844
CSCCOCCOCCSNC(C)(C)C,1.9102224111557007,1.9102224111557007,39.1265754699707
C[C@@H](CF)CCOCNCNOCCC(C)(C)C,1.9095247983932495,1.9095247983932495,34.46349334716797
CSCCCSCNNCCCC[C]1COCO1,1.9094853401184082,1.9094853401184082,30.083982467651367
C=CCCCOCCNCCSC[C](C)CF,1.9084628820419312,1.9084628820419312,59.82487487792969
C=CCCCOCSCOCCSCN[C@@H](C)CC,1.9081320762634277,1.9081320762634277,52.74293518066406
C=CCCCCOCCSCSCS[C](C)CC,1.907411813735962,1.907411813735962,29.191667556762695
C=CCOCCOCSCCCSCS[C@@H](C)N,1.9068107604980469,1.9068107604980469,15.790477752685547
C=CCCSCCCOCCOCC[C@H](C)C(=C)C,1.9063434600830078,1.9063434600830078,26.16680335998535
C[C@H](CF)SCCOCSCNCSCC[C@H]1COCO1,1.9060286283493042,1.9060286283493042,31.613679885864258
C=CCONCNCCOCCOCCSCSC,1.9034423828125,1.9034423828125,11.056729316711426
CC[C@H](C)CCOCCSCSCOCCCSC,1.9031623601913452,1.9031623601913452,18.73190689086914
CC[C@H](C)CCOOCCOCOCOCC(C)(C)C,1.9029523134231567,1.9029523134231567,48.48189163208008
CC[C@H](C)CCOCSCCCCCC[C@H](C)CF,1.9022554159164429,1.9022554159164429,22.292604446411133
CC[C](C)CCONOCOCCCOCSC,1.900908350944519,1.900908350944519,59.51094055175781
C=CCCCCCCNCCCON1CCOC1,1.9008114337921143,1.9008114337921143,12.739218711853027
CC[C@H](C)CCOCCCCOCCCOCSC,1.898708462715149,1.898708462715149,39.131065368652344
CC[C@H](C)CCOCNCNCSOC[C@@H](C)CC,1.898582935333252,1.8985830545425415,25.911888122558594
CC[C](C)OCCOCCCOCSO[C@H]1COCO1,1.8981986045837402,1.8981987237930298,14.143803596496582
CC[C@H](C)CSCCCNCOCCCN1CCOC1,1.8980705738067627,1.8980705738067627,28.385826110839844
CSCCOCSCCCSCOOCC(F)F,1.8972198963165283,1.8972198963165283,28.058568954467773
CSCOCCSCOCSCOSC,1.8955336809158325,1.8955336809158325,59.12294006347656
C[C@@H](N)SCCSSCCCCSCC[C@H]1COCO1,1.8953754901885986,1.8953754901885986,35.7005500793457
C=CCOCCSOCCCSCC[C@H](C)CF,1.893385648727417,1.893385648727417,46.76899719238281
CC[C@H](C)COCSCOCCNCCC[C](C)CF,1.8928340673446655,1.8928340673446655,26.175151824951172
CC[C@H](C)COCSNCSCCO[C@@H](C)CC,1.8927510976791382,1.8927510976791382,53.077247619628906
CC(C)(C)CCSCNNCSCCCC(F)F,1.8921492099761963,1.8921492099761963,46.77668762207031
C=CCOCCSCCCOCCSCCSC,1.8921082019805908,1.8921082019805908,62.761138916015625
CCCCCOCOCCCCSCC[C@@H](C)CC,1.8915818929672241,1.8915818929672241,51.92475128173828
CCCCSCCCNCCSON1CCOC1,1.8910106420516968,1.8910106420516968,8.677694320678711
CC[C@H](C)OCSNCCOCCOCC(F)F,1.8907577991485596,1.8907577991485596,53.85847091674805
C[C@@H](CN)CCOCCCSCCOCC(C)(C)O,1.8906707763671875,1.8906707763671875,49.32666778564453
CC[C@H](C)CSCOCCSCCNCCSC,1.889984130859375,1.889984130859375,26.248231887817383
CC[C@H](C)COCSOCCOCCO[C@@H](C)N,1.889097809791565,1.889097809791565,43.776649475097656
C[C](CF)OCOSCCSCOCC[C@H](C)CF,1.8878092765808105,1.8878092765808105,36.37501907348633
CC[C](C)NCCOCNCCOCCC[C@@H](C)CF,1.8876652717590332,1.8876652717590332,21.918411254882812
CSCSCOCCSCCCNCC(C)(C)C,1.886802077293396,1.886802077293396,56.824195861816406
CC[C](C)CCCCOCNNC[C@@H](C)CC,1.8864166736602783,1.8864166736602783,29.433202743530273
CC[C](C)CCCCCCCSCOCOCCSC,1.8864068984985352,1.8864068984985352,47.043617248535156
C=CCSNOCCNCOCCSC[C@@H](C)CC,1.886013150215149,1.886013150215149,26.373369216918945
CSCCSCCCCOCCSCN[C](C)CF,1.885823369026184,1.885823369026184,22.837989807128906
C=CCSCCOCNCONCCSC,1.8856852054595947,1.8856852054595947,41.39802169799805
CC[C@H](C)CCNCOCOSSCCC(C)C,1.8844739198684692,1.8844739198684692,46.91373062133789
CCCOCCCOCCCCCCc1ccoc1,1.8833508491516113,1.8833508491516113,31.677438735961914
CSCCNCOCONSCSC(C)(C)C,1.8832749128341675,1.8832749128341675,63.245235443115234
C=C(C)[C@H](C)NCOCC[C](CO)NSCCO,1.8825713396072388,1.8825713396072388,2.32377552986145
CC(C)(C)CCCNCCCCOCOC(C)(C)C,1.8817611932754517,1.8817611932754517,33.885704040527344
CSOCCSCSSCCSCCS[C]1COCO1,1.8816958665847778,1.8816958665847778,43.22768783569336
CC[C](C)COCNCCCOCNNC(C)(C)C,1.881622552871704,1.881622552871704,39.43824768066406
CSCCCOCNCCSCS[C@H](C)CF,1.8801183700561523,1.8801183700561523,45.12308120727539
CSCSCSCCOCOCCNSC,1.8798781633377075,1.8798781633377075,27.902339935302734
CC[C@H](C)CSCCSCNC[C@@](C)(C#N)CC,1.8798680305480957,1.8798680305480957,57.99702835083008
CSCOCOCCCCNCCC(C)(C)CO,1.8796677589416504,1.8796677589416504,20.148771286010742
C=CCOCNOCCCNNCCC[C@H]1COCO1,1.8791475296020508,1.8791475296020508,30.125526428222656
C[C@H](CF)CCCCSCOCOCSCCCO,1.8790311813354492,1.8790311813354492,45.411354064941406
CC[C](C)CCSNCCCCOCN[C@H](C)CF,1.8784319162368774,1.8784319162368774,28.220151901245117
C=CCSCSCNCSCCCC[C@H](C)CC,1.8778057098388672,1.8778057098388672,5.017392635345459
C=CCCSCCCSCCNOCc1ccoc1,1.876673698425293,1.876673698425293,34.219295501708984
CSSCCCCCOCCSCc1ccoc1,1.8749741315841675,1.874974012374878,28.21072769165039
CSCSCSCNCCOCCCCC(C)C,1.874724268913269,1.874724268913269,14.770037651062012
CC[C@H](C)OCCOCNCCNCCC(C)(C)C,1.8732608556747437,1.8732608556747437,62.654632568359375
CCCSCOCNOCCCCC[C@@H](C)CN,1.8731863498687744,1.8731863498687744,44.63210678100586
C=CCCCCCCOCOSCCC(C)(C)C,1.8729512691497803,1.8729512691497803,15.072724342346191
CC[C@H](C)OCCSCOCCNCO[C@@H](C)CC,1.8718327283859253,1.8718327283859253,53.23870849609375
CC(C)(C)CCCOCCSOCCOCCC(F)F,1.8708428144454956,1.8708429336547852,52.57674026489258
C=CCOCCCCOCCCONCSC,1.8702645301818848,1.8702645301818848,46.09904098510742
CC[C@H](C)CCOCSCNOCOSC,1.869537591934204,1.869537591934204,51.7054328918457
CC[C@@H](C)CCCNCOCCOCCCC(F)F,1.8683665990829468,1.8683665990829468,52.11103057861328
C=CCCSCCNCOCCOCCC[C](C)CC,1.8679728507995605,1.8679728507995605,59.450130462646484
C=CCCCNOCCSCSCCC(C)(C)C,1.8678922653198242,1.8678922653198242,35.514461517333984
CC[C@H](C)CCNCCOCOOCOC,1.8675199747085571,1.8675199747085571,24.10273551940918
CC[C@H](C)SSCNOCOCCSCCC(F)F,1.8673486709594727,1.8673486709594727,29.615467071533203
FC(F)CCNCCCSCCCCC[C@H]1COCO1,1.867047667503357,1.867047667503357,23.652921676635742
CC(C)(C)COCCCCSCCSCSCC(F)F,1.8653088808059692,1.8653087615966797,54.01846694946289
C=CCCCNCOCCCOCSC[C@@H](C)CC,1.8652139902114868,1.8652139902114868,41.11220169067383
C=CCCSCCCSCCOCCC(C)(C)C,1.8650624752044678,1.8650624752044678,38.4169807434082
CC(C)(C)CCOCSCCCOSCCC(C)(C)C,1.8649065494537354,1.8649065494537354,47.7904052734375
CSCCCCCONCCSSCC[C]1COCO1,1.8638312816619873,1.8638312816619873,12.249640464782715
CC(C)CSCOCCSSCCSN[C@H](C)CF,1.8637690544128418,1.8637690544128418,37.5514030456543
CC(C)(C)OCOCCNCCCCC(F)F,1.8633867502212524,1.8633867502212524,14.940070152282715
C=CCCOCNNCSCCSCC(F)F,1.8628841638565063,1.8628841638565063,46.391788482666016
C=CCCCSCOCCOOCSC[C@@H](C)CC,1.862471103668213,1.862471103668213,48.060646057128906
CC[C](C)CCOCCOCCSNCCSSC,1.8624598979949951,1.8624598979949951,21.19881248474121
C=CCOCONCONCCCCCCCC,1.8623170852661133,1.8623170852661133,28.11868667602539
CSCCCCOCOCCOCOSC,1.8615256547927856,1.8615256547927856,45.91173553466797
CC[C@H](C)CCCOCOCCNSCCOSC,1.861268401145935,1.861268401145935,63.037044525146484
CSCOCOCCOCS[C@H](C)CF,1.8609719276428223,1.8609719276428223,48.237674713134766
C=CCCCCSCCCCOCOCN1CCOC1,1.8602793216705322,1.8602793216705322,37.28277587890625
C=CCOCCN[C@H](C)CCOCNCOCC(F)F,1.8597733974456787,1.8597733974456787,12.101804733276367
C[C](CF)CCCSCCCSCCSCC(F)F,1.859758734703064,1.859758734703064,33.84992599487305
C=CCCOCOCSOCCNSC(C)(C)C,1.8593823909759521,1.8593823909759521,49.6056022644043
C=CCSCCCCOCCCSO[C](C)CC,1.858686089515686,1.858686089515686,18.545278549194336
CC(C)(C)CSCSONCOCCCc1ccoc1,1.8579792976379395,1.8579792976379395,40.38560485839844
C=CCCCNNCCCSCOCC(C)(C)C,1.854814052581787,1.854814052581787,25.147619247436523
CSNCOCCCCCCSCO[C@H](C)CF,1.8537797927856445,1.8537797927856445,12.402975082397461
C[C](CF)NSCCOCNCONNc1ccoc1,1.853044867515564,1.853044867515564,8.701180458068848
CSCCSCNCOCSCC(F)F,1.8529412746429443,1.8529412746429443,48.61403274536133
C=CCCCSCNCSCSCCSC[C](C)CC,1.8516926765441895,1.8516926765441895,27.788761138916016
CC[C@H](C)OCSCCNCCC[C@H](C)CF,1.8508951663970947,1.8508951663970947,60.63310241699219
C[C@H](CF)CCSCNOCCCOCC[C]1COCO1,1.8506048917770386,1.8506048917770386,34.10089874267578
C[C@@H](N)CNCOCCSCOCCC(C)(C)C,1.849670171737671,1.849670171737671,27.414844512939453
C=CCSCSCNNCSCCC[C@@H](C)C(=C)C,1.8491634130477905,1.849163293838501,29.70717430114746
C=CCSNCCNCOCCOCC[C@@H](C)CN,1.8490228652954102,1.8490228652954102,25.479145050048828
CC[C](C)CSCCCNCSCSCC[C@@H](C)CC,1.8484500646591187,1.8484500646591187,41.536373138427734
CSCNOCCCSCCCCC(C)(C)C,1.8483563661575317,1.8483563661575317,35.243408203125
C[C@H](CF)SCNCOOCCCSC(C)(C)C,1.8480136394500732,1.8480136394500732,21.52129364013672
CCC[C@H](C)SCCCCNCOCCC(C)(C)C,1.847962737083435,1.847962737083435,39.0698127746582
C=CCCSCOOCCCSCNC(C)(C)C,1.8479180335998535,1.8479180335998535,28.607872009277344
FC(F)CSCCCONCOCCSN1CCOC1,1.8467580080032349,1.8467580080032349,33.464298248291016
C[C](CF)CCCOCSCCCOCC[C]1COCO1,1.8467578887939453,1.8467578887939453,14.558094024658203
CC[C](C)CSCONCCCSNCCSC,1.8455344438552856,1.8455344438552856,11.972105026245117
CSCCCSCOCCCCCCCC(C)(C)C,1.844850778579712,1.844850778579712,17.258752822875977
C=CCCCCCOCOCNSCCCCCC,1.8442047834396362,1.8442047834396362,19.283605575561523
C=CCOCSCCSCCCCSCSC,1.843982219696045,1.843982219696045,53.407073974609375
CC(C)(C)CCCNNSCCCOCC(C)(C)C,1.843076229095459,1.843076229095459,39.901729583740234
CC[C@H](C)CCOCOSCSCOS[C@@H](C)CC,1.8429638147354126,1.8429638147354126,43.380191802978516
CC[C@H](C)OCOCCCOCOCSC,1.8429516553878784,1.8429516553878784,62.16899871826172
C=CCCCSCCCNCCOC[C](C)CN,1.842360496520996,1.842360496520996,11.714751243591309
CC[C@H](C)CCCSCCSCOCSC,1.8421423435211182,1.8421423435211182,60.69002151489258
C=CCCCSCSNCSCOC[C@@H](C)CC,1.8416454792022705,1.8416454792022705,37.644935607910156
CC[C](C)OCNCCOCCSCSC,1.8400626182556152,1.8400626182556152,32.96243667602539
CC[C@H](C)CCSCCSCCCNOCSC,1.8394386768341064,1.8394386768341064,31.096426010131836
C=CCSCCOCCSCSCCCSC,1.839054822921753,1.839054822921753,29.309043884277344
C=CCCCCOOCCOCS[C](C)CC,1.8378032445907593,1.8378032445907593,28.587574005126953
CSCCCNCCOCNCSCC(F)F,1.8374989032745361,1.8374989032745361,27.045799255371094
C[C](CF)COCCCNCCOCSOC(C)(C)C,1.837424874305725,1.837424874305725,29.347936630249023
CC(C)(C)CCCOCCSOCCNCC(F)F,1.8364697694778442,1.8364697694778442,22.945650100708008
C=CCCSCCCCOCOCCCSC,1.8361890316009521,1.8361890316009521,41.45042419433594
CCCSCNCCCCSCC[C](C)CC,1.8359295129776,1.8359295129776,37.26280212402344
CC[C](C)CCNCCOCNCCOSSC,1.834930658340454,1.834930658340454,17.023326873779297
CCCCCOCCCNCOCSCCC,1.8348740339279175,1.8348740339279175,11.000117301940918
C=CCSCCSCNCSCCCC[C@H](C)CC,1.8342357873916626,1.8342357873916626,34.93754577636719
C=CCS[C](CO)C[C](C)OCOCCCCCC,1.8342111110687256,1.8342111110687256,2.937696933746338
CC[C@H](C)CCSCONCCSCCCC(C)(C)C,1.8340305089950562,1.8340305089950562,36.411651611328125
C=CCOCCCCONCCNCS[C@@H](C)CC,1.8337795734405518,1.8337795734405518,17.571521759033203
C=CCOCOCCCNCCCCC[C@@H](C)CC,1.8323081731796265,1.8323081731796265,21.270828247070312
CC(C)(C)CCOCCNSCSCCOC(C)(C)C,1.831182599067688,1.831182599067688,49.330474853515625
C=C(C)[C](C)OCCNSCCOCSCCCO,1.831109642982483,1.831109642982483,31.485843658447266
C[C@H](CF)COCCOCCOSCCO[C@@H](C)N,1.830649495124817,1.830649495124817,60.66657638549805
C=CCOCCSCSCCSCCCSC,1.8302644491195679,1.8302644491195679,54.840736389160156
CC[C@H](C)CCSCOCCCSCCCCSC,1.8300472497940063,1.8300472497940063,38.89592742919922
C=CCOCCOCCCCNOCCCC(C)(C)C,1.8296887874603271,1.8296887874603271,25.707996368408203
C=CCOCCCC[C](CO)NNSCC(C)(C)C,1.8294836282730103,1.8294836282730103,10.28684139251709
CC[C](C)CCCSCCOCSNCC[C](C)CC,1.8289804458618164,1.8289804458618164,45.395347595214844
CC[C](C)CCOCOCSCOSC,1.8283307552337646,1.8283307552337646,19.263477325439453
CC(C)(C)CCSNCOCCONCc1ccoc1,1.8280030488967896,1.8280030488967896,45.369693756103516
C=CCOCNNCCSCOCCCSC,1.8277661800384521,1.8277661800384521,52.964500427246094
C=CCCCOCCCSCCOCNC(C)(C)CO,1.827474594116211,1.827474594116211,31.26459312438965
CC(C)(C)CCNCCOCCSCCCCO,1.8272552490234375,1.8272552490234375,31.248525619506836
CC[C@@H](C)CSCCOSCCONCSSC,1.826122522354126,1.826122522354126,20.056732177734375
C=CCNSCOCNCOCCNCCC,1.8257155418395996,1.8257156610488892,28.508913040161133
C=CCOCSNCCCSCOCCSC,1.8255382776260376,1.8255382776260376,50.91851043701172
C[C](CF)CNCCOCCONCOOC/C=C\Cl,1.8250041007995605,1.8250041007995605,7.831225872039795
CSSCNCOCCCNCSC(C)(C)C,1.8239905834197998,1.8239905834197998,53.08027648925781
CC(C)(C)CCCCSCCCSCOCCCO,1.8238954544067383,1.8238954544067383,50.3376350402832
CC[C@H](C)CCCNCCSOCOCCSC,1.8238193988800049,1.8238193988800049,18.041418075561523
CSCCOCCSCONCC[C](C)N,1.8226057291030884,1.8226057291030884,38.88798904418945
CSCCCOCNSCOCCSC(C)(C)C,1.8223092555999756,1.8223092555999756,44.6695671081543
CCCCSCONCCSCCCCC(C)(C)C,1.822206974029541,1.822206974029541,22.35941505432129
C=CCOSCCCNCCOCC[C@@H](C)CC,1.821879506111145,1.821879506111145,49.60973358154297
CC[C](C)CCCCCCSCOCCSCOSC,1.821484088897705,1.821484088897705,9.938394546508789
C=C(C)[C@@H](C)CSCCCCSCOS[C@@H](C)N,1.821218729019165,1.821218729019165,9.675445556640625
CSNCNCOCCOONCC[C@H]1COCO1,1.8211896419525146,1.8211896419525146,17.952028274536133
CSCCCCCCNCOCCCOC(C)(C)C,1.8200708627700806,1.8200708627700806,11.3619966506958
C[C@@H](CF)SCCCSCCNNCC[C@H]1COCO1,1.819963812828064,1.819963812828064,38.75102996826172
C=CCCNCCCNCOCCOCC(F)F,1.8199478387832642,1.8199478387832642,14.277273178100586
CC[C](C)COCCSSCCOOCC[C@H]1COCO1,1.8196526765823364,1.8196526765823364,59.19894790649414
CSSCSCCSCCOCNCC(F)F,1.8187533617019653,1.8187533617019653,28.271835327148438
C[C](N)OCONCOCCCCC[C@@H](C)N,1.8185654878616333,1.8185654878616333,22.878694534301758
C=CCCSCNCCOCCCCCC[C@H]1COCO1,1.8181809186935425,1.8181809186935425,31.811038970947266
CSCCNOCCOCCCSC(C)(C)C,1.8169678449630737,1.8169678449630737,49.980323791503906
CC[C@H](C)NCCCCCSCOCC[C@H](C)CF,1.8168050050735474,1.8168050050735474,19.8987979888916
C[C@@H](N)CCSCOCOCCNCNC(C)(C)C,1.816535472869873,1.816535472869873,61.566715240478516
CC[C](C)CCCCCOCOCNCCO[C](C)CC,1.8148804903030396,1.8148804903030396,63.228389739990234
CSCCCCCOOCSCCCC(C)(C)C,1.8147246837615967,1.8147246837615967,39.53792953491211
CC[C@H](C)CCSCSSCSCO[C@@H](C)CC,1.8147186040878296,1.8147186040878296,60.11371612548828
CSCCCCCOCCOCCCSC(C)(C)C,1.813928246498108,1.813928246498108,42.42973327636719
CC(C)(C)CNNCOCCCCCSC[C@H]1COCO1,1.8136337995529175,1.8136337995529175,19.549137115478516
CSOCCOCCCNSCCCC(C)(C)C,1.8122687339782715,1.8122687339782715,20.869314193725586
CCCCCCSCCOOCOCCSC,1.8113605976104736,1.8113605976104736,63.615386962890625
C=CCSCOCSOCCSS[C](C)N,1.8113560676574707,1.8113560676574707,27.595544815063477
CC[C@H](N)CCCNCSCCSC[C@H](C)CF,1.8096991777420044,1.8096991777420044,56.87325668334961
CC(C)(C)CCOCCCOOCSCS[C@H]1COCO1,1.806384801864624,1.806384801864624,63.721614837646484
CC(C)(C)CCCCOCNCCNCCC(C)(C)C,1.805989146232605,1.805989146232605,11.900238990783691
C=CCNCCCSCSCOCCS[C@@H](C)CC,1.8059422969818115,1.8059422969818115,24.201066970825195
C=CCCCCCCSCOCCCSCSC,1.8055037260055542,1.8055037260055542,26.63042449951172
CC[C@H](C)CCOOSCOCCOC[C@@H](C)CC,1.8046280145645142,1.8046280145645142,50.84455871582031
CC[C@H](C)NCOCCCCCOCCCOSC,1.8046104907989502,1.8046104907989502,15.43874454498291
CSCSCCNOCCCSC[C@H](C)CF,1.8045310974121094,1.8045310974121094,27.271209716796875
C[C@H](CF)COCSCCOCCOCCc1ccoc1,1.804332971572876,1.804332971572876,61.301116943359375
C=CCCCNCOCCNCCOCCCSC,1.80420982837677,1.80420982837677,36.49552536010742
CSNCCOCCNNOCCOC(C)(C)C,1.8041183948516846,1.8041183948516846,7.851226806640625
CC(C)(C)CCCCNSCOCSCCC(C)(C)C,1.803390622138977,1.803390622138977,28.034624099731445
CCCCSCOCCCCOCCCC(C)(C)O,1.803156852722168,1.803156852722168,46.922454833984375
C=CCSCSNCCNCOCCCC(F)F,1.8030407428741455,1.8030407428741455,36.85929489135742
C=CCSCCSCCNCCOCOCC=O,1.8027031421661377,1.8027031421661377,52.94355773925781
C=CCCSSCCSCSCCCC(C)(C)C,1.8026014566421509,1.8026014566421509,11.455461502075195
CC[C](C)CCCCCCSCOCSCC[C](C)CF,1.8025614023208618,1.8025614023208618,19.033105850219727
CSSCCCCCCOCSCC[C@H](C)CF,1.802244782447815,1.802244782447815,27.149324417114258
CC[C@H](C)CCCONSCCSCC[C@@H](C)CC,1.8020108938217163,1.8020108938217163,36.52680587768555
OCCCOCCOCSNCOCOCCCO,1.8019064664840698,1.8019064664840698,37.92616653442383
CSCCSCSCCCCCSCC[C](C)N,1.801905632019043,1.801905632019043,26.265165328979492
C=CCCCCSCOCSOCCCC=C,1.8018385171890259,1.8018385171890259,57.32848358154297
C=CCSCCOCCCSCCCC[C@@H](C)CC,1.7998864650726318,1.7998864650726318,53.075042724609375
CC[C@H](C)CCSOCSCCNCC[C@@H](C)SC,1.7996052503585815,1.7996052503585815,25.8698673248291
C[C@H](CF)SCOCSCSNCCOCCCO,1.7995927333831787,1.7995927333831787,29.585140228271484
N#CCCCCCCSCCCCCS[C@H]1COCO1,1.7995867729187012,1.7995867729187012,6.899746894836426
CC[C](C)SCCCSNSCCCC[C](C)CF,1.7991371154785156,1.7991371154785156,31.043601989746094
C[C](N)CCCSSCCCCOC1CSC1,1.7990018129348755,1.7990018129348755,8.732638359069824
CC[C](C)CNCSCCCCNCSCCSC,1.7989481687545776,1.7989481687545776,20.09602165222168
CCC[C@H](C)CCOCCOCSSC(=O)SC,1.7988955974578857,1.7988955974578857,17.648113250732422
CCCSOCCCCCOCNC(C)(C)C,1.7985352277755737,1.7985352277755737,23.135162353515625
CC[C@H](C)NCCOCOCCCNCSC(C)(C)C,1.796974778175354,1.796974778175354,34.68180847167969
CC[C@@H](C)CCOCCSCCCSCCCSC,1.7956622838974,1.7956622838974,21.40044593811035
C=C(C)[C](C)CCOCCCOCOCCSCCSC,1.795585036277771,1.795585036277771,31.675737380981445
C=C(C)[C@H](C)CCOSCSCCCSC[C]1COCO1,1.7955094575881958,1.7955094575881958,34.602821350097656
C=CCCCCOCOOCCCCSC(C)(C)C,1.7944916486740112,1.7944916486740112,42.96878433227539
CC(C)CCCSCCCCNCCCC(C)(C)C,1.7941755056381226,1.7941755056381226,8.812891960144043
CCCOOCOCCNCCOC(=O)[C](C)CC,1.7940117120742798,1.7940117120742798,9.334039688110352
C=CCNCSCCSCCNCSCC=C,1.793816089630127,1.793816089630127,49.33999252319336
CC[C@H](C)CNCCCCOCNCCCCO,1.7932945489883423,1.7932945489883423,13.559983253479004
CC(C)(C)CNCOCCNNCOCCNC=O,1.7932838201522827,1.7932838201522827,9.571928977966309
C=CCSCCOCCSCCCNCSCC=C,1.79315185546875,1.79315185546875,25.443708419799805
C=C(C)[C@H](C)CCCCCCNOCCSC,1.7930285930633545,1.7930285930633545,19.95779037475586
COCOSCCCNNCCCCCC(C)(C)C,1.791741967201233,1.791741967201233,17.732824325561523
CSCCCCOCSCCCCSCCSC,1.7910150289535522,1.7910150289535522,13.43544864654541
C=CCCSCSCCCOCCCC[C@@H](C)CC,1.7906184196472168,1.7906184196472168,33.49385070800781
C=CCOCSCCNCCNNC[C@@H](C)CC,1.7902753353118896,1.7902753353118896,25.501935958862305
CSCNCCOCCOCCOSC,1.7889734506607056,1.7889734506607056,43.686614990234375
C=CCCCCSCCCOCNSOCOC,1.7883416414260864,1.7883416414260864,6.122292518615723
CCCOCCNONSCCC[C](C)CC,1.7879422903060913,1.7879422903060913,15.367454528808594
C[C@H](CF)CCSCSCOCSSCCCO,1.787885308265686,1.787885308265686,42.826568603515625
C[C@H](CF)CCSCNNCCCSC(C)(C)C,1.7877453565597534,1.7877453565597534,20.425594329833984
C=CCCSCOCNCOSCCCc1ccoc1,1.7875592708587646,1.7875592708587646,56.383277893066406
C[C@H](CF)CSNCSCCCOCCCC(F)F,1.7871108055114746,1.7871108055114746,42.90449523925781
C=CCCCCOCNCCOCCCNSC,1.7870469093322754,1.7870469093322754,47.48967361450195
C=CCCOCSSCOCCOCCCC,1.7866977453231812,1.7866977453231812,60.390689849853516
CC[C](C)CCCCCOCSCNCCCCCO,1.7863253355026245,1.7863253355026245,26.01389503479004
CCCCCCNSCSCCCCO[C@H]1COCO1,1.786267876625061,1.786267876625061,47.61309814453125
C=CCSCCCOCCOCCCCCC(F)F,1.78435480594635,1.78435480594635,38.364437103271484
C=CCCCSCCCCCSO[C](C)CC,1.7838809490203857,1.7838809490203857,19.541879653930664
C=CCCCSCNONCCCC[C@H](C)CF,1.7835627794265747,1.7835626602172852,28.925025939941406
C=CCCNCOCNCCCCC(C)(C)O,1.7833244800567627,1.7833244800567627,50.108680725097656
CCCNCCCCCOCNOCCC(C)(C)C,1.7826659679412842,1.7826659679412842,7.782504081726074
C=CCCCSSCNCSCCOSCC=C,1.781858205795288,1.781858205795288,28.65482521057129
C=CCCCCCCCCCSCC[C@H](C)CF,1.7808144092559814,1.7808144092559814,6.426759719848633
CSS[C@H](C)COCONCCCCC(C)(C)C,1.7807319164276123,1.7807319164276123,15.605053901672363
CSCCCOCCCCCCNCC(C)(C)C,1.7798333168029785,1.7798333168029785,28.07756233215332
CC[C](C)CCCCCOCSCOSCC[C](C)CC,1.7798120975494385,1.7798120975494385,35.190128326416016
CCCCCCSCOCCSCCCCO,1.7796438932418823,1.7796438932418823,30.29486083984375
C=CCONSCONOCNN[C](C)CC,1.779547095298767,1.779547095298767,24.25509262084961
C[C@H](CF)SCSCCNNCCNc1ccoc1,1.7791401147842407,1.7791401147842407,34.90203094482422
C=CCCCCOCSCOCCCC=C,1.7790236473083496,1.7790236473083496,37.29490661621094
CSCSCSNCOCCCCCC[C@H]1COCO1,1.7776165008544922,1.7776165008544922,16.214948654174805
C=CCCCNSCOCNCCCC[C@H](C)CF,1.7770965099334717,1.7770965099334717,22.396970748901367
CCCOCCNCSSCONCC[C@@H](C)CC,1.7770555019378662,1.7770555019378662,34.19143295288086
CSCCCCCCOCCNCCC(C)(C)CO,1.7769793272018433,1.7769793272018433,7.6212334632873535
CC[C](CCO)CSCCCNCSCCSSC,1.7765378952026367,1.7765378952026367,26.847885131835938
CC[C@H](C)CCCCNNOCC[C@@H](C)CF,1.776090145111084,1.776090145111084,5.8522491455078125
CCCCCNCNCCSCC[C](C)CC,1.775511384010315,1.775511384010315,27.139829635620117
C=CCNNSCCNCCSC[C](C)CC,1.7753477096557617,1.7753477096557617,20.29279136657715
C=CCSCCOCSCNNCCCCO,1.77528977394104,1.77528977394104,51.10693359375
CC(C)(C)CNSNSCNOCCC(F)F,1.774845004081726,1.774845004081726,25.223575592041016
CC(C)(C)SSCCCCSCCCCN1CCOC1,1.7745239734649658,1.7745239734649658,12.885374069213867
CC(C)(C)CSSCOCSCCSCCc1ccoc1,1.7742513418197632,1.7742513418197632,39.97896194458008
CC[C@@H](C)CCCOCNCNCCCCC(C)(C)C,1.772762656211853,1.772762656211853,18.552833557128906
C=CCONCCOCCCO[C@@H](C)CC,1.7727574110031128,1.7727574110031128,26.92823600769043
C[C@H](CF)CSSCCCOCCSCN[C@@H](C)CF,1.7722150087356567,1.7722150087356567,55.402103424072266
C=CCCCOCSCSOCOCCC[C@H](C)CC,1.7720389366149902,1.7720389366149902,48.64142990112305
CC(C)(C)CCCCSCSNCOCCC(F)F,1.7719968557357788,1.7719968557357788,22.52079200744629
C[C@H](CF)COCCCOOCSS[C@H]1COCO1,1.7716662883758545,1.7716662883758545,39.69194793701172
CSCCSCONCNSCC[C](C)CF,1.7706928253173828,1.7706928253173828,20.006853103637695
C=C(C)CSCCSCSCCNCSC,1.7705756425857544,1.7705756425857544,29.949357986450195
C=CCCCCNCOCSCSCCCCCO,1.7704236507415771,1.7704236507415771,49.300086975097656
C=CCCSCCCSCCSCSCC(F)F,1.770363688468933,1.770363688468933,15.34792423248291
C=C(C)[C@H](C)OCCCCOCSCCOCC(C)(C)N,1.7702057361602783,1.7702057361602783,18.760631561279297
C[C@H](CF)CCSNSCCSNCC[C]1COCO1,1.7701013088226318,1.7701013088226318,17.987228393554688
C[C](CF)SCCCCSCOCCNCCC(F)F,1.7700895071029663,1.7700895071029663,56.52467727661133
CC[C](N)CCSCCCCCCOCNOCSC,1.7692700624465942,1.7692700624465942,18.181232452392578
CC(C)(C)CSCSCCCNC(C)(C)C,1.7688180208206177,1.7688180208206177,49.908565521240234
CC[C](C)CCCCCSCCOCCSCC(C)(C)C,1.7687288522720337,1.7687288522720337,18.75762939453125
C=CCCCCONCCCCCOCC(F)F,1.7685506343841553,1.7685506343841553,10.087288856506348
CC[C@H](C)CCCCOCCSCCCO[C@@H](C)CC,1.7680727243423462,1.7680727243423462,54.56001663208008
CC(C)(C)CCCCCCCOSCCCC(C)(C)C,1.7676358222961426,1.7676358222961426,53.573265075683594
CSNCSCSCCSCC[C@H](C)CF,1.7674119472503662,1.7674119472503662,31.133705139160156
CSCCNSSCSCOCCC(C)(C)C,1.7670836448669434,1.7670836448669434,59.09806823730469
C=CCOCCCCCCOCCCSCCSC,1.7667419910430908,1.7667419910430908,30.54903793334961
CC(C)(C)OCCCCCCNSCCC[C@H]1COCO1,1.7663830518722534,1.7663830518722534,23.18994903564453
CCCNCOCCSSCO[C@H](C)CCCCN,1.766373634338379,1.766373634338379,18.97650718688965
CC[C@H](C)CNCCCOCCOCSC,1.7659388780593872,1.7659388780593872,12.833467483520508
CC(C)(C)CCSNCOCCCCNC(C)(C)C,1.7655054330825806,1.7655054330825806,12.70358943939209
CC[C@H](C)CCOCCCCSCCCC[C@H](C)CF,1.7652714252471924,1.7652714252471924,25.345630645751953
C=CCNCCSOCNCSCCCCC(C)(C)C,1.7646846771240234,1.7646846771240234,19.970338821411133
C=CCCCCNOCCOOCCCC(C)(C)C,1.7643080949783325,1.7643080949783325,11.629278182983398
CC[C@@H](C)CCSNNCCSCCOCCSC,1.7640113830566406,1.7640113830566406,46.3411979675293
C=CCSCNSCOCSCCCCCCO,1.7636628150939941,1.7636628150939941,32.28784942626953
CSCCOCCSCCOCCSNCCCO,1.7629387378692627,1.7629387378692627,18.76738929748535
CSCCCSCSCCCO[C](C)CF,1.762687087059021,1.762687087059021,25.176950454711914
C=CCSNCNSC[C](C)CNCC(C)(C)C,1.7609667778015137,1.7609667778015137,10.902256965637207
CC[C@H](C)OCOOCCCOCCSCCCO,1.7589666843414307,1.7589666843414307,40.926849365234375
C[C](CF)CCSCCOCCCCSCCC(C)(C)C,1.7589267492294312,1.7589267492294312,15.201114654541016
C=CCOCCSCCSOCCCCCCSC,1.7587807178497314,1.7587807178497314,18.07158851623535
CC(C)(C)CCCSOCSCCSCNC(C)(C)CO,1.758423924446106,1.758423924446106,56.92312240600586
CC[C@H](C)CSOCCOCCCNCCC(C)(C)C,1.7579667568206787,1.7579667568206787,31.925453186035156
CC[C@H](C)OCCCCOOCCSCCC(C)(C)C,1.7578197717666626,1.7578197717666626,58.11698913574219
C=CCCCCCCOCNOCNO[C](C)C(=C)C,1.7575855255126953,1.7575855255126953,11.98986530303955
C=CCSCCCCCSCCC[C@H](C)CC,1.7571462392807007,1.7571462392807007,22.998952865600586
CSOCOOCCSCCCCS[C@H](C)CF,1.757087230682373,1.757087230682373,37.62621307373047
CC[C@H](C)CCSCCSSCSOCCSC,1.7566908597946167,1.7566908597946167,36.02248764038086
CC[C](C)CCCCCNOCCCCCC[C@@H](C)N,1.7554266452789307,1.7554266452789307,10.035989761352539
Cc1nonc1CCCOCCNOCCS[C@@H](C)N,1.755401849746704,1.755401849746704,48.335296630859375
CCCCNCCSCOCC[C@H](C)CF,1.754514455795288,1.754514455795288,30.480966567993164
C=CCSCCNCCOCCNCCC(F)F,1.7544206380844116,1.7544206380844116,37.580020904541016
C[C@H](CF)OCCSSCCSCSC[C@@H](C)N,1.7541006803512573,1.7541006803512573,58.509498596191406
C[C@H](CF)CCOCCSCO[C@H](C)COCC(C)(C)C,1.753364086151123,1.753364086151123,49.93047332763672
C=CCNOCCOOCCOCCCC[C@@H](C)CC,1.7533111572265625,1.7533111572265625,31.330949783325195
C=CCOCCCCNCCSCCC[C@@H](C)CC,1.7528752088546753,1.7528752088546753,17.521747589111328
CCC[C@H](C)C[C](C)CCCCOCCCNC=O,1.7527660131454468,1.7527660131454468,1.8741854429244995
C=CCCCNCSCCNCOCCOC(F)(F)F,1.752672553062439,1.752672553062439,29.852066040039062
CC[C](C)NCNNSCNCOC[C@H](C)CF,1.7521226406097412,1.7521226406097412,17.103410720825195
CC[C](C)CCOCCOCCOCCCCC(C)(C)O,1.7520887851715088,1.7520887851715088,26.870058059692383
CSCNCSCNCNCC(C)(C)CO,1.7518359422683716,1.7518359422683716,20.108503341674805
C=CCSCOCCCOCCCOCC[C@H](N)CC,1.7513877153396606,1.7513877153396606,36.20554733276367
C[C](CF)CCCNSCNCCSCCN1CCOC1,1.7509243488311768,1.7509243488311768,44.7144660949707
CC[C@H](C)OSCOCOCCCCSSC(C)(C)C,1.750356912612915,1.750356912612915,28.54253387451172
C[C@H](CF)CSCCCOSCCCCCC(C)(C)C,1.7501577138900757,1.7501577138900757,21.49437713623047
C=CCCCCCCSCSCSCC[C@@H](C)N,1.7499858140945435,1.7499858140945435,52.46125793457031
C=CCSCOCCSCCCCCSSC,1.7498663663864136,1.7498663663864136,14.841506004333496
C=CCCSCONSCSCCC[C@@H](C)CC,1.7494497299194336,1.7494497299194336,30.783248901367188
CSCCOCSSCCSCC[C@@H](C)CN,1.7492997646331787,1.7492997646331787,31.42790985107422
C=C(C)[C](C)CCOCNCCCNSSCCN,1.748968482017517,1.748968482017517,2.946176052093506
CC[C@H](C)CSCCNCOSCCCS[C@H](C)CF,1.7483999729156494,1.7483999729156494,31.31144142150879
CSNNCOCCONCCCC1(C)OCCO1,1.7479370832443237,1.7479370832443237,21.903715133666992
C=CCCCSCNCSCNCNCC=C,1.747641921043396,1.747641921043396,25.77128791809082
CSSCNOCCCCCOCO[C](C)N,1.7472316026687622,1.7472316026687622,25.259336471557617
CSCCCOCCONCCSCCCSC,1.7469747066497803,1.7469747066497803,10.956722259521484
CC[C@H](C)CCNNOCCCNCSC[C@@H](C)CC,1.7449636459350586,1.7449636459350586,23.977827072143555
CCCCCCSSCCCOCSCC(F)F,1.744292974472046,1.744292974472046,40.93733215332031
CCCCCOCCSCSCCCSCCC,1.744209885597229,1.744209885597229,29.519453048706055
C=CCCCOCOCSCSCC=C,1.7432029247283936,1.7432029247283936,41.121707916259766
CC(C)(C)CCONCSCCSCCCC(C)(C)CO,1.7417196035385132,1.7417196035385132,37.85547637939453
CC[C](C)CCSCONCOCCSCC[C]1COCO1,1.7416211366653442,1.7416211366653442,60.90984344482422
C[C](CF)CSCCOSCCCNSCCCO,1.741403579711914,1.741403579711914,41.78445053100586
CC[C@H](C)CCCNOCSCCCCS[C@@H](C)CC,1.741316556930542,1.741316556930542,11.895589828491211
CC[C@H](C)OCNCCCCSCOCO[C@@H](C)CC,1.741047739982605,1.741047739982605,29.459501266479492
C[C@@H](N)CCCCNSCSCOCCC(C)(C)C,1.7408727407455444,1.7408727407455444,24.297393798828125
C[C](N)NCCOCCSSCSCCS[C@H]1COCO1,1.7404532432556152,1.7404532432556152,30.165578842163086
CCCCCOCCCOCCSNC[C@H](C)CF,1.7401050329208374,1.7401050329208374,60.397254943847656
CSNCONSCCSCCOCCCC(F)F,1.7400004863739014,1.7400004863739014,29.93893814086914
C[C](CF)OCNNCSCNNC[C@H](C)CF,1.73943030834198,1.73943030834198,45.59636306762695
CSSCCCSNCCCOCO[C](C)CF,1.7393041849136353,1.7393041849136353,16.08069610595703
C=CCSCNCNNCOCCSCCCO,1.739152431488037,1.739152431488037,28.108335494995117
FC(F)CCOCCCSCCOCCCc1ccoc1,1.7389246225357056,1.7389246225357056,40.812503814697266
CSOCNCCCCOCCOSC(C)(C)C,1.7384833097457886,1.7384833097457886,20.29026985168457
Cc1nnsc1CCOCCOCOCNCC(C)(C)C,1.7384214401245117,1.7384214401245117,36.096126556396484
CC[C](C)SCCOSCNCCSCCN1CCOC1,1.7377816438674927,1.7377816438674927,22.356475830078125
C=CCCSCCSCCSCNNCC(F)F,1.7376375198364258,1.7376375198364258,37.631874084472656
CC[C](N)CCCONCNCSCCSC,1.7374588251113892,1.7374588251113892,37.268917083740234
C=CCOCCSSCCCOCCCSC(C)(C)C,1.7357301712036133,1.7357301712036133,21.30759620666504
C=C(C)[C@@H](C)OCCCSCCOCCCC[C](C)CC,1.7352523803710938,1.7352523803710938,23.266071319580078
CSCNCOCCSC[C](C)CF,1.735216498374939,1.735216498374939,28.795209884643555
CC[C@H](C)SCCOOCOCCCSC,1.7345752716064453,1.7345752716064453,55.24615478515625
C=CCOCCCOCOCCCCc1snnc1C,1.732204556465149,1.732204556465149,14.495250701904297
CC[C](C)CCOCCNCCNCCCCC(F)F,1.7320690155029297,1.7320690155029297,7.6199798583984375
C=CCSCCCOCCCCCSCCC(C)(C)C,1.7309972047805786,1.7309972047805786,42.132713317871094
CSOCCCCSCSCC[C@H](C)CF,1.7308323383331299,1.7308323383331299,9.889263153076172
CC[C@H](C)CCNOOCCOCOCSC(C)(C)C,1.7300970554351807,1.7300970554351807,30.990245819091797
CC[C](C)CCCSNCCNCCCC(F)F,1.7300385236740112,1.7300385236740112,16.721887588500977
CC[C@H](C)CSONCCCCNCS[C@H](C)CF,1.7299021482467651,1.7299021482467651,23.927589416503906
CC(C)(C)OCCOCCCNCNCOC(C)(C)C,1.729024052619934,1.729024052619934,51.376216888427734
CSCCCCCCCNSCOCN[C@H](C)CF,1.7286839485168457,1.7286839485168457,14.791211128234863
C=CCCCCONSCSCCC(C)(C)C,1.7285175323486328,1.7285175323486328,13.676918029785156
C=CCCOCCNSCCOCCCc1cocc1C,1.7283507585525513,1.7283507585525513,12.160770416259766
C=CCCCCOCCOCCCCSCCCO,1.7278307676315308,1.7278307676315308,19.7504940032959
Cc1noc(SCCNCSCNONCC(C)(C)C)n1,1.727613925933838,1.727613925933838,7.835626125335693
CSCCCCSOSCCSCC(C)(C)C,1.7274750471115112,1.7274750471115112,40.119686126708984
C=CCOCCCCCSOCCCCSC,1.726778268814087,1.726778268814087,17.680194854736328
C=C(C)[C@H](C)CCNCCCNSCCC[C@H]1COCO1,1.726435661315918,1.726435661315918,15.997588157653809
CCCCNNCCNCCCSCO[C](C)N,1.7263545989990234,1.7263545989990234,13.182945251464844
CCCCCNCCCCCSCCC(C)(C)C,1.7251613140106201,1.7251613140106201,31.34687614440918
CC[C](N)COCCCCOCCSCSC[C@@H](C)CC,1.7250299453735352,1.7250299453735352,9.773703575134277
CC[C](N)COCCSCCCSCCOCO[C](C)N,1.724522590637207,1.724522590637207,35.26287841796875
CSCCSCNOCCOCNSSC,1.7238879203796387,1.7238879203796387,23.717302322387695
C[C](CCNCSCCCCC(C)(C)C)OCC(F)F,1.7238879203796387,1.7238879203796387,20.89408302307129
CSCCCOCCCCCCCCC[C@@H](C)N,1.7235875129699707,1.7235875129699707,8.798649787902832
C=CCCSCNCCCNNCOCC(F)F,1.7235381603240967,1.7235381603240967,59.01530075073242
CC(C)(C)CCCCCOCCCCOCOCC(F)F,1.7232327461242676,1.7232327461242676,17.15329360961914
CC[C](C)CCCCCONCSCSCC[C@@H](C)CF,1.7231700420379639,1.7231700420379639,26.91447639465332
CCCCCOCCCSCCOCCCCO,1.7223172187805176,1.7223172187805176,26.066312789916992
CSNNSCCOCCCOC[C](C)CN,1.722251296043396,1.722251296043396,15.78707504272461
C=CCCCCOCCCCCCCOSCC=C,1.722010850906372,1.722010850906372,22.07062339782715
CC[C@@H](C)CCNOCCOCCONCCC(C)(C)C,1.7218440771102905,1.7218440771102905,59.28178787231445
CSOCCSCCCCCCNCS[C@@H](C)CF,1.721619725227356,1.721619725227356,35.06229019165039
CSCSCCNCCCCOCCCC(F)F,1.721510410308838,1.721510410308838,29.985721588134766
CSOCCSCSCCCNOCCC(F)F,1.7213765382766724,1.7213765382766724,25.748676300048828
CSSCCCSOCCCCCN[C@H]1COCO1,1.7212110757827759,1.7212110757827759,17.967288970947266
CCCCCOSCNOCSCCCSC,1.7210233211517334,1.7210233211517334,33.528831481933594
COCOC[C@@H](C)ONNNCSCSCC(C)(C)C,1.7209124565124512,1.7209124565124512,17.057117462158203
CSCCSCCOCCNCCOSC,1.7202091217041016,1.7202091217041016,40.76717758178711
CC[C@H](C)CCOCCCCONSCOCC(C)(C)C,1.7193660736083984,1.7193660736083984,21.92201805114746
CSSSCCSCNCSCCC[C](C)N,1.7190364599227905,1.7190364599227905,12.06398868560791
CSCCCSNCCCCCCCC(C)(C)C,1.7189714908599854,1.7189714908599854,9.227295875549316
CSCONSCCSCCSCCO[C@@H](C)N,1.7170674800872803,1.7170674800872803,23.100238800048828
C[C](CF)CCNOCOCNCCc1nnc(C)o1,1.7169281244277954,1.7169281244277954,16.53913688659668
CCCCSCCSCCSCCCCOC(C)(C)C,1.7165778875350952,1.7165778875350952,16.41343116760254
CSNCSCCSCCCCCO[C@@H](C)CN,1.7151942253112793,1.7151942253112793,8.786884307861328
CSNCCSCCCOCCNC[C@H](C)CF,1.713561773300171,1.713561773300171,59.38591384887695
CSOCSNOCCCOCCCC[C](C)N,1.7126562595367432,1.7126562595367432,57.606719970703125
CC[C](C)NCCCNCCCOCCSC,1.7119344472885132,1.7119344472885132,17.401931762695312
CSSCCCOCCCCCCN[C](C)CF,1.711883783340454,1.711883783340454,14.996021270751953
C=CC[C](C)SCOCCCCO[C@@H](C)N,1.7114869356155396,1.7114869356155396,38.00603485107422
C=C(C)[C](C)SNCSNCCOCSC,1.7113491296768188,1.7113491296768188,26.11181640625
C=CCSCCNOCSCCCCCNSC,1.711202621459961,1.711202621459961,15.643714904785156
C=CCOOCCSNCCCCS[C@@H](C)CC,1.7104350328445435,1.7104350328445435,15.644548416137695
C=CCNSCCSCCSCSCCCC(C)(C)C,1.7104030847549438,1.7104030847549438,16.965980529785156
CC[C@H](C)COCOCCSOCCNCC[C@H](C)CF,1.7101540565490723,1.7101540565490723,19.526960372924805
CC[C@@H](C)CCCCCCCSCOSC,1.7100228071212769,1.7100228071212769,10.016270637512207
C=CCSCNCCOCCCCCSC,1.7097768783569336,1.7097768783569336,40.328556060791016
CCCSCCNCNCCOCCC[C@H](C)CF,1.70941162109375,1.70941162109375,16.93401336669922
CSCCONNOCNCCC(C)(C)C,1.7088592052459717,1.7088592052459717,23.560518264770508
CCCCOCCCSCSCSCCCO,1.708850622177124,1.708850622177124,22.864124298095703
C=CCCCOCCSCSCCCNSC,1.7080836296081543,1.7080836296081543,21.188934326171875
C=CCOCOCCC[C@@](C)(O)NCOCSCCC,1.7078932523727417,1.7078932523727417,33.16134262084961
C=CCCCCOCCCCCCCC[C](C)[C](C)CF,1.7074658870697021,1.7074658870697021,18.471731185913086
C[C@H](CF)CCSNCCSCCSCSCC(F)F,1.7072792053222656,1.7072792053222656,33.71852111816406
CC[C](C)CCNCCOCCCCCCCC(C)(C)C,1.7072288990020752,1.7072288990020752,11.739612579345703
CC[C@H](C)CCCCCCCCOCCCNSC,1.7066172361373901,1.7066172361373901,4.939069747924805
CC[C@H](C)SOCSCCOCSCCNC(C)(C)CO,1.7061481475830078,1.7061481475830078,53.48619842529297
C=CCCCCCOCCCNCSCCCC=C,1.7056570053100586,1.7056570053100586,48.53601837158203
C=CCSCNNNOCCOCCCCCO,1.7055251598358154,1.7055251598358154,43.72544479370117
C=CCCCSCCNCCSCCNCSC,1.7055160999298096,1.7055160999298096,31.590049743652344
C[C](CF)OCOCNCCNSSNC(C)(C)C,1.7053470611572266,1.7053470611572266,33.500579833984375
C=CCCCNSCCCCCSCCC(C)(C)C,1.7052899599075317,1.7052899599075317,16.23346710205078
CC[C@H](C)CCSSCCNNCCOC[C@@H](C)CC,1.7046514749526978,1.7046514749526978,46.50436782836914
CSSCCSCCONCCCC[C](C)N,1.7034357786178589,1.7034357786178589,26.07335090637207
CC[C](C)CCSCOCCCCSCCCC(C)(C)O,1.7030889987945557,1.7030889987945557,13.075796127319336
CC(C)CSCCCCCCOCCCCO[C@@H](C)N,1.702614426612854,1.702614426612854,2.1349081993103027
CC[C@@H](C)CCSCSCNSCCSSSC,1.701965093612671,1.701965093612671,26.969087600708008
C[C](CN)CCNOCNSCCCS[C@H](C)CF,1.7011982202529907,1.7011982202529907,18.5543212890625
C=CCC[C](C)OCSCCSCCNS[C@H](C)CF,1.6994727849960327,1.6994727849960327,55.086753845214844
C[C@H](C[S@@](C)=O)NCOCOCCCCCC(F)F,1.6993008852005005,1.6993008852005005,26.1590518951416
CSNCOCCCOCCCN[C]1COCCO1,1.699026107788086,1.699026107788086,20.363065719604492
CCCCCCCNCNCCCCC(C)(C)C,1.6988275051116943,1.6988275051116943,13.47569751739502
CSCCSCSCSNCCCC[C@H](C)CF,1.6987217664718628,1.6987217664718628,20.80317497253418
CSOCCCNCCOSCOC(C)(C)C,1.6980746984481812,1.6980746984481812,38.62248229980469
C=CCOCNCNSNNCOCS[C@@H](C)CC,1.6973296403884888,1.6973296403884888,61.798065185546875
CC[C@H](C)CCSCCSCCCCCNC(C)(C)C,1.697270154953003,1.697270154953003,21.712764739990234
CCCCCCNNCNCOCCCC(C)(C)N,1.6959164142608643,1.6959164142608643,10.626096725463867
C=CCSNNCCCCCCC(C)(C)CO,1.6958216428756714,1.6958216428756714,20.361303329467773
CSCCSCNCOCSSCC[C@H](C)C[S@@](C)=O,1.6956965923309326,1.6956965923309326,30.685014724731445
CCCCCCSCCSCOCSCSCC(C)(C)C,1.6954617500305176,1.6954617500305176,52.440895080566406
C[C@H](CF)CCCCCCCSCCCCCCO,1.695122241973877,1.695122241973877,4.4762725830078125
C[C@@H](CN)NCCNCSCCSCCSN1CCOC1,1.6950221061706543,1.6950221061706543,21.51172637939453
CSCCSCCCCOCONCCCNSC,1.6944912672042847,1.6944912672042847,16.65701675415039
CC[C@H](C)CCNOCNSCCSOCCSC,1.694309949874878,1.694309949874878,17.943523406982422
CSOCCCCNCOOCC(C)(C)C,1.6942532062530518,1.6942532062530518,12.294921875
CSOCCNNCOCCCC[C](C)N,1.6938953399658203,1.6938952207565308,62.89154052734375
CSCCCOCCSNOCCOCCCC(C)C,1.6932857036590576,1.6932857036590576,11.419435501098633
CC[C@H](C)CCCCOCCCNSCNSC,1.6931495666503906,1.6931495666503906,20.33540916442871
CSCNCCSCCSCNCSSC,1.6926931142807007,1.6926931142807007,16.48552131652832
C[C](CCNCCCC=O)C[C@H](C)CC[C@@H](C)CF,1.6925116777420044,1.6925116777420044,2.7053821086883545
CC[C](C)CCCSCNCCNCSCN[C@@H](C)CC,1.692341685295105,1.692341685295105,31.028541564941406
CCCNOCOCCCCCCSNCCCO,1.6922955513000488,1.6922955513000488,15.444143295288086
CCCCCCNCOCSCSNCCC(F)F,1.692285180091858,1.692285180091858,19.808826446533203
CC[C](C)CCNCOCSSNSCSC,1.6922191381454468,1.6922191381454468,19.45792579650879
CSCSSCSCNCCCC(C)(C)C,1.6917582750320435,1.6917582750320435,28.161958694458008
CSNOCSSCNCCS[C](C)CF,1.6909059286117554,1.6909059286117554,4.0814642906188965
CC(C)(C)CSCOCCNCCSSCC[C@H]1COCO1,1.6908782720565796,1.6908782720565796,32.637088775634766
C=CCSCCCSCCOCCCOCC[C@H]1COCO1,1.6906646490097046,1.6906646490097046,53.943359375
C[C@@H](N)CCCOCCCCSSC(C)(C)C,1.690455436706543,1.690455436706543,48.795902252197266
c1cc(OCOCCOCSCOCC[C]2COCO2)co1,1.6893751621246338,1.6893751621246338,57.84511947631836
COCOCCNCNCCCCCSCCNSC,1.6893397569656372,1.6893397569656372,6.334853649139404
CC(C)(C)CCOCOCNSOCCN1CCOC1,1.6885347366333008,1.6885347366333008,34.755043029785156
C[C](CF)OCCCCCCSCSCCc1ccoc1,1.6884199380874634,1.6884199380874634,46.23108673095703
C=CCCNCCNCCOCCCCOCC(C)C,1.6879498958587646,1.6879498958587646,15.497422218322754
C[C@H](CF)CCNCCOCCOOCCCC(C)(C)C,1.6872769594192505,1.6872769594192505,62.475486755371094
CCCC[C@@H](C)NCCCOCCCCCSC,1.687124252319336,1.687124252319336,4.381268501281738
CC[C@](C)(C#N)CCOCCNCCCCC(C)(C)C,1.686963438987732,1.686963438987732,32.22075653076172
CC[C@@H](C)COCCCOSCOONCC(C)(C)C,1.6869540214538574,1.6869540214538574,28.82190704345703
C=CCOCOCSCCCOSCCSc1cccs1,1.6853691339492798,1.6853691339492798,21.62116050720215
C=CCCC(C)(C)CONNCCSCCCSC,1.6853331327438354,1.6853331327438354,9.955056190490723
C=CCOCSCSCCCNSCSC,1.6852421760559082,1.6852421760559082,37.77726745605469
C=CCOOCCCCCSCCc1nc(C)cs1,1.6848015785217285,1.6848015785217285,33.07672882080078
CC[C@@H](C)CCNCCCCCSCCOCNSC,1.6837388277053833,1.6837388277053833,21.826351165771484
CC[C](C)SCSSCCOCCSC,1.6832116842269897,1.6832116842269897,19.0363826751709
CSCCCCSCSN1CCO[C@H](C)C1,1.6804754734039307,1.6804754734039307,1.9228017330169678
C[C@H](CF)NSCSCCCNON1CC(F)C1,1.68035888671875,1.68035888671875,39.94569778442383
CSSCSCCOCCCSC[C](C)CS[C@@H](C)N,1.680187702178955,1.680187702178955,4.613961219787598
C[C@H](CF)CNNSCCSCOCNCC(F)F,1.6801871061325073,1.6801871061325073,40.24083709716797
CSSCNCSCNNC[C@@H](C)CN1CCOC1,1.6800628900527954,1.6800628900527954,12.464265823364258
C=CCCNNSSCCCCOCO[C](C)CF,1.680006742477417,1.680006742477417,31.449459075927734
C[C](CF)CCCOCNNCCCOCCC(C)(C)C,1.6798628568649292,1.6798628568649292,14.944755554199219
CC[C](C)SCCONNCCCSCSC,1.679766297340393,1.679766297340393,45.67036819458008
CC[C](C)CCSNCONSCS[C@@H](C)N,1.6796481609344482,1.6796481609344482,14.18869686126709
CC[C](C)OOCCSCSCCCSSC,1.679606318473816,1.679606318473816,53.07648849487305
CC[C](C#N)SCC[C@H](C)CCNCCO[C](C)CF,1.679537296295166,1.679537296295166,12.49462890625
C=CCSCCCSONOCCSC(C)(C)C,1.679508924484253,1.679508924484253,36.075645446777344
C=CCOCCOCCSC[C@](C)(O)CCCC=O,1.6789301633834839,1.6789301633834839,8.82372760772705
CC[C@@](C)(CCO)OCCNCON[C@@H](C)CN,1.6782844066619873,1.6782844066619873,3.588203191757202
CC[C](C)CCCCCCCCSCCSSSC,1.678017258644104,1.678017258644104,27.942319869995117
C[C](CF)CCSSC[C@@](C)(O)SCCC(F)(F)F,1.677945852279663,1.677945852279663,0.2962758541107178
C[C](CF)CNCCSCNCCSCCCC(C)(C)C,1.6779091358184814,1.6779091358184814,12.327272415161133
CC[C@H](C)[C@H](C)CCCCOCSCONCC[C@@H](C)N,1.6771727800369263,1.6771727800369263,25.675506591796875
CC[C@H](C)CCSCCCCOCSCCS[C@@H](C)CC,1.6771248579025269,1.6771248579025269,36.651397705078125
CC[C@H](C)SCCOCCOSSCOSC,1.6759288311004639,1.6759288311004639,24.593626022338867
CC(C)CCCSCCN1CCN(C)C(C)(C)C1,1.6758596897125244,1.6758596897125244,0.5702844262123108
CSCCCCSSCSCOCC[C@@H](C)N,1.6756281852722168,1.6756281852722168,13.23849105834961
CC[C@@H](SCCOCCONNC[C](C)N)[C@H]1COCO1,1.6743278503417969,1.6743278503417969,21.561594009399414
C=CCCCOC(=O)COCCCSCC[C]1COCO1,1.6732611656188965,1.6732611656188965,51.931026458740234
CSNCCNCCCSCSC(C)(C)CO,1.6726799011230469,1.6726799011230469,21.295944213867188
CSCNC(=O)[C](CO)CSCCSCCCC(C)C,1.672660231590271,1.672660231590271,6.598315238952637
C=CCCCSCSCSCSCCC=C,1.672442078590393,1.672442078590393,30.669939041137695
FC(F)CCCNCSCCCCSCSCC(F)F,1.6717244386672974,1.6717244386672974,43.881832122802734
CC[C@H](C)CCSOCNCNCCCOC(C)(C)C,1.6716398000717163,1.6716398000717163,30.426782608032227
C=CCCCNCSCCc1ccc(C#N)s1,1.6714980602264404,1.6714980602264404,17.032489776611328
CSNCOCCCCNCCNCOSC,1.6708462238311768,1.6708462238311768,10.397111892700195
C[C@H](CF)CCOCSOCCOCOC[C](O)CO,1.6705232858657837,1.6705232858657837,28.165754318237305
CC(C)(C)NCCSSCCCCOCCN1CCOC1,1.6704522371292114,1.6704522371292114,14.762514114379883
CCC[C@@H](C)CNNOCSSCSCC(C)(C)C,1.6704484224319458,1.6704484224319458,33.61308670043945
CSOCCNCCCSCCC[C](C)CC(C)(C)O,1.6700652837753296,1.6700652837753296,14.662346839904785
CSOCNSCCCOCC[C@H](C)CF,1.6699645519256592,1.6699645519256592,58.43824005126953
C=CCSCCNCSCCSNCCC[C@H](C)CC,1.6694848537445068,1.6694848537445068,50.44966125488281
CC[C@H](C)NCSCCCCNSCCCSC,1.669450044631958,1.669450044631958,4.773650646209717
FC(F)CCCOCOSNSCCCc1ccoc1,1.6690956354141235,1.6690956354141235,17.151185989379883
C=CCCOCCCSCCCCCCCC(C)(C)N,1.6689178943634033,1.6689178943634033,7.490009784698486
C=CCCCCCCSCNCCSS[C@@H](C)CN,1.6689099073410034,1.6689099073410034,26.30718994140625
C=CCCCCSCNCSSCC(F)F,1.6683465242385864,1.6683465242385864,29.834230422973633
CC[C@H](N)CSOCCCSCCCCCOCSC,1.6674089431762695,1.6674089431762695,20.003036499023438
C=CCNCCSOCCCCCCCOCC(F)F,1.6666635274887085,1.6666635274887085,28.91823387145996
C[C](CCCCCCOCCCCCCO)C[C@@H](C)O,1.6661732196807861,1.6661732196807861,2.445590019226074
C=CCSCNSCCCCSCCCCC(F)F,1.6659777164459229,1.6659777164459229,6.741068363189697
C=CCCSCCNOOCCCCS[C](C)CN,1.6649832725524902,1.6649832725524902,27.1487979888916
CSCCNCCNCCCCC[C@@H](C)CF,1.6643861532211304,1.6643861532211304,11.9219331741333
CC(C)(C)CCNSNSCCCC(C)(C)CO,1.6631901264190674,1.6631901264190674,13.886648178100586
C=CCCCCCCNOCNCCCNSC,1.6630280017852783,1.6630280017852783,7.044412136077881
CC[C](C)OCCOCCCSCSCCC[C@H]1COCO1,1.6624042987823486,1.6624042987823486,28.149559020996094
CC[C](C)NCOCSOSSOCC(C)(C)C,1.661641001701355,1.661641001701355,17.433635711669922
C=CCCSCOCOCOCC=C,1.661056399345398,1.661056399345398,39.953521728515625
C[C@H](CF)OCCSCCSCCCCCCC(C)(C)C,1.660988688468933,1.660988688468933,25.325679779052734
CCCCCSCCOCONCSSSC,1.6607892513275146,1.6607892513275146,18.48562240600586
C=C(C)[C@@H](C)CCOCCCCCSCCCC[C](C)N,1.6603503227233887,1.6603503227233887,22.087093353271484
CC[C](C)CCSCCNOSCNCCC(C)(C)CO,1.6599369049072266,1.6599369049072266,12.051321983337402
OCCCCCSOCOCSNCCCC(F)F,1.6593812704086304,1.6593812704086304,51.33917236328125
C[C@H](CF)CCOCNSNCCSCCC(F)F,1.6587955951690674,1.6587955951690674,37.357215881347656
CC[C@H](C)NCNCNCSCOCCSC,1.6582964658737183,1.6582964658737183,34.33305358886719
CCCSCCNC(=O)SCOCNOCCCO,1.6577521562576294,1.6577521562576294,30.732973098754883
C[C@@H](N)SCNCCCCOCNSC(C)(C)C,1.6575496196746826,1.6575496196746826,13.77502155303955
CC[C@H](C)CC[C](C)OCCCC[C@@H](C)C1CC1,1.657301425933838,1.657301425933838,1.00005304813385
CC[C@H](C)CCCSCCNSCNS[C@@H](C)CC,1.656537652015686,1.656537652015686,28.481796264648438
C=CCCCOCCCCCCSOCSSC,1.6558259725570679,1.6558259725570679,18.196033477783203
CSOOCCCCCCCSCC[C@H](C)CF,1.6557549238204956,1.6557549238204956,32.50851058959961
CC[C](C)OSCCSOCCSCCCC(C)(C)O,1.6551755666732788,1.6551755666732788,7.753715515136719
CSCCNCCCCOSCSSCC(C)(C)C,1.6543121337890625,1.6543121337890625,35.85860061645508
C=CCCNCOCCOO[C](CO)CCOSC,1.6535202264785767,1.6535202264785767,28.267635345458984
C[C@@H](CCCC[C@H]1COCO1)CCSCOCOCC(F)F,1.6529425382614136,1.6529425382614136,24.930967330932617
CSCCCCSCOSNSCCC(C)(C)C,1.6523616313934326,1.6523616313934326,21.978628158569336
CSCC[C@@H](C)CCOCSCOCCCCC(C)(C)O,1.65201997756958,1.65201997756958,27.15508460998535
CSSSCOSCCOCOC(C)(C)C,1.651894450187683,1.651894450187683,20.99262237548828
CC[C@H](C)SCCSNCCOCCCSC,1.65169095993042,1.65169095993042,31.835254669189453
CCCCCCCCOCCCCSCCC(F)F,1.6511714458465576,1.6511714458465576,11.91784381866455
CC[C@H](C)COCCNNSCCCCCCSC,1.6510521173477173,1.6510521173477173,14.390398025512695
CSCCSCCOCSNCc1nccs1,1.6507395505905151,1.6507395505905151,11.284460067749023
c1cc(CCNNSNCOC[C@H]2COCO2)co1,1.6500440835952759,1.6500440835952759,19.39781379699707
C=CCSCCNCCSCOCC[C@H]1C[C@](N)C1,1.6498606204986572,1.6498606204986572,54.483314514160156
C=CCCCCCCCONOCCNCCC,1.6494576930999756,1.6494576930999756,7.99709939956665
CC[C@H](C)CCSOOCCCNCO[C@@H](C)CF,1.6494395732879639,1.6494395732879639,24.624923706054688
C[C@H](CF)CCONCCNSCNSC(C)(C)C,1.6489243507385254,1.6489243507385254,13.215971946716309
C[C@@H](N)SCCCSOCCCOCCCC(F)F,1.6485481262207031,1.6485481262207031,18.868772506713867
CCCONCNSCCOCCCSO[C@H]1COCO1,1.6482818126678467,1.6482818126678467,9.541622161865234
CC[C](C)NC(=O)COCCCSCON1CCOC1,1.6481280326843262,1.6481280326843262,21.81126594543457
C=CCCSNCCNNCCO[C](C)CC,1.6478825807571411,1.6478825807571411,42.3126106262207
COCONCCCCNCSNNN[C@@H](C)CN,1.6474236249923706,1.6474236249923706,4.472821235656738
CSOCCNCSOCCNCSSC,1.6468311548233032,1.6468311548233032,21.464834213256836
CSSCCSCSNSNCCCC[C@H]1COCO1,1.6463481187820435,1.6463481187820435,34.2070198059082
CCC[C@@H](C)CCOCCNCCSOCC[C@@H](C)CC,1.6461169719696045,1.6461169719696045,22.637941360473633
C[C@H](CF)SSOCSCNCNCCC(C)(C)C,1.6456407308578491,1.6456407308578491,27.825883865356445
CC[C@H](C)CCOCCNCCCSNCOC(C)(C)C,1.6453756093978882,1.6453756093978882,15.900218963623047
CSCCNCCSNSCCCCCC(C)(C)C,1.6450738906860352,1.6450740098953247,15.389058113098145
CC[C@H](C)CCCCCSCNCNOCC[C@@H](C)CC,1.6448947191238403,1.6448947191238403,17.320655822753906
CSCCONCCOSSCCC[C@@H](C)CF,1.6441690921783447,1.6441690921783447,16.05409049987793
CC[C@H](C)CCNCNNCCCCCCN1CCOC1,1.6441636085510254,1.6441636085510254,10.18687915802002
CSNCCCOC[C@H](C)CNCCCC(C)(C)C,1.6439244747161865,1.6439244747161865,46.16697692871094
CSOCCCCOCCCNC(C)(C)C,1.6434059143066406,1.6434059143066406,33.797607421875
CCCOCCOCSOCCCOOSC,1.6425960063934326,1.6425960063934326,13.92233657836914
C[C@H](CF)OCNCNCNCCOCCC(C)(C)C,1.64251708984375,1.64251708984375,26.196252822875977
C=CCCCOCCNNOCCCCC,1.6421771049499512,1.6421771049499512,36.3744010925293
C[C](CF)CCCCCNCCNCOCCCC(F)F,1.6419508457183838,1.6419507265090942,9.172844886779785
C=CCCCCSCCCCCCNCCSC,1.6408756971359253,1.6408756971359253,15.425025939941406
CC(C)(C)CCOCCOCSCCCCOc1ccoc1,1.6402101516723633,1.6402101516723633,48.889644622802734
C=C(C)[C@@H](C)CCNCCSCCOCCN[C@@H](C)CC,1.6396236419677734,1.6396236419677734,18.367158889770508
CCCCCCC[C@@H](C)NCSNCCCSC,1.6395994424819946,1.639599323272705,6.297165870666504
C[C@H](CF)CCCCCCCNCSCCCC(C)(C)C,1.6380785703659058,1.6380785703659058,29.615047454833984
C=C(C)[C](C)CNCCSNCCCSCCSC,1.6371558904647827,1.6371558904647827,23.070968627929688
C(CC[C@H]1COCO1)CNCSCCCSCN1CCOC1,1.6369303464889526,1.6369303464889526,14.70267105102539
CCCOCNCCOCCNCNCCOC1CSC1,1.6362895965576172,1.6362895965576172,14.149399757385254
C[C](N)CCNCCSOCCNCCCC(F)F,1.6359903812408447,1.6359903812408447,16.770231246948242
CSCCSCCCCSCOC(=O)NCSC,1.6356810331344604,1.6356810331344604,22.365222930908203
CSCNCCCNSCCCSCC[C@@H](C)N,1.6355345249176025,1.6355345249176025,18.969152450561523
CSNOSOCOCCCSCCN1CCOC1,1.6354026794433594,1.6354026794433594,20.370450973510742
C=CCCSCSSCSCOCCCCO,1.6353321075439453,1.6353321075439453,61.327571868896484
CCCCNCCOCCNCCCCSC,1.6344915628433228,1.6344915628433228,11.009629249572754
C=CCSNSCSCCNCSCCCCC,1.6344072818756104,1.6344072818756104,27.260000228881836
OCCCSCCCCCCCOCCc1cccs1,1.634305477142334,1.634305477142334,20.34703826904297
CSOCSNSCSCCC(C)(C)C,1.6340047121047974,1.6340047121047974,18.588890075683594
C=CCSSCCCCCCSCCCSN1CCOC1,1.633284330368042,1.633284330368042,18.33855438232422
CSCCC[C@H](C)CNCCOCNCONC=O,1.6328716278076172,1.6328716278076172,19.21666717529297
CSCCSOCCCC[C@@H](C)CSCCCC(C)(C)C,1.6328153610229492,1.6328153610229492,22.125368118286133
C[C](N)CCCSNCCCCC[C@@H](C)N,1.6325435638427734,1.6325435638427734,7.918197154998779
C=CCNNSCONCOOC(C)(C)C,1.6323702335357666,1.6323703527450562,9.177375793457031
C=CCNCNSCOCONCCCN[C](C)CC,1.632163405418396,1.632163405418396,8.691681861877441
CCCCCCSCCOCCCCOCCC(C)(C)C,1.6321003437042236,1.6321003437042236,11.635770797729492
CCCCNNCCNCCCCCCSN1CCOC1,1.6315256357192993,1.6315256357192993,11.270124435424805
CSOCCOCSCCCO[C@@H](C)N,1.6314105987548828,1.6314105987548828,13.432765007019043
CSOCCCNCCOCCCCCS[C@@H](C)N,1.6309865713119507,1.6309865713119507,8.478673934936523
CSCCOCNSCCCCCCCO,1.630357027053833,1.630357027053833,5.899905681610107
CCCCCCCCOCCCNCCOCCSC,1.629568338394165,1.629568338394165,59.408447265625
CSSCCCNCCCOOCC[C](C)CF,1.6289513111114502,1.6289513111114502,18.304927825927734
Cc1cc(CCCCCCCCSCN2CCOC2)no1,1.6285291910171509,1.6285291910171509,26.021318435668945
C[C@H](CF)COCCOCSNCNCCCO,1.6284055709838867,1.6284055709838867,4.661128044128418
C=CC[C@@H](CO)COCNSCCSCSSC,1.6283190250396729,1.6283190250396729,3.739807605743408
C=CCCCSCCCCOOOCCOCC=C,1.6278023719787598,1.6278023719787598,23.144880294799805
CCCSCCOCCCSCCCSC,1.6276469230651855,1.6276469230651855,16.170446395874023
CSCNCCCCCSCCOCCOc1cccs1,1.6275558471679688,1.6275558471679688,12.24356746673584
C[C@@H](N)SCCSCSCCSNCCCC(C)(C)C,1.6269822120666504,1.6269822120666504,27.560527801513672
C=C(C)[C@@H](C)OCNNCCCCCCCC(F)F,1.6269289255142212,1.6269289255142212,20.015838623046875
C=CCCCO[C@H](C)CCCCCCONCCSC,1.6269125938415527,1.6269125938415527,11.843759536743164
C=CCCCCCCCNSCCCCS[C](C)CC,1.6261085271835327,1.6261085271835327,10.607242584228516
C=C(C)[C@H](C)CCOCSCSOCNCC[C@H]1COCO1,1.625693440437317,1.625693440437317,53.328704833984375
CC(C)(C)COCCOCNSCCOCCN1CCOC1,1.6256039142608643,1.6256039142608643,54.340087890625
C=CCSCCCNCCSOCC(F)F,1.6254633665084839,1.6254633665084839,12.16116714477539
CC[C@H](C)CNNCCNCSSCOCCCO,1.6253979206085205,1.6253979206085205,19.304903030395508
CC[C@@H](C)CCNCCCOCCOCSN[C@@H](C)CC,1.6252925395965576,1.6252925395965576,38.268104553222656
OCCCOCCCCCCSCSC[C](O)CO,1.6251716613769531,1.6251716613769531,7.434874534606934
C=C(C)[C@H](C)CCCNCSNNCSSC,1.6251444816589355,1.6251444816589355,38.538822174072266
C=C(C)[C@H](C)CCCCCCSNCSNSC,1.6248763799667358,1.6248763799667358,12.40304183959961
CC[C@H](C)CCCCCSCCSCOCCCC(F)F,1.6243927478790283,1.6243927478790283,42.9223747253418
C[C@@H](N)OCCSCCCCSOCCCCCO,1.6241310834884644,1.6241309642791748,5.486008167266846
C=CCSCCSCSSCCCCCSC,1.624005675315857,1.624005675315857,32.31369400024414
CSCSNCCCOCNNNC(C)(C)CO,1.623868465423584,1.623868465423584,15.051376342773438
CCCCCSCONSCCN[C](C)CCCCC,1.622606635093689,1.622606635093689,13.08960247039795
C=CCCCNCCSCCCCCNCC(C)(C)C,1.6219265460968018,1.6219265460968018,30.90646743774414
CCCCCCCNCCNCCCC(=O)N1CCOC1,1.6216729879379272,1.6216729879379272,13.95304012298584
CSCCCCCCOCSSC(C)(C)C,1.621389389038086,1.621389389038086,28.299213409423828
CSCCCOSOCNCOCC(F)F,1.6206326484680176,1.6206326484680176,20.523208618164062
CSCNCCSCSSCSCCCCO,1.6202967166900635,1.6202967166900635,54.532440185546875
CC(C)(O)COCCOCCCOSCCOCC=O,1.6199697256088257,1.6199697256088257,11.516300201416016
CSSCSCCOCNCCC[C](O)CO,1.6192958354949951,1.6192958354949951,23.10698890686035
CSCOCCOCCOOCSC,1.619278907775879,1.619278907775879,32.695308685302734
C[C](N)SCCNONCCOCCCCC(C)(C)O,1.6179630756378174,1.6179630756378174,28.820341110229492
C=CCCSOCCOCCCONSC,1.6178677082061768,1.6178677082061768,17.042926788330078
CC[C@H](C)SCCSNNCCNCC[C@H](C)CF,1.6177682876586914,1.6177682876586914,14.894362449645996
CSSCOSCOCSC[C@H](C)CF,1.6174602508544922,1.6174602508544922,34.41876220703125
CSSCCCSCCCCCSCC(F)F,1.616776704788208,1.616776704788208,14.934494018554688
OCCCOCCCCCNSCCSCC[C]1COCO1,1.6164175271987915,1.6164175271987915,26.062236785888672
C=CCSNOCCCCN[C@H](C)COCCSC,1.6162279844284058,1.6162279844284058,12.920438766479492
C=CCCCOCCNCCCCCSC,1.6161198616027832,1.6161198616027832,18.974849700927734
CC[C@H](C)CCCCCOSCSCSCC[C]1COCO1,1.6150621175765991,1.6150621175765991,14.423436164855957
C=CCSCCOCCCCCCSNNSC,1.614942193031311,1.6149420738220215,24.49170684814453
C=C(C)[C@H](C)NOCCONS[C@H](CO)COCSC,1.6145395040512085,1.6145395040512085,22.565244674682617
CC[C](C)CCOOSCCCCCSCC[C@H](C)CC,1.6141316890716553,1.6141316890716553,14.812312126159668
CC[C](C)CCCCNNCNCOCCOCCCO,1.6135947704315186,1.6135947704315186,12.993325233459473
C=CCOSOCONCSCCCCCCO,1.6127650737762451,1.6127650737762451,39.11659240722656
CSCCSCCSCNCCOSC,1.612507700920105,1.612507700920105,24.640743255615234
CC(C)(C)CCCNSOCCSCCCO,1.6122699975967407,1.6122699975967407,22.186410903930664
C=CCCCSCSCOCCCSC,1.6121865510940552,1.6121866703033447,40.69478225708008
C=CCCCCOCCOCCCCNCCC(C)(C)C,1.611190676689148,1.611190676689148,36.05228805541992
CSCSNNOCNOCC[C@@H](C)C[C@@H](C)[C@@H](C)N,1.6101305484771729,1.6101305484771729,13.870170593261719
C=CCCCOCCNOCCSNSC,1.609954595565796,1.6099544763565063,55.87166976928711
CC[C@H](C)CCCCCCCCCNCSCSSC,1.6097151041030884,1.6097151041030884,6.341662883758545
CC[C@H](C)CCCCCCCNNCCN[C@@H](C)N,1.6092731952667236,1.6092731952667236,11.241312980651855
C=CCOCOCOCCCNC(=O)CCSC,1.6084684133529663,1.6084684133529663,8.9810209274292
C[C@@H](N)CCCOCCOCNSCO[C@H](CO)[C@@H](C)N,1.6084084510803223,1.6084084510803223,13.57165813446045
C=CCCCOC[C@@H](CO)SCSCCNCCCO,1.6068291664123535,1.6068291664123535,23.812725067138672
CC[C](C)SCNCOSCCCOC(=O)[C@H](C)CF,1.6064329147338867,1.6064329147338867,31.310218811035156
CSOCC[C@@H](C)CCNCSNNCCC(F)F,1.6059350967407227,1.6059350967407227,13.710639953613281
CSCCSNCCCCSCCCCCCC(C)C,1.6057459115982056,1.6057459115982056,8.348786354064941
OCCCCSCCCCSCCCCCC[C]1COCO1,1.6053128242492676,1.6053128242492676,16.031421661376953
CSNCNSCCCONCN1CCOC1,1.6040120124816895,1.6040120124816895,27.519882202148438
CC[C@@H](C)CCCSCCSCCSCCSCOSC,1.6039975881576538,1.6039975881576538,38.89865493774414
C[C@@H](CN)SSSCCCCOCCCOC(C)(C)C,1.6023517847061157,1.6023517847061157,18.696805953979492
C[C](CCCSSCC[C]1COCO1)NNNCCCO,1.6018598079681396,1.6018598079681396,8.685139656066895
CC[C](C)CCSCCCCCCCSCCCCCO,1.60178542137146,1.6017855405807495,19.21599578857422
CCCCCCCONCSCOCC=O,1.6005908250808716,1.6005908250808716,10.52971363067627
CC(C)(C)CCONSCONCCCCCC(F)F,1.5998197793960571,1.5998197793960571,25.907243728637695
CSCCCCOCCNCCNCCSOSC,1.5994282960891724,1.5994282960891724,5.95689582824707
C[C@H](CF)SCCCSCCOOSCCc1ccoc1,1.5992251634597778,1.5992251634597778,33.6578254699707
C=CCCCCCCSCCNSCSC[C](C)C(=C)C,1.5992213487625122,1.5992213487625122,10.24000358581543
CC(C)(C)CCNNNCSCSCc1nc(Cl)cs1,1.5992133617401123,1.5992133617401123,45.54290771484375
C=CCCCCSCCCOSCCSSC,1.5982604026794434,1.5982604026794434,5.068559646606445
CCCNCNCNCSCSSCC[C@@H](C)CC,1.5979924201965332,1.5979924201965332,13.068674087524414
C=CCSSCCCCSCSCCN[C@@H](C)N,1.59798002243042,1.59798002243042,20.88592529296875
C=CCCNCCOCCOCCONCN[C@@H](C)CF,1.5977187156677246,1.5977187156677246,18.179609298706055
C[C](CN)CNCCCCCNCCS[C@@H](C)N,1.5974572896957397,1.5974574089050293,10.132514953613281
C=CCCOCCCCNCN[C@@H](C)CC,1.5968623161315918,1.5968623161315918,60.33628463745117
C=CCCCSCCCCSCCNCCCCC,1.596663236618042,1.596663236618042,12.863469123840332
C=CCOCCCCCNCCSCSS[C@@H](C)CC,1.5965828895568848,1.5965828895568848,13.373401641845703
C=CCSCCCSCCCCCOCCCCCO,1.5956515073776245,1.5956515073776245,25.458377838134766
CSCCCCSCCCNOCCCSC,1.5954517126083374,1.5954517126083374,43.694236755371094
C[C](CF)CCCNNCOCCc1cn(C)cn1,1.5948632955551147,1.5948632955551147,15.526568412780762
C=CCCCSCCSCCOCCSCCSCC=C,1.5947905778884888,1.5947905778884888,10.195054054260254
CC(NCCOCCOCCONC=O)C(=O)O,1.5940120220184326,1.5940120220184326,14.981050491333008
C=CCSCCOONSCCSCC=C,1.593799352645874,1.593799352645874,51.843563079833984
CSCCCCCCCCSCSCCNC=O,1.592986822128296,1.592986822128296,13.34284782409668
CC[C](N)CCCCSNCOCCOC[C@@](C)(O)SC,1.592613697052002,1.592613697052002,13.346288681030273
CSCSCCSCCCSC(C)(C)C,1.5922209024429321,1.5922209024429321,19.817672729492188
CCCCCOCOC(=O)CSSCCS[C@H](C)CF,1.592149019241333,1.592149019241333,7.230466842651367
CCCCCCCOCCSCOCCCOCCCO,1.5912249088287354,1.5912249088287354,39.64562225341797
CSCCCOOCCSCCNCNC(C)(C)C,1.590951919555664,1.590951919555664,22.249868392944336
C=CCCO[C](C)CNSCSCCCNOCC=C,1.5909191370010376,1.5909192562103271,20.734994888305664
C[C](CF)SCSNSSCCCNC(C)(C)C,1.5880085229873657,1.5880085229873657,34.42831039428711
CSN[C@@H](CO)CCONCCCSCCN1CCOC1,1.5878742933273315,1.5878742933273315,5.025364875793457
CSONCCCSCCSSCCCCc1ccoc1,1.5877655744552612,1.5877655744552612,23.97052764892578
CCCCCSCNCCOCCN[C@H](C)[C](C#N)CC,1.5877540111541748,1.5877540111541748,15.342288970947266
CC(C)(C)CNCCCCNOCOCCS[C@H]1COCO1,1.5872143507003784,1.5872143507003784,15.001165390014648
CC[C@H](C)OCCCCCSCCCCSC[C@H](C)CF,1.5867397785186768,1.5867397785186768,28.011615753173828
C=CCCCSSOCSCNCCC=C,1.5863419771194458,1.5863419771194458,21.86263084411621
C=CCNNCCNNCSCSCC=C,1.5863089561462402,1.5863089561462402,28.24403190612793
C=CCCCCOCNOOCCCOCC=O,1.5857417583465576,1.5857417583465576,8.014891624450684
C=C(C)[C@@H](C)CSCCCCCSCCCCNCSC,1.5841610431671143,1.5841610431671143,27.71103286743164
CC[C@H](C)CSNNCCCSCCCCC[C](C)CF,1.5841354131698608,1.5841354131698608,32.74515151977539
C=C(C)[C@@H](C)C[C](O)CCCCCCNCCOCSC,1.583913803100586,1.583913803100586,21.080486297607422
C=CCCSCCCNCCNCCCSCC=C,1.5816922187805176,1.5816922187805176,15.709149360656738
CC[C@H](C)OCCSCSCCCSC,1.581609845161438,1.5816099643707275,35.78078842163086
CC[C@H](C)OCCSOCCCOCCCSCC(F)F,1.581060528755188,1.5810606479644775,48.573768615722656
CCCSSNCCOCCNCNOC[C](C)CC,1.5799659490585327,1.5799659490585327,21.447832107543945
CCCOOCCCSCCSCCCCCCO,1.5798784494400024,1.5798784494400024,23.508136749267578
CC[C](C)NCOCCNCCCCSCC1(C)OCCO1,1.5789291858673096,1.5789291858673096,26.806697845458984
CC[C](C)COCCCCCOCCCSCC[C@@H](C)CC,1.577601432800293,1.577601432800293,17.818378448486328
C=CCCCCCNCCOCNCCCCC(C)(C)O,1.5775830745697021,1.5775830745697021,58.15938949584961
C=CCCSCCCCCCSSCCS[C@@H](C)CC,1.57740318775177,1.57740318775177,29.491724014282227
CSOCCSOCNNOC[C@H](C)CF,1.5772080421447754,1.5772080421447754,10.306015014648438
C=CCCCCCNCOCCCSC,1.5766866207122803,1.5766866207122803,31.98044776916504
CSCSCCCCNSCSCC(F)F,1.5756505727767944,1.5756505727767944,15.619120597839355
CC(C)(C)CCOCCNCNCNCCOCC(F)F,1.5755482912063599,1.5755482912063599,10.441621780395508
C=CC[C@@H](C)CCNNSCCCSCCNSC,1.5748863220214844,1.5748863220214844,10.267550468444824
CC[C@H](C)OCCCCNCNCCSNC(C)(C)C,1.5747007131576538,1.5747007131576538,22.80360984802246
C=CCCCSCOCCCOCOCS(=O)(=O)CC,1.5746104717254639,1.5746104717254639,19.452442169189453
C[C](CF)COCNNCCSONCCC(C)(C)CO,1.5738139152526855,1.5738139152526855,20.653953552246094
CC[C@H](C)CNNCCCOSCSCCC(F)F,1.5737130641937256,1.5737130641937256,27.230093002319336
CSSCSCCSNS[C@H](CO)[C](C)CN,1.5734879970550537,1.5734879970550537,6.162704944610596
CSCCCCOCSSCNCSC,1.5710055828094482,1.5710055828094482,35.26790237426758
C[C](N)C(=O)SCSCSCCCCNC[C@@H](C)CN,1.5705674886703491,1.5705674886703491,5.114701271057129
CCCCCSCSCNOCON1CC[C](N)C1,1.5699622631072998,1.5699622631072998,23.92011833190918
CSSCCC[C](CO)CCSNCCSSC,1.5688366889953613,1.5688366889953613,9.73952579498291
CC[C@H](C)NCSOCSCCCSC,1.5680943727493286,1.5680943727493286,38.90801239013672
CC[C](C)SNCNCNCCSCO[C@@H](C)CC,1.5679535865783691,1.5679535865783691,16.365602493286133
C=CCO[C@H](C)CC[C@@H](CO)CC(=C)C,1.5674312114715576,1.5674312114715576,0.670254647731781
C[C](CF)SNSCCCNNCS[C]1COCCO1,1.5666661262512207,1.5666661262512207,13.117231369018555
C=CCCOCONCSCCSC,1.5662277936935425,1.5662277936935425,39.208526611328125
CC(C)(C)CCCCSNCOCCSCCC(F)(F)Br,1.5660266876220703,1.5660266876220703,15.43710994720459
CC[C](C)CCCCOCSCCCOSOCCCO,1.5622403621673584,1.5622403621673584,23.72882652282715
CSSOCSCCCSCCCCCCO,1.5622328519821167,1.5622328519821167,7.093267917633057
CSCCCCCCCNCCNCCCSC,1.5617401599884033,1.5617401599884033,13.691445350646973
C[C@@H](CN)CCCNNCCCOOCSC(C)(C)C,1.5613480806350708,1.5613480806350708,9.965563774108887
C[C@@H](N)CCNCCCNOCSNCCCO,1.5603384971618652,1.5603384971618652,10.506488800048828
CSCSSCNCCSCCCCCC[C@@H](C)O,1.5594384670257568,1.5594384670257568,26.00724983215332
CSCNCCCCOCCNONCCNC=O,1.5587763786315918,1.5587763786315918,5.771639823913574
CC[C](C)NOCCN[C@H](C)CCNCCCCCO,1.5582772493362427,1.5582772493362427,7.505867004394531
C[C@@H](CN)CCCCCCCCSCCSNC=O,1.557818055152893,1.557818055152893,13.237116813659668
C=CCCCNCSSNCCCCCCC,1.556435465812683,1.556435465812683,6.237860679626465
C=CCNNCCCOCCCSCCCCC(F)F,1.555841088294983,1.555841088294983,20.455228805541992
C[C@@H](N)SSCCCCCNNNCS[C]1COCO1,1.5556889772415161,1.5556890964508057,10.095964431762695
CC[C](C)CCCNSNCCOCNSCC(C)(C)C,1.554991602897644,1.554991602897644,25.096298217773438
CSCCCCSCCOCC[C@@H](C)N,1.5549415349960327,1.5549415349960327,21.9531192779541
CCCNSNCCCCCO[C](C)CF,1.5547741651535034,1.5547741651535034,28.479291915893555
C=CCNOCCCC[C@H](CC)CCO,1.5522162914276123,1.5522162914276123,6.369043350219727
C=C(C)CCCCCSNSSCCCCCSC,1.5509345531463623,1.5509345531463623,6.128938674926758
C=CCONOCCCSCCCNCCOC(C)(C)C,1.5500174760818481,1.5500174760818481,9.095608711242676
CC[C@H](C)CCCOCCCCSCCOc1nnc(C)o1,1.5489509105682373,1.5489509105682373,22.115982055664062
C=C(C)[C@H](C)CCCSOCCCOC[C]1CC(C)=NO1,1.548134207725525,1.548134207725525,3.024183511734009
CSNCOOCCCOOCCCCC(F)F,1.5467630624771118,1.5467630624771118,29.24921417236328
CCC[C](C)NCCCNSOSCOC[C@@H](C)CC,1.5464165210723877,1.5464165210723877,27.2401065826416
CCCSCCOCCCSCCOCCOCC(C)(C)O,1.5457957983016968,1.5457957983016968,57.44554138183594
CSCCOCCOCCO[C@@H](C)N,1.5453336238861084,1.5453336238861084,17.59199333190918
CS[C@H](O)CCCCNCC(C)(C)Cc1cnoc1,1.5451658964157104,1.5451658964157104,2.077205181121826
C[C](N)SCCSCSCCCNSCNC=O,1.545059323310852,1.545059323310852,11.205910682678223
C=CCNOCSCNCCCCCCCCCCCO,1.544909954071045,1.544909954071045,8.185818672180176
CSCCSCCSSSSCCS[C@H](C)CF,1.544905424118042,1.544905424118042,32.18327331542969
CC(C)(C)NCCSCSCCNCNNC(C)(C)C,1.544832706451416,1.544832706451416,23.041400909423828
CC[C@H](C)CCNSCCCNCCSSC,1.544293999671936,1.5442941188812256,50.07455062866211
CCCCCCSCNCCCONCCC[C@@H](C)CC,1.5434975624084473,1.5434974431991577,11.708720207214355
CSONNCCNCOCO[C@H]1COC(=O)O1,1.5429890155792236,1.5429890155792236,5.65642786026001
C=CCCCNCNCCNCNC[C@H](C)CC=C,1.5429350137710571,1.5429350137710571,10.067449569702148
CC(C)(C)CCCCCCCOOCOCS[C@H]1COCO1,1.5422950983047485,1.5422950983047485,32.062252044677734
CSCCCCOCNNS[C@H]1COCO1,1.5415632724761963,1.5415632724761963,14.511932373046875
CSNCCCCNNCCCSSCCN1CCOC1,1.5414695739746094,1.5414695739746094,12.034168243408203
CSCOCOCCCCCCCCCCCC[C@H](C)CF,1.540047526359558,1.540047526359558,15.396442413330078
OCCCSCCNCSCSCCCCSCC(F)F,1.5377230644226074,1.5377230644226074,50.58677673339844
CC[C](C)CCCCCC[C@@H](N)CC,1.536203145980835,1.536203145980835,55.60867691040039
CCCCCCCSCCCCNSCCCO,1.5361454486846924,1.5361454486846924,26.731863021850586
CSCS[C](CO)CCCCC[C@H](CO)CC[C](C)C#N,1.5360249280929565,1.5360249280929565,2.7718558311462402
CC[C@](C)(C#N)CSNCCCCCCSC(=O)SC,1.5358681678771973,1.5358681678771973,6.4062299728393555
C=CCCCCCOCCCCNNNSCSC,1.535199761390686,1.535199761390686,6.737775802612305
CSCCCCSCCCONCSC,1.534174919128418,1.534174919128418,11.448460578918457
C=CCCCCCCCCSOCCCS[C@@H](C)C#N,1.5341465473175049,1.5341464281082153,2.4647748470306396
C=CCSCCCSNCCONCCCCCSC,1.53377103805542,1.53377103805542,15.2274169921875
C=CCCCCCCCOCCCSCSCCC(F)F,1.5331648588180542,1.5331648588180542,21.678497314453125
C=CCNCCNNSCCCCC[C@@H](C)C[C@@H](C)O,1.5328000783920288,1.5328000783920288,8.432276725769043
CC[C@@H](N)CSCC[C](CO)CSNOCCCCCO,1.5320733785629272,1.5320733785629272,11.716670036315918
C=CCCCCCNCCNCCCOCCC(C)(C)C,1.5315546989440918,1.5315546989440918,11.706459999084473
C[C@@H](N)CCCCCOSCOOCCC(C)(C)CO,1.5313621759414673,1.5313621759414673,23.768051147460938
O=C(O)[C@H](O)CCCCSCCOC1OCCO1,1.5312423706054688,1.5312423706054688,10.234667778015137
CCCCNCCCOOC[C](C)CCCC[C@H](N)CC,1.5296980142593384,1.5296980142593384,14.146343231201172
CC[C](C)CCNCCSCCCCCCCN[C@@H](C)N,1.528300404548645,1.528300404548645,10.630284309387207
C[C@@H](N)SONCNONCCSCSC(C)(C)C,1.5282199382781982,1.5282199382781982,16.55626106262207
CC[C](C)CCCSNNNCCCOCC[C@H](C)CF,1.5281574726104736,1.5281574726104736,23.90977668762207
CC(CCCCNCSOCOc1ccoc1)C(=O)O,1.5277976989746094,1.5277976989746094,58.433349609375
CSCCSCCNCCSSCCSC,1.5272713899612427,1.5272713899612427,22.82248306274414
CC[C@@H](C)COCCCCCCNCCSCCCSC,1.5272085666656494,1.5272085666656494,14.925832748413086
C[C@H](CF)OCCSNC(=O)NSCN1CCOC1,1.5271401405334473,1.5271401405334473,23.08439826965332
Cn1ccc(CSCCCCCCCSSC(C)(C)C)n1,1.5268207788467407,1.5268206596374512,6.074508190155029
C=C(C)[C](C)CCCC(=O)OCCCSCSC(C)(C)C,1.5259426832199097,1.5259426832199097,7.407421112060547
CC[C@H](N)CONSCSCCCCCCCSC,1.5258516073226929,1.5258516073226929,7.4031877517700195
C=CCSCOCCNCCCSSC,1.525429129600525,1.525429129600525,25.803647994995117
C[C](CCOC(C)(C)C)CNCCCCCCCC(F)F,1.5247637033462524,1.5247637033462524,21.236276626586914
CC[C@H](C)SSSCCSCCSOCCc1ccoc1,1.5246602296829224,1.5246602296829224,5.604316711425781
CSSCCNCCCOCCCCCCC(C)(C)CO,1.524552822113037,1.524552822113037,17.04206657409668
CC[C@H](C)CCCCCCCNCOCNCCC(C)(C)C,1.524080514907837,1.524080514907837,18.861478805541992
CC1(C)CO[C@H](OCSNOCCCCNC=O)C1,1.5239864587783813,1.5239864587783813,5.445245265960693
Cn1ncnc1CCCCOC[C](O)C(=O)O,1.5239602327346802,1.5239602327346802,0.7092464566230774
CC[C@@H](C)CCCCCOCSCSCCCc1ccoc1,1.5235332250595093,1.5235332250595093,41.87821960449219
Cn1ncc(CCSCSCCSNCCC(C)(C)C)n1,1.5226863622665405,1.5226863622665405,23.370656967163086
C=CCONCN[C@@](C)(O)CCCOSCC=C,1.5220837593078613,1.5220837593078613,14.109065055847168
CC[C@H](C)SCCCOCCOCOCCCCCCCO,1.5216567516326904,1.5216567516326904,59.7075080871582
C[C](CF)CCOOCOSCCSCCCCCCO,1.5199766159057617,1.5199766159057617,31.196453094482422
c1cc(OCOCCSCCCSOCN2CCOC2)co1,1.5181009769439697,1.5181010961532593,20.455358505249023
CSCCOCCCCNCNCCCCCCCO,1.518092155456543,1.518092155456543,17.42790412902832
CSSC[C](O)CSCCSNC[C](C)OCC(F)F,1.5180656909942627,1.5180658102035522,14.29384708404541
CSCNCCCCSCNNCSSC,1.5161644220352173,1.5161644220352173,22.57440948486328
CC[C@H](C)CCNCOCCNSCCN1CCO[C@H](C)C1,1.5146982669830322,1.5146982669830322,14.84103775024414
C=CCCCCNSCCCOCSSSC,1.5144339799880981,1.5144339799880981,17.22952651977539
C[C@H](CCSCCCSCSc1cccs1)CC(=O)O,1.5142875909805298,1.5142875909805298,23.521318435668945
CCCCCCCSCCNN[C](CO)CCCSC,1.5139349699020386,1.5139349699020386,8.429299354553223
C=CCCNCCSSCCCCOSC,1.5132290124893188,1.5132290124893188,14.111069679260254
CC[C](C)SCCCNNCCCCSC,1.5131498575210571,1.5131498575210571,10.96108341217041
CCCCCCCNNC[C](CO)S[C@H](C)CSC,1.5116479396820068,1.5116479396820068,3.8462774753570557
CSS[C](C)CCCCCCNCCSCCCCO,1.5106819868087769,1.5106819868087769,16.188579559326172
CSSCCCCNCCSCCS[C@@H](C)N,1.5093632936477661,1.5093632936477661,22.63758659362793
CC(C)(C)CCCCCCOCSCCCCSC(C)(C)C,1.5071702003479004,1.5071702003479004,14.275871276855469
CSOCCCOCCOSC[C@@H](C)N,1.5069711208343506,1.5069711208343506,62.1288948059082
CCCSOCSCCCCCSSc1nc(C)c(C)o1,1.506914734840393,1.506914734840393,3.254241466522217
C=CCNCCCCOCCCSSCCS[C@H](C)CF,1.5055228471755981,1.5055228471755981,16.070653915405273
C=CCNCOC(=O)C[C@](C)(O)COCC=C,1.504364252090454,1.504364252090454,5.559691429138184
CSCCCCCSCCOCSSC,1.5042381286621094,1.5042381286621094,41.08007049560547
CSCCCOCC[C@@H](C)NOCCSCCN1CCOC1,1.5041437149047852,1.5041437149047852,15.95297908782959
CC[C@H](C)CNCCCCSCCNNCCC(F)F,1.5041415691375732,1.5041415691375732,13.95569133758545
C(CC[C@H]1COCO1)COCOCOCOCC[C]1COCO1,1.503888726234436,1.503888726234436,55.53408432006836
CCCC[C@@H](C)CSNSCCNNNSC,1.5033808946609497,1.5033808946609497,13.221122741699219
CSSNC[C](C)SCCSCCCNO[C](C)CF,1.5032130479812622,1.5032130479812622,5.348471164703369
CCCCCCCSCCSNCCSCS[C@@H](C)CC,1.503100872039795,1.503100872039795,36.21855926513672
CCCOCCCSSCCNC[C@H](O)CO,1.5027949810028076,1.5027949810028076,4.063056468963623
OCCCSCSCCCCCNNCCCC(F)F,1.5021988153457642,1.5021988153457642,6.983064651489258
CSNNCCSNCCCSCCCC(F)F,1.5014164447784424,1.5014164447784424,27.66805076599121
CCCNSCCCCCCNNOCSC[C@H](C)CC,1.5007381439208984,1.5007381439208984,9.388507843017578
C=C[C@@H](CCCCCCSNCOCCSC)C(=O)O,1.500552773475647,1.500552773475647,20.949567794799805
CC[C@H](C)CNSCCCSCSCC[C@H]1C[C@](N)C1,1.4996209144592285,1.4996209144592285,45.303707122802734
C=CCCNSOSCSCCCCCCCCC,1.499032974243164,1.499032974243164,24.89042091369629
CC[C](C)CC[C@@H](C)CNCCCCOCCS[C@@H](C)CC,1.4980456829071045,1.4980456829071045,20.04497718811035
CC(C)(C)CCONCCNNSCCCSC(C)(C)C,1.4975215196609497,1.4975215196609497,15.81940746307373
C=C(C)[C@H](C)CCC[C@](C)(O)CNCCCSCCSC,1.4971404075622559,1.4971404075622559,10.349831581115723
C=CCNCNCO[C@H](CO)CNCC(F)F,1.4968597888946533,1.4968597888946533,14.504120826721191
CSOCCCCCNCCCCCCCCC=O,1.4967761039733887,1.4967761039733887,16.343477249145508
O=CCCCOCOCCSCCOSCCN1CCOC1,1.4963874816894531,1.4963874816894531,38.925392150878906
C=CCNONNCCCCCSCCC,1.494009017944336,1.494009017944336,57.89545440673828
O=C(O)[C@@H](O)CCCCCOCCOCCCCCO,1.493983507156372,1.493983507156372,27.89106559753418
CC[C](C)CC[C@@](C)(O)SCCOCCC(C)C(=O)O,1.4933968782424927,1.4933968782424927,20.200868606567383
CSNCCNCSNCCCCC(F)F,1.4916514158248901,1.4916514158248901,12.993273735046387
CSSCSNCNCCSCCC(C)(C)C,1.490204095840454,1.490204095840454,21.8010311126709
C=CCNCSNCCCNCCNN[C@H](C)CC=C,1.4899438619613647,1.4899438619613647,3.785637140274048
CS[C@@H](CO)CCSSNCOC[C@@H](C)N,1.4889971017837524,1.4889971017837524,20.430761337280273
CCCSSSSCCOCCCCCSC,1.4887219667434692,1.4887219667434692,28.178390502929688
C=CCCCCOCCCNCCSC,1.487873911857605,1.487873911857605,33.95832443237305
C=CCOCCNCCCCCCSNCN[C@@H](C)N,1.487405776977539,1.487405776977539,3.957319736480713
CC[C@@H](C)CCONCNCCCCCCCCCSC,1.4868580102920532,1.4868580102920532,12.56698226928711
CSNCCCCOCCSNCCCO,1.4857674837112427,1.4857674837112427,28.424924850463867
CSCCCCCOCOCOC[C@H](CO)S[C@H]1COCO1,1.4853459596633911,1.4853459596633911,21.190011978149414
CC[C](C#N)C[C](C)CCCOCSCCCNCC(C)C,1.484948992729187,1.484948992729187,5.026312351226807
CSONCSCCOSCCCNCN[C@H](C)CF,1.484883427619934,1.484883427619934,23.849416732788086
C[C@H](CF)NCS[C@H](C)CNCCCCOC(F)(F)F,1.4845906496047974,1.4845906496047974,10.701237678527832
C=CCCNSCNNCCCCSOSC,1.483615756034851,1.483615756034851,11.842267036437988
CCCCCONCCOCCCCC(C)(C)[N+](=O)[O-],1.481101155281067,1.481101155281067,16.290430068969727
CCCNSCCN[C](C)ONCCSCCC,1.4810352325439453,1.4810352325439453,6.474937438964844
C[C@H](CF)SCSNCCCCNS[C@@H](C)N,1.48065185546875,1.48065185546875,12.87125301361084
CC[C@H](C)COONOCCCCOCCCC=O,1.4806147813796997,1.4806147813796997,13.062346458435059
CCC[C@H](C)CCCSCCSCCSCCCC(C)(C)C,1.4792791604995728,1.4792791604995728,15.734823226928711
CC[C@H](C)SCONCCCNN[C@@H](C)N,1.4788455963134766,1.4788455963134766,10.355584144592285
CCCCCCCCSCNNSNCCSC,1.477997064590454,1.477997064590454,19.41160774230957
C=CCC[C](CO)CCCCNC[C](C)CS[C](C)C(=C)C,1.4776554107666016,1.4776554107666016,7.277919769287109
C[C](N)C[C](CO)OCCCCC[C@H](C)CCOCC(F)F,1.4761457443237305,1.4761457443237305,16.76300621032715
CC[C](C)CCOCCCCNCCCCCSSSC,1.4757628440856934,1.4757628440856934,14.447514533996582
CSSOOCSSCCCCCC(C)(C)C,1.4756618738174438,1.4756618738174438,8.206886291503906
CC[C](N)CNCCCNOCONCCSCCSC,1.4755663871765137,1.4755663871765137,8.014394760131836
C=CCN[C@@H](CO)NCCNSCO[C@@H](C)N,1.4748954772949219,1.4748954772949219,10.341143608093262
CC[C@H](C)NCNSCSOSCCC[C@@H](C)CN,1.4737591743469238,1.4737591743469238,8.339459419250488
CCC[C](C)SSCCCCCSOSC,1.4737215042114258,1.4737215042114258,21.64927864074707
C[C@H](CF)SCCCCOCCCSNCON1CCOC1,1.4734548330307007,1.4734548330307007,39.95352554321289
CSCCCSSCCCCNCCNSC,1.4728901386260986,1.4728901386260986,28.129987716674805
C(CSCSNO[C]1COCO1)ONSCC[C@H]1COCO1,1.4718981981277466,1.4718981981277466,18.310991287231445
C[C@@H](N)CCNCCNCNNCCCCCO,1.4718880653381348,1.4718880653381348,18.010974884033203
Cc1noc(SCCCSCC[C@H](CO)CC[C@@H](C)CF)n1,1.4708400964736938,1.4708400964736938,5.697047233581543
C=CCCOCSOCCOC(=O)CCCCC(C)(C)C,1.4704307317733765,1.4704307317733765,5.706960678100586
CCCOCCSCCCCCNSC,1.46991765499115,1.46991765499115,9.351064682006836
CSSC[C@H](C)CSSCC[C]1CCCN(C)C1,1.4695724248886108,1.4695724248886108,10.517552375793457
CSCSCCCCOCCOSC,1.4689738750457764,1.4689738750457764,53.12961196899414
CSC(=O)CNCCCCNCSCCCC(C)(C)C,1.4668989181518555,1.4668989181518555,15.556374549865723
CCCNCCCCOSCCSCCCSC(C)(C)C,1.4667682647705078,1.4667682647705078,6.785558700561523
C[C@@H](N)CCNNCCSNSCS[C@@H](C)N,1.4666022062301636,1.4666022062301636,19.118206024169922
c1cc(CCSCSCOCCCNCN2CCOC2)co1,1.4657483100891113,1.4657483100891113,45.94019317626953
CC[C@H](C)CNSCC[C@@H](C)CCCSSCO[C](C)CF,1.4652178287506104,1.4652178287506104,17.454906463623047
CSCOCCNNSCCSS[C@@H](C)N,1.4646292924880981,1.4646292924880981,8.494213104248047
CSCOCCSCOCSSC,1.4616549015045166,1.4616549015045166,24.198848724365234
CC(C)(CO)NCOSCCCCOSN[C]1COCO1,1.4614652395248413,1.4614652395248413,18.361309051513672
CC[C@@H](C)CSCCCCNOCCNCCC[C@H]1COCO1,1.461185097694397,1.461185097694397,4.184876918792725
CCCNSOCNCNCCCCCC(F)F,1.4604254961013794,1.4604254961013794,22.803098678588867
CCCCC(=O)NCSNOCOC[C@@H](C)CN,1.4603369235992432,1.4603369235992432,18.622230529785156
CC(C)(C)CCSOCNSCOCC=O,1.4586149454116821,1.4586149454116821,46.78693771362305
CSCC(C)(C)CSSNNCCCCCCOSC,1.4581907987594604,1.4581907987594604,6.407015323638916
CC[C](C)SCCSCCCCSNCCNc1ccoc1,1.4578545093536377,1.4578546285629272,50.18562316894531
CSSNCCOCCCCCCONC=O,1.4565702676773071,1.4565702676773071,14.064079284667969
CC[C](C)SCCCNSSCCCCCCSSC,1.456400990486145,1.456400990486145,14.540363311767578
CC(C)(C)CCNOC(=O)NOCCN1CCOC1,1.4559639692306519,1.4559639692306519,6.748163223266602
CCCCCCCCOCSCNCOSCCCCCO,1.4557420015335083,1.4557420015335083,19.104515075683594
CSCCCCCOCSONNCCN[C@@H](C)N,1.45500910282135,1.45500910282135,22.79488754272461
CC[C@@H](C)CCC(C)(C)CNCC[C@@H](C)CCSC[C@@H](C)N,1.453775405883789,1.453775405883789,5.552571773529053
CSCCCSNCSCCCCCCCCc1ccoc1,1.4528100490570068,1.4528100490570068,6.272416114807129
C[C@@H](CF)OCCSCCSCCCSCCC[C]1COCO1,1.4522316455841064,1.4522316455841064,40.594600677490234
CC[C](C#N)CCSCCSCCOCCCCC[C@@H](C)N,1.451147198677063,1.451147198677063,9.61639404296875
CSCNCNNCCCCC(C)(C)C,1.4505937099456787,1.4505937099456787,49.051544189453125
CC[C@H](C)SNOCNNOCCNCNSC,1.450096607208252,1.450096607208252,3.6160666942596436
CC[C](C)SCCNCCSSCCCCCC(C)(C)CO,1.4499562978744507,1.4499562978744507,13.776152610778809
CC[C@H](C)SNCCNCCNCCNCCSC,1.4480029344558716,1.4480029344558716,16.55103302001953
CC[C@H](C#N)OCSCSNONCCCC[C@H](C)CF,1.4469233751296997,1.4469233751296997,13.674229621887207
CC(C)(C)CNCCOCCCCCCONCC(C)(C)O,1.446192741394043,1.446192741394043,10.854869842529297
CC[C@](C)(C#N)NCCCOCCCCCS[C@H](C)CF,1.4460840225219727,1.4460840225219727,26.767486572265625
CC[C@H](C)[C@@H](CO)SN[C@H](C)CSC,1.4442578554153442,1.4442578554153442,1.4966975450515747
CSOCCCCOCCNNNCNSC(C)(C)C,1.443572998046875,1.443572998046875,50.962913513183594
CC[C](C)CNNOCNCCCCCc1cn(C)cn1,1.4431172609329224,1.4431172609329224,10.653066635131836
CC(C)(C)CCSNCCCCCCCNCOC(C)(C)C,1.4423348903656006,1.4423348903656006,7.252445220947266
CS[C](CO)CCCSSOCNNC[C@@H](C)N,1.4416987895965576,1.4416987895965576,12.926271438598633
C=C(C)[C@@H](C)SCCCNSCCCCOCCNC=O,1.4411367177963257,1.4411367177963257,28.927717208862305
CC[C](C)SNOCCCCSSSCNSC,1.4398837089538574,1.4398837089538574,11.532395362854004
Cc1nn(C)cc1CCCCCSSCSCN1CCOC1,1.4393606185913086,1.4393606185913086,16.56929588317871
CSCCCOCCSCSSSOSC,1.4375134706497192,1.4375134706497192,19.53925323486328
C=C(C)[C@H](C)SCCSONCCCO,1.436997890472412,1.436997890472412,9.863396644592285
CCCNCCSNNSCCNSCC(F)(F)CO,1.436469554901123,1.436469554901123,9.396934509277344
C[C@@H](N)CCCCNCCCSNCCCCc1ccoc1,1.434696078300476,1.434696078300476,35.65027618408203
CC[C@H](C)[C](C)CNOCCSCCONC(=O)[C](C)N,1.434052586555481,1.434052586555481,1.7383911609649658
CC(C)(C)SNOCCSNCCONC=O,1.4336903095245361,1.4336903095245361,9.972540855407715
CSCCNNNCCCOC(C)(C)C,1.4333415031433105,1.4333415031433105,16.47869110107422
CCCSCCCCCNNSSCCCSC,1.4329264163970947,1.4329264163970947,13.320656776428223
CC[C](C)CCOCCNONCCNCC[C@@H](O)C(C)C,1.431229829788208,1.431229829788208,24.130970001220703
Cc1cc(CCSCCCCSSCOC[C@H](C)CF)no1,1.431117296218872,1.431117296218872,18.408443450927734
C[C@@H](CF)CNCCCNCCOCNNCC(C)(C)O,1.4301241636276245,1.4301241636276245,12.2088623046875
C=CCOCCCCSC(=O)SCCNCCSCC=C,1.4296971559524536,1.4296971559524536,15.645956993103027
C=CCCNOCSCCCSCC=O,1.4295544624328613,1.4295544624328613,33.052764892578125
OCCCCSNNCSCCONCCCCC(F)F,1.4289923906326294,1.4289923906326294,20.10357093811035
C[C@H](CF)CCCSONOCCSSO[C@@H](C)CN,1.427403211593628,1.427403211593628,13.035337448120117
CCCCSNNCCCCNCNCCSC,1.4268910884857178,1.4268910884857178,23.23529815673828
CC[C@@H](N)CC[C@@H](C)C[C@@H](C)SCCOSCCCSC,1.4258674383163452,1.4258674383163452,5.750411033630371
C=CCCCSCCSCCCCOCOCc1cccs1,1.4251340627670288,1.4251340627670288,14.97179889678955
CSC(=O)COCOSSC[C](C)CCCC(C)(C)N,1.4241917133331299,1.4241917133331299,3.118605375289917
C=CCCCNCCCSCCC[C](CC)C(=O)CCC,1.4240245819091797,1.4240245819091797,11.70263671875
CSCCCCNCOOCCNCNCCC[C@@H](C)N,1.4233884811401367,1.4233884811401367,7.997419834136963
CC1(C)CO[C@@H](CCCOOCC=O)C1,1.4218323230743408,1.4218323230743408,2.7957193851470947
CC[C](C)OCCCCNCCSOCC[C@](C)(O)SC,1.4211146831512451,1.4211146831512451,2.561244249343872
CC(C)(CO)CCCCSCCCCCOSC[C]1COCO1,1.4211022853851318,1.4211022853851318,2.811974048614502
CC[C@H](N)CCCOCCOCSCCCCCCNSC,1.4198652505874634,1.4198652505874634,21.868988037109375
CSCCCCCCCOSNCC(C)(C)C[C](C)CN,1.4133249521255493,1.4133249521255493,12.861336708068848
CSNCSCNSNCC[C@@H](C)CF,1.4126851558685303,1.4126851558685303,5.452582359313965
CC[C@H](C)CCCCCCNCONCCCCCC(F)F,1.4121499061584473,1.4121499061584473,21.957656860351562
CSSCOCOCOCCCCO,1.4113543033599854,1.4113543033599854,60.71205139160156
C=CCCSNNCCCCCCNSSCC(C)(C)C,1.409726858139038,1.409726858139038,15.631643295288086
CSCCOSCCCCOC[C](C)NCON1CCOC1,1.4096803665161133,1.4096803665161133,10.4292631149292
C[C]1CN(SCCNCCOCCNC[C@H](C)CF)C[C@@H]1O,1.4096593856811523,1.4096593856811523,15.711955070495605
CC(C)(C)CCOSOCCCCCNc1cccs1,1.4087811708450317,1.4087811708450317,22.812835693359375
C=C(C)[C](C)SSOCCNCOCCOCCCCCC,1.4084831476211548,1.4084831476211548,4.461973667144775
C[C](CN)NNCSCCCCSCNC[C@@](C)(O)[C](C)N,1.408298373222351,1.408298373222351,15.789080619812012
C[C@H](CCCCN)COCCSCCSCCCCC(F)F,1.4078073501586914,1.4078073501586914,22.491987228393555
C=CCSSCSCCc1ccsc1,1.40778386592865,1.40778386592865,6.552402019500732
CSCCCCNCOCCCCCOn1cc(Cl)cn1,1.4066106081008911,1.4066106081008911,12.881893157958984
C[C@H](CCCCCCC(C)(C)C)SOCONCC(C)(C)C,1.4064542055130005,1.4064542055130005,17.2833309173584
C[C@H](CF)CCNCCNCNCCCCSNC=O,1.4037495851516724,1.4037495851516724,11.047983169555664
CSSCCOSNCCNNS[C](C)CF,1.4035840034484863,1.4035840034484863,33.61897659301758
C[C@@H](N)CCOCCCNCCNCCCCC(C)(C)CO,1.4031277894973755,1.4031277894973755,13.436345100402832
CSCCCCCCCSOC(=O)SCS[C@@H](C)CF,1.4030107259750366,1.4030107259750366,5.274669170379639
CSSCCCCCCN[C](CO)CCOCN1CCOC1,1.4026108980178833,1.4026108980178833,7.295116901397705
C=CCCCCCNSCCNC(=O)NNSC,1.400002360343933,1.400002360343933,11.70767593383789
C[C@H](CCCCN)SCOCCSSCCCCCCCO,1.398991584777832,1.398991584777832,18.228721618652344
C=CCOCSCCCSSSSSNc1cccs1,1.3987722396850586,1.3987722396850586,7.990969657897949
CC[C](N)CCONCCCNCC[C@@H](C)CC[C@H](C)CF,1.3979032039642334,1.3979032039642334,20.882381439208984
C[C@@H](CN)SCOCCCCCCSCCNCCC(F)F,1.397788166999817,1.397788166999817,14.398683547973633
CSCCCCNNCCSSCCSC,1.3971275091171265,1.3971275091171265,13.362322807312012
COCOCC[C@@H](CO)OCCNOCCCO[C@@H](C)CN,1.3967559337615967,1.3967559337615967,8.477995872497559
C=CCCCOC(=O)SCCCOCCOC[C@H](C)C(=C)C,1.3959280252456665,1.3959280252456665,18.84770965576172
OC[C@H](O)CNNCOCCCCOCCCN1CCOC1,1.395586371421814,1.395586371421814,9.977008819580078
CC(OCCCSCNNCOSC[C@@H](C)N)C(=O)O,1.3952404260635376,1.3952404260635376,16.628366470336914
C=C(C)[C@H](C)CCNCSSOSC,1.3930515050888062,1.3930515050888062,14.940625190734863
CC[C](C)CCOCCNNCNSCSCO[C@@H](C)CC,1.392486810684204,1.392486810684204,17.742155075073242
C[C](N)NNOOSCSCN[C@@H](C)CF,1.3918098211288452,1.3918098211288452,7.1415839195251465
C=CCCCCCCCSCCNCCOCCN1CCOC1,1.39151132106781,1.39151132106781,7.201623439788818
C=CCSCCNCNCCSCCNc1nnc(C)o1,1.3899766206741333,1.3899766206741333,9.66549301147461
C[C@H](CF)SCCCNCCCCCSNCC[C@@H](C)N,1.3891507387161255,1.3891507387161255,6.881217002868652
CSCCNCCCSOOCCCSSC,1.3887625932693481,1.3887625932693481,26.104625701904297
CCS(=O)(=O)CCCCCCCNCCC[C@@H](C)CF,1.3887287378311157,1.3887287378311157,0.4773597717285156
CSCCCNNOCCCSNC[C@H](O)[C@H](C)CF,1.3885844945907593,1.3885844945907593,11.199136734008789
C=C(C)[C@@H](C)SCNCCS[C@@H](C)N,1.3885678052902222,1.3885678052902222,4.39162540435791
CC[C@H](C)CCNCCNC[C](CO)OCC(=O)SC,1.3878490924835205,1.3878490924835205,17.036481857299805
CC[C](C)CCC[C@@H](CO)CCNCCONC[C](O)CO,1.3858400583267212,1.3858400583267212,3.352417469024658
C[C](CF)[C@@H](CO)NSCCCCNSS[C@@H](C)N,1.3857312202453613,1.3857312202453613,12.753331184387207
C[C@@H](NNCSCSCSCCCCCC=O)C(N)=O,1.385573148727417,1.385573148727417,11.880156517028809
C=CCOSCCNOCCCSC,1.3847285509109497,1.3847285509109497,19.1131649017334
CC[C](C)CCCN[C@H](C)CCCCOS[C@H](C)C(N)=O,1.3846510648727417,1.3846510648727417,9.171538352966309
CSSCCCSNCCS[C@H](CO)OCC[C@H]1COCO1,1.384129285812378,1.384129285812378,12.248360633850098
CC(C)(C)SCCSSCCNOCCCCc1ccns1,1.3839918375015259,1.3839918375015259,7.939328670501709
C=CCCCOCCCSCONNCNS[C](C)CN,1.383549690246582,1.383549690246582,4.8360981941223145
CC1(C)CO[C@@H](OCOCSC(=O)SCCCC(F)F)C1,1.3811002969741821,1.3811002969741821,14.512445449829102
CC(C)(C)CCCCSOS[C@H](CO)CC(F)(F)C(F)F,1.3808445930480957,1.3808445930480957,14.235490798950195
C=CCSCSNSCCSOc1ccccn1,1.3802790641784668,1.3802790641784668,26.474031448364258
C=C(C)[C](C)SCCOCCCNCNCNNCCC,1.3795547485351562,1.3795547485351562,9.951753616333008
FC(F)COSCONCCCCSOCCN1CCOC1,1.3785436153411865,1.3785436153411865,10.799110412597656
CC[C@H](C)CCSCCSCCCCCNCN[C@@H](C)CC,1.378462314605713,1.378462314605713,23.47768783569336
C=CC[C@@H](C)OCCN[C@H](C)CCCCSNSSC,1.378237247467041,1.378237247467041,5.112135410308838
CSSSCCSSCCSCCCNCCC(C)(C)C,1.3777508735656738,1.3777508735656738,6.076438903808594
CC1(COCCCCOCCCCCN2CCOC2)OCCO1,1.3767186403274536,1.3767186403274536,29.171878814697266
CC(C)(C)CCCCCSCCCCSCCN[C@H]1COCO1,1.3746354579925537,1.3746354579925537,16.238157272338867
C=CCCCCONSNNCC[C]1CCN1C,1.3746140003204346,1.3746140003204346,9.670862197875977
CCCNCNCCCS[C@@H](CO)CCSCCOSC,1.3743709325790405,1.3743709325790405,5.944048881530762
CSCNCNOCCCCCCNNOCCC(F)F,1.3732191324234009,1.3732191324234009,13.601832389831543
CSCC[C@@H](CO)O[C@](C)(O)CNCCCC[C@@H](C)CF,1.37185537815094,1.37185537815094,7.106515407562256
CSNCCSCCCNCONNC=O,1.3695155382156372,1.3695155382156372,21.422523498535156
CC[C@H](C)CCCOCOCSSCC[C@@H]1CCCCO1,1.3693981170654297,1.3693981170654297,31.392253875732422
C=CCCSCCCNCONOCCCCCCCCC,1.3693556785583496,1.3693556785583496,9.996293067932129
CSCCCCCCCCCNNCNCCCSC,1.3692418336868286,1.3692418336868286,10.736734390258789
C[C@@H](CN)SNNNCOSCCCONCC(F)F,1.3690694570541382,1.3690694570541382,6.31695032119751
C[C@@H](N)CNCC[C@@H](CO)SCONOCCC(C)(C)C,1.3683379888534546,1.3683379888534546,21.47416877746582
CC[C@H](C)CNCCNCCSSCCNCCCC#N,1.3678759336471558,1.3678759336471558,9.094902038574219
CCCCCCCCCCSSCNCSSCC(C)(C)O,1.367660403251648,1.367660403251648,27.41895866394043
CC[C@H](C)CCNCC[C](C)CN,1.367364764213562,1.367364764213562,22.476459503173828
C[C@H](CCCCCCC(C)(C)C)COCCSCCC(C)(C)C,1.367256760597229,1.367256760597229,18.036550521850586
CCCCC[C](C)CCCNCCSNNSCNSC,1.3659886121749878,1.3659886121749878,11.826469421386719
C=CCCCSCCCCCSCCNCCC[C@@H](C)CC,1.3658273220062256,1.3658273220062256,19.56559944152832
CC(C)(C)COCCCCCCCCCOCCCC(C)(C)N,1.3647562265396118,1.3647562265396118,12.747956275939941
COCONCSNC[C@@H](O)OC[C](C)CCCC[C@@H](C)N,1.3641059398651123,1.3641059398651123,6.856369972229004
CS[C@@H](C)CC[C@@H](C)CSSSSSn1cncn1,1.3623019456863403,1.3623019456863403,1.0368952751159668
CSCCNONCCCCCSC[C](C)CC[C]1COCO1,1.359757423400879,1.359757423400879,13.53212833404541
CSCCCOCCCCCCSCO[C](O)CC[C@@H](C)N,1.3593207597732544,1.3593207597732544,9.635186195373535
C[C](N)OOSSCCSSC[C@H](C)C#N,1.357343077659607,1.357343077659607,0.8909889459609985
C[C](CF)SCCONOCC(=O)OCCCCC(F)F,1.3562865257263184,1.3562865257263184,14.402531623840332
C[C@@H](CS[C@H](C)C#N)C[C@H](CO)CCCC[C@H](O)CC#N,1.3547298908233643,1.3547298908233643,0.8037874102592468
CC(C)(CO)OCCSNCCCNCOCCN1CCOC1,1.3530486822128296,1.3530486822128296,22.906164169311523
C[C@@H](CN)COSCSNSNC[C@](C)(O)C(C)(C)C,1.3524138927459717,1.3524138927459717,4.320985794067383
CCCCCCCCCCCOCCCCNNC(C)(C)C,1.3522437810897827,1.3522437810897827,35.76001739501953
CCCOCCCONCNCNCC=O,1.3522018194198608,1.3522018194198608,25.631650924682617
C[C](CF)SCOSCNNCCc1cc[n+]([O-])cc1,1.3520100116729736,1.3520100116729736,29.719579696655273
C=CCCCCCSCNSCSC,1.3489558696746826,1.3489558696746826,17.06544303894043
C=CCCSCNCNCCCCC=O,1.3482409715652466,1.3482409715652466,22.932676315307617
CCCCC[C@@H](C)C(=O)CNCSC(C)(C)CO,1.3478281497955322,1.3478281497955322,1.8645440340042114
C[C@H](CF)NOCCCSCCSCCCC1(C)CCC1,1.347764015197754,1.347764015197754,18.320749282836914
CC[C](C)SNCNCCSCCCCOCCCSC,1.347704529762268,1.347704529762268,11.361664772033691
C=CCCC(=O)CCCCCCCCSCC[C@H]1COCO1,1.3468488454818726,1.3468488454818726,22.42647361755371
C=C(C)[C@H](C)NONCCCCCCCCCCCCSC,1.3462074995040894,1.3462074995040894,13.646615028381348
CSCCCCC[C](C)CCCCCO[C@H](C)NC[C](C)N,1.3452212810516357,1.3452212810516357,10.837305068969727
CC[C](C)CCCSCCSCCCCCNCCCC=O,1.3448835611343384,1.3448835611343384,36.54772186279297
CSC(=O)CSCSCCc1cncc(F)c1,1.344720482826233,1.344720482826233,2.7970988750457764
CSCCOCSCCCOSC,1.3442449569702148,1.3442449569702148,45.415260314941406
C=C(C)[C](C)CCCCCCOCNCCCN[C](C)C(=C)C,1.3434550762176514,1.3434550762176514,7.900857448577881
C[C@@H](N)SOOSCCOCNSC(C)(C)CO,1.3432327508926392,1.3432327508926392,9.77511215209961
C=C(C)[C@H](C)CCCCCOCCOCNNCNSSC,1.3429625034332275,1.3429625034332275,4.291422367095947
C=CCCCSOOCNON[C@H]1CC(C)=NO1,1.3420662879943848,1.3420662879943848,10.084590911865234
CSCCCSOCCCCSCC=O,1.3415862321853638,1.3415862321853638,9.896114349365234
CC[C@H](C)CCCCNCCCNNCCNC[C@@H](C)CC,1.3407032489776611,1.3407032489776611,13.917515754699707
CSCSCCC[C@@H](CO)CCNCNNCC(C)(C)O,1.3401427268981934,1.3401427268981934,12.670440673828125
CC[C@H](C)CCCCOCOSC,1.3374119997024536,1.3374119997024536,49.0191535949707
C=CCCSCCCOCNNCc1ccncc1,1.3357616662979126,1.3357616662979126,9.178810119628906
CC[C@H](C#N)CCCSCSCCCCCSS[C@H](C)CF,1.3357607126235962,1.3357607126235962,21.283674240112305
C=CC[C@@H](C)CSOONCCCNCNOCCSC,1.3349101543426514,1.3349101543426514,11.11630916595459
CSNSNNCOCSN1CCOC1,1.333410620689392,1.333410620689392,48.78689193725586
CCCCCCCCCOCCNCCC[C](C)CC(C)(C)C,1.3328436613082886,1.3328436613082886,5.69167423248291
CC[C](C)C[C@@](C)(O)SOSCSSNC=O,1.3325979709625244,1.3325979709625244,3.174908399581909
CCCCCSCONCNCCC[C@@H](C)C(=O)NSC,1.332221269607544,1.332221269607544,3.783405065536499
C[C@@H](N)CCSCCCCCCNNCC[C@H](C)C(N)=O,1.3319355249404907,1.3319355249404907,16.841501235961914
CCCCC(=O)CCCSCCc1cnc(F)cn1,1.3312633037567139,1.3312633037567139,1.8198833465576172
C=CCOCCCCNOCCSOOCC[C@@H](O)CO,1.3311067819595337,1.3311067819595337,10.429924011230469
C[C@H](CF)OCCNCCCCSCOSS[C@H]1COCO1,1.3282678127288818,1.3282678127288818,8.750737190246582
CCCCCCCCOC(=O)CNOO[C](C)CCC,1.3277795314788818,1.3277795314788818,11.10986042022705
C=CCSOC(=O)CCCN[C@@H](C)CC,1.3268685340881348,1.3268685340881348,6.205557823181152
CC[C](C)OCCCOC[C@@H](C)ONNNOCC=O,1.3254799842834473,1.3254799842834473,22.217090606689453
C=CCSNSCCSSCCC(=O)[C](C)C#N,1.3244575262069702,1.3244575262069702,1.537658929824829
CC[C@H](C)OSCCNCCCCCCSCCCCSC,1.3240128755569458,1.3240128755569458,13.23558235168457
C=CCSCCNC(=O)CSSNOC[C](C)CF,1.3239976167678833,1.3239976167678833,12.996689796447754
CSSCCCCCOCCS[C]1CCCCC1=O,1.3235042095184326,1.3235042095184326,0.21636655926704407
CC(C)(C)CCCNCNCOOCCCCCN1CCOC1,1.323280930519104,1.323280930519104,12.37924575805664
CSONCSCCCSONc1cnn(C)c1,1.3212673664093018,1.3212673664093018,16.050212860107422
CC[C@H](C)CCNNCCOCOOCOc1nnnn1C,1.3205804824829102,1.3205804824829102,10.375741004943848
C=CC[C](C)NCCCCCSSOCSCCCCCO,1.3187339305877686,1.3187339305877686,5.249406814575195
CC[C@H](C)OCCCOSCCCCCNCCCCCO,1.3132290840148926,1.3132290840148926,4.244429588317871
C=C(C)[C@@H](C)[C](CO)CNCSOCSCCCO[C@H](C)CF,1.311718463897705,1.311718463897705,13.889620780944824
CCCOCCCOCC(=O)CCOCCSC,1.311511516571045,1.311511516571045,19.80255126953125
CC#CCCCCCO[C](CO)CNC(=O)OCCC,1.310325264930725,1.310325264930725,4.419386386871338
CC[C](C)CCNCCSCCCCCSCCC[C@H](C)CC,1.309423565864563,1.309423565864563,20.000654220581055
C=C(C)[C](C)CCCC(=O)CCCC(CC)(CC)CN,1.3078922033309937,1.3078922033309937,0.4111514687538147
CCCCCCCCNNONCCCOCC(N)=O,1.3077383041381836,1.3077383041381836,2.532771587371826
CSNCNNCC(C)(C)COCSCCNS[C@H](C)CF,1.3071542978286743,1.3071542978286743,7.002821445465088
CC[C@H](C)CCCCOCCCSCCSc1cnn(C)c1C,1.3046633005142212,1.3046633005142212,17.387868881225586
C=C(C)[C@@H](C)NCCCCSNS[C@H](CO)SCC(C)(C)C,1.3045531511306763,1.3045531511306763,17.728300094604492
CC[C@H](CCO)CSSC[C@@](C)(O)SCCCCO[C@@H](C)N,1.304412841796875,1.304412841796875,5.728841304779053
CSNOCNCCCCCC(=O)C1CCCCC1,1.3023746013641357,1.3023746013641357,8.512545585632324
CSCOCCCCCSCSC,1.300458550453186,1.300458550453186,13.666232109069824
CC[C](C)[C@@H](CO)SSOOCCCSSC,1.2996944189071655,1.2996944189071655,5.946121692657471
C[C@@H](CF)C(=O)OCCCCNCCCSCCNC=O,1.2990771532058716,1.2990771532058716,3.1450178623199463
CSSCSCCCCCSCOCN1C[C](O)[C@@H](C)C1,1.2988249063491821,1.2988249063491821,43.41514587402344
C=CCSCCNOCCNONCNNCNCCC,1.298454999923706,1.298454999923706,10.377084732055664
CSOCCNCCC[C@@H](C)SCCSCCC1CSC1,1.2950416803359985,1.2950416803359985,25.194677352905273
CC(C)(C)SCCOCCCOCSOCCC1CSC1,1.294009804725647,1.294009804725647,43.71474075317383
C[C](CN)CCSCSNCCCO[C](C)CCCC(C)(C)C,1.291620135307312,1.291620135307312,12.734695434570312
C[C@H](CNSCCCCN1CCOC1)CNSCCNC=O,1.290767788887024,1.290767788887024,7.562835216522217
OC[C@H](O)CSCCNCCCOCCNCN[C@H]1COCO1,1.2898430824279785,1.2898430824279785,5.649673938751221
C[C@H](CF)CSONCNCSCCCCC(N)=O,1.289814829826355,1.289814829826355,9.18994426727295
O=C1OCCN1CCSSCCCCOOCC[C@H]1COCO1,1.2878422737121582,1.2878422737121582,52.76799392700195
C=CCCCNCCN[C@@H](CO)CSCc1cccnn1,1.2848384380340576,1.2848384380340576,8.224785804748535
OCCCCCCNNOCCNNNCCC[C@H]1COCO1,1.284440040588379,1.284440040588379,23.08678436279297
CCCNCCCSNOCCOCCCCCCC(F)F,1.2838200330734253,1.2838200330734253,12.568731307983398
C=CCCCCCCCCCSOCCNCN[C@H]1COCO1,1.2827236652374268,1.2827236652374268,14.724248886108398
C=CCCCCCONNCNNSC,1.2812705039978027,1.2812705039978027,17.13646125793457
CSC(=O)OCNOCSCC[C@@H](C)CC[C](C)CC=O,1.2804549932479858,1.2804549932479858,4.7247395515441895
CC[C@H](C)OOCCCCCCSCOC[C@H](C)CCCCN,1.2803362607955933,1.2803362607955933,17.44212532043457
CSCSCCOCCCCCNSc1ncccn1,1.2796292304992676,1.2796292304992676,18.734878540039062
CSSCNNCCOCN[C@H]1CCCCO1,1.2791848182678223,1.2791848182678223,7.398682594299316
CC(C)CCCCCNONCSCNCCC1(C#N)CC1,1.2790073156356812,1.2790073156356812,11.374387741088867
CCCCCCCSCCCNSCSCCC[N+](=O)[O-],1.2788031101226807,1.2788031101226807,2.9820973873138428
CSCNCCCNCCCNSSC,1.278289794921875,1.278289794921875,9.873839378356934
CCC[C](C)CN[C@@H](CO)SCOCCCCCC[C@@H](C)CC,1.2779203653335571,1.2779203653335571,6.961587429046631
CC[C@H](C)[C@@](C)(O)CCNCCCNCSCCCCSC,1.2769551277160645,1.2769551277160645,8.535152435302734
CSCC(C)(C)CSCCSNC[C@@H](O)CNC(=O)SC,1.272982120513916,1.272982120513916,2.669968605041504
CSCONNCCCNCOSC,1.271609902381897,1.271609902381897,22.711772918701172
CSCCCOCNNCCO[C](O)C[C@H](C)CCCCN,1.2697535753250122,1.2697535753250122,5.842595100402832
C[C@@H](CCCSCCCCSCNNOCC=O)C[C@H](C)O,1.268955945968628,1.268955945968628,7.8136701583862305
C=CCCCSNNOSN[C@H](CO)C[C@H](N)CC,1.2688120603561401,1.2688120603561401,2.789644241333008
CCCCCCCOCCSCCCCSCCNCC=O,1.2676836252212524,1.2676836252212524,8.60806941986084
CC[C@H](C)NCNCNSNOC(C)(C)C,1.2675449848175049,1.2675449848175049,24.575525283813477
CSNCSCNSCCOCC=O,1.2674219608306885,1.2674219608306885,21.076337814331055
C=CC[C@@H](CO)SOCSCCSCS[C@H](CO)c1ccoc1,1.2670354843139648,1.2670354843139648,7.1563191413879395
CC[C@H](C)CCCCNOSNCCCSONC=O,1.2659558057785034,1.2659558057785034,7.640033721923828
CSOCCCSC(=O)[C@H](C)CCSCNCC[C@@H](C)CN,1.2654873132705688,1.2654873132705688,6.328590393066406
C[C](CF)CCCOOCCCSOCCCSc1cccs1,1.2643388509750366,1.2643388509750366,10.351048469543457
C=CCCCCCCCCOCCNCCCC[C@H](C)C(=C)C,1.2641496658325195,1.2641496658325195,19.878870010375977
CC(C)(C)SCCCC(=O)CNCSSCC(F)F,1.2638444900512695,1.2638444900512695,6.020406723022461
CSCCCCSSONCCCN[C@@H](C)CC(C)(C)O,1.2637579441070557,1.2637579441070557,13.494853973388672
C=CCCCSCCCSC[C](C)SSNSSSC,1.2636840343475342,1.2636840343475342,5.183656215667725
C[C](CCCCCCCCCC(C)(C)C)NCOCCCC=O,1.2630597352981567,1.2630597352981567,19.948835372924805
C=CCNCCCN[C](CO)NNCCOCCCC(F)F,1.262742280960083,1.262742280960083,11.116814613342285
C[C@H](CC(C)(C)C)SCNOCCNSOC[C]1COCO1,1.2616111040115356,1.2616111040115356,46.927947998046875
CSSCNCNSCNCS[C@@H](C)N,1.2606271505355835,1.2606271505355835,36.42036437988281
C=CCCCCC[C@@H](C)NCCSCCSCCCC(C)(C)C,1.2604304552078247,1.2604304552078247,14.776817321777344
OC[C](CCC[C@H]1COCO1)CCSNNCNc1ccoc1,1.2598432302474976,1.2598432302474976,24.686925888061523
CCCC[C@@H](C)ONC[C](CO)CCCCOCC(F)(F)Br,1.2596012353897095,1.2596012353897095,11.286783218383789
CCCCCSCOCOOCCSCCCc1cnn(C)c1,1.2594726085662842,1.2594726085662842,23.842391967773438
CC[C@H](C)SCOCCCOCOCCCSc1nnnn1C,1.2593395709991455,1.2593395709991455,20.547529220581055
COCOOOCCNCCSSCCC1(O)CCOCC1,1.2569445371627808,1.2569445371627808,11.773849487304688
CS(=O)(=O)CCCSCCNCNCCCSCC(F)F,1.2568804025650024,1.2568804025650024,21.6898136138916
CCCCCCCCCOOCCCCOCNC(C)(C)CO,1.255618929862976,1.255618929862976,4.758050441741943
C=CCNSC[C@@H](C)C(=O)CCCCC,1.2552775144577026,1.2552775144577026,0.6092824339866638
CSNSOCCCOSCCOc1ccnc(C)n1,1.2548816204071045,1.2548816204071045,13.492325782775879
CC(=O)CCN[C@@H](CO)CCCNC[C@@H](C)N,1.2540737390518188,1.2540737390518188,5.065764904022217
c1snnc1CNNCNCCCOCN1CCOC1,1.2537062168121338,1.2537062168121338,14.858500480651855
C[C](N)OCCNCCNO[C@H](CO)C(=O)C[C]1COCO1,1.2525404691696167,1.2525404691696167,14.191868782043457
CC[C](C)CNNCCCCCCCSOc1ccn(C)n1,1.2507723569869995,1.2507723569869995,15.062638282775879
CSSCCCCCSOCCNNc1c(C)noc1C,1.2501112222671509,1.2501112222671509,13.339911460876465
C[C@@H](CCC(C)(C)C)COSCCCCSCCNC(C)(C)C,1.2461888790130615,1.2461888790130615,17.660022735595703
CSONNNCCCCOCCOCC(=O)C(C)C,1.2458875179290771,1.2458875179290771,7.139769077301025
CC(C)(C)CCCSCCCCOCCCCCC[C@H]1COCO1,1.2445465326309204,1.2445465326309204,10.934885025024414
CC(C)(CO)CCCSCCCONCNNC[C](O)CO,1.2442587614059448,1.2442587614059448,8.2666654586792
C=CCCCCOSCN[C@H](C)COc1cn(SC)nn1,1.2438373565673828,1.2438373565673828,5.424901008605957
CSNSCCCONCNOCCCCCN[C](C)CF,1.2423310279846191,1.2423310279846191,13.609597206115723
C[C](CF)OCCCCCNCCC(=O)CCC(C)(C)C,1.2400888204574585,1.2400888204574585,24.040327072143555
C[C@H](O)CCCC[C@@H](C)[C](CO)SCCCONNC=O,1.2396717071533203,1.2396717071533203,2.6032323837280273
CC[C@H](CCOCONCOCCC[C@@H](C)CCSC)C(=O)O,1.2389657497406006,1.2389657497406006,4.703115463256836
CSCSCCOSCO[C@@H](C)N,1.237876534461975,1.237876534461975,8.466195106506348
C[C@@H](CF)ONCSN1CCOC1,1.236576795578003,1.236576795578003,26.8818416595459
C[C](CCCNSCCC(=O)C(C)(C)C)SCN[C@@H](C)N,1.2364171743392944,1.2364171743392944,3.0305182933807373
CC[C@H](C)OCSCNOSNSC,1.2343392372131348,1.2343392372131348,13.994754791259766
CC[C@@H](C)CCCNSC[C@@](C)(O)COCCNSCCSC,1.2339451313018799,1.2339451313018799,13.425485610961914
CSCCCNCNCCCSN[C@@](C)(O)CCC(F)F,1.232569694519043,1.232569694519043,25.215547561645508
CS[C@H](C)CCSCCCCOCCSCCCCCCCO,1.2292052507400513,1.2292052507400513,15.973816871643066
C#C[C@H](SCCCCNC=O)C(C)C,1.2273157835006714,1.2273157835006714,0.46885785460472107
CSONNNCNCCCONNN[C@@H](C)N,1.2269231081008911,1.2269231081008911,8.138617515563965
CC[C@H](C)CCOCNNCC(=O)COCCSC,1.2262953519821167,1.2262953519821167,50.19916534423828
CC[C@@H](C)CCCOSNCCCCC[C](C)SCC(C)(C)C,1.2253353595733643,1.2253353595733643,8.614204406738281
CSCNSNCCSCCCCC=O,1.2251207828521729,1.2251207828521729,14.537384033203125
CCCCCCNCCCCSC[C](C)CCSSCC(F)F,1.2244988679885864,1.2244988679885864,11.911018371582031
C=CCCCCSCCOCCNCCSN1CCNCC1,1.2232725620269775,1.2232725620269775,24.253494262695312
Cn1nnnc1CCCOCCNCCNCCCC(C)(C)C,1.2221295833587646,1.2221295833587646,30.690540313720703
CCCCCCCCOCC(=O)CCCSCC[C](C)CC,1.2216577529907227,1.2216577529907227,22.04347038269043
C[C@@H](CCC[C@@H](C)N)CCOCCCNCCCSCC(F)F,1.2216558456420898,1.2216558456420898,7.17154598236084
CON(C)CCCCSCCNCOCCC(=O)N=S=O,1.2202627658843994,1.2202627658843994,5.258479118347168
C[C@H](CF)OCCCCCCOCCCONCC[C@H]1COCO1,1.2189242839813232,1.2189242839813232,41.70199966430664
CC[C@H](C)CCCSCCSOCNN[C](C)CSCCCO,1.2184207439422607,1.2184207439422607,4.376832962036133
O=CNCC[C](O)CC[C@@H](CO)CC(F)F,1.2183616161346436,1.2183616161346436,1.1909449100494385
C=C(C)[C](C)ONCSCCNCCCCNSC[C](O)CO,1.2181220054626465,1.2181220054626465,5.92462158203125
C=CC[C@@H](CO)CCCCCNC[C@@H]1CCCNC1=O,1.218042016029358,1.218042016029358,0.6895406246185303
CSOCCNCSCCCCCCc1ccnc(C#N)n1,1.216051697731018,1.216051697731018,52.19119644165039
C[C](CCCCCSC(=O)SC[C](O)CO)C(C)=O,1.2157797813415527,1.2157797813415527,2.523097038269043
O=CCCNS[C@H](CO)NC(=O)CCSCCO,1.2149664163589478,1.2149664163589478,1.6929875612258911
CC[C@H](C)CCCC[C@H](C)CNNCCCCCN[C@@H](C)CC,1.2138123512268066,1.2138123512268066,13.499635696411133
C[C@@H](N)COSNCNNCCCNCCCC(C)(C)C,1.2136934995651245,1.2136934995651245,13.553414344787598
CC(C)(CO)COCCONNCCSCCCC[C@H]1COCO1,1.2123364210128784,1.2123364210128784,27.164560317993164
CC[C](C)C(=O)CCCCCNCNCSCS[C@H]1COCO1,1.2123216390609741,1.2123216390609741,15.213268280029297
C[C](CCC(=O)OCCOCC[C](O)CO)CC(=O)O,1.2120498418807983,1.2120498418807983,0.04122491925954819
C=CCCC(=O)OCC[C@H](C)CSSNON[C@@H](C)CC,1.2115352153778076,1.2115352153778076,10.971024513244629
CCCCCCCCOCCCCSSCSCC[C@@H](C)CC,1.2114918231964111,1.2114918231964111,10.19589614868164
CSNCCCCCNCCCN[C]1CC12CCC2,1.211284875869751,1.211284875869751,7.752272129058838
C=CCSCCC[C@@H](C)SCCSOSCCCc1cccs1,1.2104554176330566,1.2104554176330566,4.9931721687316895
CSC(=O)CNNNNCCSCOCCCCC(F)F,1.2098839282989502,1.2098839282989502,12.16378116607666
CC(=O)CC(=O)CCCCCSCCSSC[C](O)CO,1.2096205949783325,1.2096205949783325,1.7951858043670654
CSCCCOSCCONCC(=O)CCCCO,1.206803798675537,1.206803798675537,4.193625450134277
CCCNCNCC[C@@](C)(C#N)CC,1.2060632705688477,1.2060632705688477,6.4786248207092285
C[C](N)CCNCCCCCCNCCCCCC[C@H]1COCO1,1.2056856155395508,1.2056856155395508,7.914023399353027
C=CC[C@@H](C)COOOCSCO[C](C)CCC[C](C)CCO,1.2036793231964111,1.2036793231964111,9.411877632141113
CSSCNCCOCONC=O,1.2033098936080933,1.2033098936080933,19.261919021606445
C[C@@H](CF)CCOCCNOSNCC(=O)[C@@H](C)CN,1.202431321144104,1.202431321144104,5.803339004516602
O=CCCCNCCOCNCNSNC1CSC1,1.2024136781692505,1.2024136781692505,17.84111785888672
C=CCOCNCNC[C](C)CCCSCCOn1ccnc1,1.200802206993103,1.200802206993103,14.175247192382812
C=CCCCCNCCCCNCNCCCCCCC=O,1.200152039527893,1.200152039527893,6.1321120262146
C=CCC(=O)CC(=O)CNCNNCCSCC=O,1.2001147270202637,1.2001147270202637,2.3818113803863525
CS[C@@](C)(O)C[C@H](C)CCCCCCCCCCCCC(F)F,1.1999469995498657,1.1999469995498657,0.8761945962905884
C=CC[C@@H](CO)CCCCNCNCONCCS[C@@H](C)CC,1.1995525360107422,1.1995525360107422,18.81147003173828
C=CCC(=O)CNNCCSCC(=O)COCSC,1.1972744464874268,1.1972744464874268,5.407439708709717
C=C(C)[C@H](C)CC[C@@H](CO)CCSCCCNSCCCSC,1.1970044374465942,1.1970044374465942,12.045600891113281
CCCCCSNSC[C@@](C)(O)CCSCCCc1cccs1,1.194812536239624,1.194812536239624,10.616990089416504
C[C](C[C](O)CCCNCCNNCC[C@@H](C)CF)C(N)=O,1.1938813924789429,1.1938813924789429,5.690382957458496
CCC[C@H](C)NCC(C)(C)COCCCSOCNC(C)(C)C,1.1934951543807983,1.1934951543807983,6.488831043243408
C[C@H](CCCCN)CCCNSSCOCCONC(C)(C)C,1.1933685541152954,1.1933685541152954,38.067935943603516
CCCCCCCCCSCCCCSCNCNC(C)(C)C,1.1933417320251465,1.1933417320251465,9.625287055969238
C=CCCCCOCC(=O)SCCSOSNSC,1.1923383474349976,1.1923383474349976,11.635560989379883
CC[C@H](C)CCCOCCSCCNCCCNCCCSC,1.191828966140747,1.191828966140747,5.775415420532227
CC[C](C)CCCNCCCCNSC(=O)CCC(C)(C)C,1.1911834478378296,1.1911834478378296,6.278235912322998
CCCC(=O)CCCCCCCSCSC(=O)OCC#N,1.1906880140304565,1.1906880140304565,2.3739681243896484
COCONCNN[C](CO)NNSNCCCCCO,1.1890051364898682,1.1890051364898682,3.0977561473846436
CCCSCSSCC[C@H](CO)CCCNCCCC(C)(C)C,1.1880838871002197,1.1880838871002197,3.6999285221099854
C=C(C)[C@H](C)CCCC[C@H](C)COCCSCCCC[C](C)CF,1.1879160404205322,1.1879160404205322,13.471195220947266
CSCC(C)(C)CSC[C@@H](C)ONNNSCCSCC(F)F,1.1865276098251343,1.1865276098251343,13.114065170288086
CS[C@@H](CO)OCCCCNNCC[C@H](O)CCC(C)(C)C,1.186406135559082,1.186406135559082,4.3547444343566895
CSCCCCNCOCC[C](C)CNC(=O)CC[C@@H](C)N,1.186307668685913,1.186307668685913,3.9200189113616943
OCCCCCCCCNCCOOOCCCCCCO,1.177942156791687,1.177942156791687,8.52176570892334
CC[C](COCCNSCNOSCCC(C)(C)CO)C(=O)O,1.1769351959228516,1.1769351959228516,11.160184860229492
CC[C@H](C)CCCCCNCCOCCCNCNNCSC,1.1765257120132446,1.1765257120132446,8.257375717163086
CSCCNNCCNCNSO[C](C)CC(C)(C)C,1.1735262870788574,1.1735262870788574,10.704262733459473
CCCCCCCCSC(=O)CCC(=O)O,1.1715432405471802,1.1715432405471802,1.2670201063156128
CSCCCCCNNCCOc1ccnc(O)n1,1.169705867767334,1.169705867767334,26.57618522644043
C=CCNCCC[C@@H](CO)ONOCONC1(C)OCCO1,1.1694703102111816,1.1694703102111816,10.02087116241455
CC(C)(C)C(=O)CCSCCSOCCCCSC(F)(F)F,1.1691081523895264,1.1691081523895264,6.1148529052734375
CSCCCSCC(=O)CC[C@@](C)(O)CNC1(O)COC1,1.16605806350708,1.16605806350708,4.409007549285889
CCCNCNCCCCCCCSSN1C[C@@H](C)S[C@H](C)C1,1.1651794910430908,1.1651794910430908,11.354331016540527
Fc1cccc(CNCCCCOCCN2CC(F)C2)c1F,1.164357304573059,1.164357304573059,8.354618072509766
CSCCCCNNNc1ccc(C)o1,1.1637229919433594,1.1637229919433594,5.052377223968506
C=C(Cl)CCCCCCCOC(=O)OCSC(=O)[C](C)N,1.1621532440185547,1.1621532440185547,4.290585994720459
CC(C)(C)CCOCCCOCCCCNC1(O)CCOCC1,1.161507487297058,1.161507487297058,13.759889602661133
C=CCNCCCCCCNOCC[C@@H](C)CNC[C@H](N)CC,1.1601718664169312,1.1601718664169312,11.192120552062988
CCCC(=O)SNCCSCCCNSC,1.1580480337142944,1.1580480337142944,4.504565238952637
OC1CCC(OSCCOSSSC(F)(F)F)CC1,1.1561976671218872,1.1561976671218872,0.44534993171691895
CC[C@H](C)C(=O)CCCC[C@@H]1[C@H]2CCO[C]2C12CCC2,1.1548281908035278,1.1548281908035278,0.984988272190094
C[C](CCCNSCCS[C](C)CF)OCCCC1(C#N)CC1,1.1547682285308838,1.1547682285308838,14.574559211730957
CC[C](C)CONCCNCCCCSCCNC[C@@H](O)CO,1.1538195610046387,1.1538195610046387,9.47579288482666
CSCCCSONOCOc1cncnc1,1.1523529291152954,1.1523529291152954,4.0772199630737305
C=C(C)[C@@H](C)CCCCCONOSCONCCCCCO,1.150158405303955,1.150158405303955,5.913764476776123
C[C@H](C#N)CNCOCCCCCN[C@H]1CCN(C)C(=O)C1,1.1483017206192017,1.1483017206192017,0.8776172399520874
NC(=O)CSNNCNCCCNCO[C@@H]1COC[C@@H]1O,1.1468534469604492,1.1468534469604492,2.4784040451049805
CSCOOCCCNCSSC,1.1432174444198608,1.1432174444198608,8.183351516723633
CCCC[C@@H](C)CCNC(=O)N[C](CO)CCC[C@H](N)CCC,1.141859531402588,1.141859531402588,9.493430137634277
C=CCN[C@@H](CO)NSNNCNCCCCCCSC,1.1408146619796753,1.1408146619796753,9.58847427368164
CSNCNCCCCSNSN1CCN(C)C(C)(C)C1,1.139002799987793,1.139002799987793,2.2349188327789307
C=CCCCCOSSNOC(=O)CCSOSC,1.1385842561721802,1.1385842561721802,6.233115196228027
CSOCCS[C@@H](CO)CCCSCC[C@](C)(O)C[C]1COCO1,1.138350248336792,1.138350248336792,2.7984468936920166
C=CCC[C@H](C)CCSCCOCC(=O)CCCC(C)(C)O,1.136686086654663,1.136686086654663,4.122750282287598
CC(C)CSCCCCCNCCNCCCCNc1ccoc1,1.1348172426223755,1.1348172426223755,3.141414165496826
C=C(C)[C](C)ON[C@@H](CO)NCNNCN1CCOC1=O,1.132697343826294,1.132697343826294,6.5733323097229
CC[C@H](C)CCNSCCONCC(=O)CO[C@@H](C)N,1.1326119899749756,1.1326119899749756,11.286844253540039
C[C](CF)NSNSSCOCCCCS[C@@H](C)C[C@@H](C)O,1.1302334070205688,1.1302334070205688,23.14837074279785
CC(C)SCCCOCCC(=O)C[C@H](CO)CSNC=O,1.128351092338562,1.128351092338562,7.055887699127197
CC[C](N)CSCSCCCNC(=O)SNCCCC[C@@H](C)N,1.1272988319396973,1.1272988319396973,4.955385208129883
CC[C@H](C)C(=O)CCONCC(C)(C)CSCSCC(F)F,1.125885248184204,1.125885248184204,6.656352996826172
CC(C)(CO)CCOCCSCCSCOCCN1CCOC1=O,1.1232625246047974,1.1232625246047974,56.128414154052734
C=CCC(=O)CCCCCNCCSNCCCCCCO,1.1229569911956787,1.1229569911956787,13.30201244354248
C[C@H](COCCNCN[C@@H](C)CN)SCCS[C@H](C)C(N)=O,1.1222549676895142,1.1222549676895142,13.573834419250488
CC[C@H](C)SOC(=O)CCc1ccncc1F,1.1217846870422363,1.1217846870422363,0.1085156798362732
CC(CCCCCCNCCSOONC(C)(C)C)C(=O)O,1.1203516721725464,1.1203516721725464,13.83071517944336
CC[C@H](CCO)NNCNOSNNCSS[C@H](C)CF,1.1168800592422485,1.1168800592422485,15.631686210632324
CC[C@H](C)C(=O)CCONCCCCCCCCCC(C)(C)C,1.1167247295379639,1.1167247295379639,16.56441307067871
CCC[C@H](C)CSNNC[C@@H](C)NC(=O)[C](CO)[C](C)CC,1.1140613555908203,1.1140613555908203,5.595456123352051
CC[C](N)CCCSCNCCOCCCCCCSC(C)(C)C,1.111911416053772,1.111911416053772,27.90996551513672
CC[C@H](C#N)CSCCNOCSCCCCCCC(C)(C)CO,1.1118522882461548,1.1118522882461548,8.18674087524414
CC[C](N)CCCOCCONCC[C](CO)CCCCCSC,1.1104440689086914,1.1104440689086914,5.030005931854248
C=C(C)[C](C)[C](C)CCSCCCCCCCc1cnn(C)c1C,1.1085370779037476,1.1085370779037476,3.573845863342285
C=CCSCCOCCOCSNCC[C@@H](C)CC(=O)C(F)F,1.1075860261917114,1.1075860261917114,43.359561920166016
CCCNNSCSCCCSCC(C)(C)C[C](CO)[C](C)CC,1.1051958799362183,1.1051958799362183,18.730484008789062
CC(C)(C)OCCOOSCNCNC[C@@H]1CCCCO1,1.10477876663208,1.10477876663208,4.805920124053955
CC(C)(C)CCOOCCSCCCCSSCCC(C)(C)CO,1.1036009788513184,1.1036009788513184,10.887114524841309
C[C@@H](CF)SCCSCCCONSCCOCCN1CC(F)C1,1.1029462814331055,1.1029462814331055,8.641213417053223
CSCC[C@H](C)CCOCNNCCSNC(=S)N[C](C)CF,1.102675437927246,1.102675437927246,5.491510391235352
C[C](CN)[C](CO)CCOCCCCNCNC(=O)[C@@H](C)CN,1.1014072895050049,1.1014072895050049,6.962789535522461
O=C(C[N+](=O)[O-])OCCNCCNCSSCCCC(F)F,1.0999033451080322,1.0999033451080322,12.964569091796875
C[C](CF)CCS[C@@](C)(O)CSSNOSCCC(C)(C)CO,1.0994046926498413,1.0994046926498413,13.847917556762695
CC[C@@H](N)CCCNNCNNSNSc1nc(Cl)cs1,1.0965945720672607,1.0965945720672607,5.408487319946289
CCC(=O)[C@@H](C)NCCCNCNCCCCOC(F)(F)F,1.0937423706054688,1.0937423706054688,20.35036277770996
CSCCCCCCCCCCCCOCCSCCC(C)(C)C,1.0930522680282593,1.0930522680282593,11.987531661987305
C=CCSCCCSCSCS[C](C)CCCCS[C](C)CCC,1.0910855531692505,1.0910855531692505,25.545324325561523
C=C(C)[C@@H](C)CCOCCSCNCSCNc1ccccc1,1.0886900424957275,1.0886900424957275,16.92608070373535
COCOSC(=O)CCCC[C@](C)(O)CCCCCCCCO,1.0885348320007324,1.0885348320007324,0.3768393099308014
C[C@@H](N)SCNCCCCCCCNOSCCS(C)(=O)=O,1.087913990020752,1.087913990020752,6.650040626525879
C=CCOCCNCNS[C@@H](CO)n1cc([N+](=O)[O-])c(C)n1,1.0852621793746948,1.0852621793746948,0.8699207305908203
Cc1ccc2oc(SC[C@@H](C)CCCONNC=O)cc2c1,1.084352731704712,1.084352731704712,0.09936121851205826
O=CNSSCCCCN[C](CO)NCCNCCCCO,1.0838779211044312,1.0838779211044312,8.18674087524414
CC[C@H](C)CCCCC[C@@H](CO)NCOCCNCCCCSC,1.083506464958191,1.083506464958191,12.551486015319824
CCCCCSNN[C@H](CO)C(=O)CCc1ccn(C)n1,1.0826114416122437,1.0826114416122437,1.1785290241241455
C[C](CNCSCCCCCCCOCCCCO)CC(C)(C)O,1.0817939043045044,1.0817939043045044,10.5574312210083
CCC(=O)CSOSOSCCSNCC[C](C)CN,1.0812922716140747,1.0812922716140747,11.296934127807617
C=CCCCCNSSC(=O)OCCCCCCCCSC,1.078774094581604,1.078774094581604,6.010595798492432
OCCCC[C@@H](CO)CCCCCNCCc1ccccc1,1.0783997774124146,1.0783997774124146,1.0683923959732056
CCCCN[C@@H](CO)SNSNOCO[C@@H](CC)C(N)=O,1.07621431350708,1.07621431350708,12.558772087097168
CCC[C@H](C)SCCOC(=O)c1ccnc2ccccc12,1.0729963779449463,1.0729963779449463,4.169007301330566
C=CCCCCSCCCCSCNc1ccc(C#N)c(C)n1,1.0728195905685425,1.0728195905685425,18.769014358520508
CSOC(=O)OOCCSNN[C@H](CO)OSC,1.0705727338790894,1.0705727338790894,4.453537464141846
CSSOCCCCSOCCCCCNCN1CCSCC1,1.0693836212158203,1.0693836212158203,12.59931468963623
CSOCCOCCCONCCCCCCN1CCNCC1,1.0685999393463135,1.0685999393463135,9.675985336303711
CSCCCCNNCCNOSCCC(=O)[C@H](C)C(C)C,1.0677995681762695,1.0677995681762695,13.646341323852539
CSOCCCCCNCCC(=O)CC[C@H]1CCC[C]1O,1.065743327140808,1.065743327140808,7.892786979675293
CSCCOCSC[C@](C)(O)NOSCCC(=O)[C@@H](C)CN,1.0646430253982544,1.0646430253982544,4.355912208557129
C=CCOCC[C](CO)CNCCCCCOc1cnn(C)c1C,1.0642446279525757,1.0642446279525757,4.597193717956543
c1csc(NNCNCCCCCCCCCC[C@H]2COCO2)c1,1.057798147201538,1.057798147201538,5.34267520904541
CC[C@H](C)CCCSSCCOCOCCCC(=O)CCCO,1.054015040397644,1.054015040397644,3.806431293487549
Cc1csc(=O)n1CCCCNNCCSCOCNC(C)(C)C,1.053666591644287,1.053666591644287,14.55980110168457
CSCCC(=O)CNSNCNCC[C](C)N,1.053030014038086,1.053030014038086,6.529232978820801
CCCC(=O)CNNC(=O)CCCSCCCOSSC,1.052114725112915,1.052114725112915,6.267472267150879
C=CCSO[C@@H](CO)C(=O)CO[C@H](C)C[C@H](C)CNCCC,1.0520997047424316,1.0520997047424316,2.623720645904541
CSOOSCCSCCSNCCc1ccc(N)nc1,1.0486102104187012,1.0486102104187012,4.7248921394348145
CCCNNCSNCCC[C@@](C)(O)C[C@H](CO)CN1CCOC1,1.0477674007415771,1.0477674007415771,6.484776973724365
C[C@H](CF)NCSCCCCCOSCCc1cnccc1Cl,1.0471402406692505,1.0471402406692505,21.936899185180664
C[C@@H](N)CC(C)(C)CCCC(=O)COCSCCC(C)(C)O,1.0470465421676636,1.0470465421676636,3.0561556816101074
C=CCCNCN[C](C)CCC[C](C)CCCCCCCCSC,1.046508550643921,1.046508550643921,4.161061763763428
C[C]1CN(OC[C@@H](CO)[C@H](C)CNCCCNC=O)CCS1,1.043538212776184,1.043538212776184,0.5132529735565186
C[C@@H](N)SSCCCNCCCSNC(=S)NONC=O,1.043502926826477,1.043502926826477,8.51279067993164
CSCCSCCC(=O)[C](CO)SCCCOSCC1CC1,1.0425851345062256,1.0425851345062256,6.993393421173096
CSNCCOOCONc1cnc([N+](=O)[O-])s1,1.03871488571167,1.03871488571167,14.844034194946289
CC[C@H](C)CC(=O)CCNCCCOCOCCCCC(F)F,1.036866545677185,1.036866545677185,17.035934448242188
CSSCCCCNSNc1ccc(O)cc1,1.03518545627594,1.03518545627594,16.269033432006836
C=CC[C@@H](C)OCCCCC(=O)CC[C@H](C)CCC(=O)CC,1.034301996231079,1.034301996231079,1.6185311079025269
CS[C@H](C)CNc1cnn(C)c1C,1.0340808629989624,1.0340808629989624,2.903754711151123
C[C@]1(CCOSSSCCNCSc2cccs2)CCCO1,1.032814621925354,1.032814621925354,11.378101348876953
CSCNCCCSCCSCCSCc1cc(C#N)ncn1,1.0322940349578857,1.0322940349578857,7.944813251495361
C#C[C@@H](C)CNOCCC(=O)CSNCON[C](C)CN,1.030173420906067,1.030173420906067,9.79930305480957
CSC[C@](C)(O)CSC(=O)CCSCCCCN1CCSCC1,1.029473900794983,1.029473900794983,2.188904047012329
CC[C@H](C)NCNNCCOOCCCNN1CCCCC1,1.0285381078720093,1.0285381078720093,17.004016876220703
CCCCCSOCCCC(=O)NCCCCCC[C](O)CO,1.0274266004562378,1.0274266004562378,2.653306722640991
C=CCS[C](O)CCCCOCCCCSCCCC[C](N)CC,1.0269477367401123,1.0269477367401123,10.827801704406738
C[C](N)SNSCCCCCCCN[C@@](C)(O)CCC[C@@H](C)N,1.026137113571167,1.026137113571167,4.160866737365723
CSCC(=O)NCCC(=O)CSC[C@H](O)NCCCC(C)C,1.0246925354003906,1.0246925354003906,1.6122331619262695
CCCCN[C](C)CCCCONNC(=O)CCCNC=O,1.0229706764221191,1.0229706764221191,3.769521951675415
CSSSCNNC(=O)SNCCC(=O)SC,1.0190825462341309,1.0190825462341309,3.3565380573272705
CCCCCCCSC(=O)S[C@H](CO)SSNSC,1.0189167261123657,1.0189167261123657,11.357914924621582
Cn1ccnc1NNCCNCCOC(=O)CC[C@H]1COCO1,1.0168339014053345,1.0168339014053345,3.0492026805877686
CSC(=O)CCNCNNNS[C](C)C(C)=O,1.0158530473709106,1.0158530473709106,1.0098108053207397
CSOCCONCCCC[C](CO)OCCCC(=O)[C@@H](C)N,1.015309453010559,1.015309453010559,8.389640808105469
C[C](CC(C)(C)C)NCNSCNCCCOCCCO[C](C)N,1.0148664712905884,1.0148664712905884,13.216625213623047
C=CCOCC[C@H](O)NC(=O)SNCCCCCCC(F)(F)F,1.0144599676132202,1.0144599676132202,8.160752296447754
CS(=O)(=O)c1ccc(ONNCNSCCCCCO)s1,1.0144091844558716,1.0144091844558716,1.4207494258880615
C[C](CN)SSNCCSCCCC(=O)NC=O,1.014210820198059,1.014210820198059,6.820469856262207
C[C@@H](N)[C](CO)OCCC(=O)N1CCNC(=O)C1,1.0120924711227417,1.0120924711227417,0.5473488569259644
CSCCCCCNCCCCNNN1CCC[C@@](C)(O)CC1,1.01183021068573,1.01183021068573,5.953861236572266
C[C](CCCC[C@H](CO)C(C)C)CCc1ccc(C#N)cc1F,1.0113210678100586,1.0113210678100586,0.8324682712554932
C[C]1CCN(CSC(=O)CCCN[C](O)CC[C@@H](C)CN)C1,1.0101103782653809,1.0101103782653809,0.09560471773147583
C[C](N)C(=O)SCC(=O)NCCCSCC(C)(C)CC(C)(C)C,1.009828805923462,1.009828805923462,3.6979939937591553
C=CCCCCCSCCNSCC(=O)OCCCCC(C)(C)C,1.0077085494995117,1.0077085494995117,19.511783599853516
CC[C@@H](N)CSCCCCCSCCSC[C@H]1C[C]1CC(C)(C)C,1.006669044494629,1.006669044494629,4.18259334564209
C[C@@H](CN)OC(=O)NNCNCCCc1ccc(O)cc1,1.0062594413757324,1.0062594413757324,5.6919026374816895
CSCCNCNCCCOCCCNNc1ccccn1,1.0036587715148926,1.0036587715148926,16.717941284179688
CC(C)(C)OCCCNSCCCCSC(=O)CC[C]1COCO1,1.0014991760253906,1.0014991760253906,11.417051315307617
C#Cc1cncc(SNNSCCCSC[C](N)CCC)c1,1.0012706518173218,1.0012706518173218,2.513591766357422
CC(C)(C)CCCC(=O)SNSCCNCCNSCC=O,1.0003300905227661,1.0003300905227661,6.6259660720825195
CC1(C)CC[C@H]1NOCCCCSCCOCCNCC(F)F,0.9988293647766113,0.9988293647766113,16.894498825073242
CSCCNCCCCCSNCCCCCCSC(C)(C)CO,0.994414210319519,0.994414210319519,13.202766418457031
CC(CO)(CO)CCCCCNCCNOC(=O)C(F)(F)C(F)F,0.9897971749305725,0.9897971749305725,2.3062996864318848
CC(C)(N)CCCCCCCNSCCc1cc(C#N)ccn1,0.9894196391105652,0.9894196391105652,1.4895586967468262
Cc1ncsc1CC(=O)[C@H](CO)CC(=O)[C@H](C)CC(=O)O,0.9873793125152588,0.9873793125152588,1.6505426168441772
CSNCCNCNOCCCNNN1CCCC2(CC2)C1,0.9868760704994202,0.9868760704994202,4.255270481109619
CC[C](N)CSCCOCSCC[C](C)CCSCCCC[C@@H](C)N,0.9866539239883423,0.9866539239883423,3.767801523208618
CSCCSC(=O)CCC(=O)CSCC(=O)CC(C)(C)N,0.9858909249305725,0.9858909249305725,3.42215895652771
CCCOCCCCCCCNCNCCO[C@@](C)(CC)CCO,0.9832553863525391,0.9832553863525391,2.147736072540283
CCCSSCC[C@@H](C)CC(=O)CCSNCCCCCCO,0.9829187989234924,0.9829187989234924,14.449275970458984
C[C@@H](N)CC(C)(C)CC(=O)CSNCCNSCS[C@@H](C)N,0.9824056029319763,0.9824056029319763,8.315719604492188
CSCCCNS[C](CO)ON[C@H](C)CCCCCCNSC,0.9757546186447144,0.9757546186447144,4.670996189117432
CC(C)C(=O)CCNSSOCCCNCSCC(C)(C)O,0.9750621318817139,0.9750621318817139,4.068678379058838
C[C@H](CCCCOCCC(=O)CNS[C@@H](C)N)CC(C)(C)O,0.9724285006523132,0.9724285006523132,6.045375347137451
CC(C)(C)CCCCOCCNSC(=O)CC[C@H](O)CC=O,0.9723234176635742,0.9723234176635742,11.342009544372559
C[C@H](CF)SCCSCCCCCNCOCC1CCCCC1,0.9710639119148254,0.9710639119148254,18.790021896362305
CC(C)(C)NNCCCCONSCOCCc1nnc(O)o1,0.9706283211708069,0.9706283211708069,23.81325912475586
CSCC[C@](C)(O)NCNSCCC(=O)CCCC(C)(C)C,0.9700765013694763,0.9700765013694763,8.328707695007324
CSCCSSCCCNOCCCNC[C](C)[C]1COCO1,0.9700233340263367,0.9700233340263367,13.860197067260742
O=C(COCOCCCCCCO)C[C@H](CO)CCCC(F)F,0.9698742032051086,0.9698742032051086,7.832782745361328
C[C@H](CCCCCCCCCCCC[C@H](O)C(=O)O)CC(F)(F)F,0.962644636631012,0.962644636631012,2.284766435623169
Cc1csc(=O)n1C(=O)SCCSNC[C@@H](C)C[C@H](C)C(N)=O,0.9624844193458557,0.9624844193458557,0.6983332633972168
CSSNNCn1cc(CCCCOSCCC(C)(C)O)nn1,0.961458146572113,0.961458146572113,10.22549057006836
CSCOCCCOSNSC,0.9607396721839905,0.9607396721839905,23.837688446044922
C[C](N)OCCCCCCSCCSCCCc1cnc(F)cn1,0.9599642157554626,0.9599642157554626,3.820148229598999
C=CC[C@@H](C)[C@@H](CO)CCCCCCSC(=O)CC(=O)SC,0.9591432213783264,0.9591432213783264,3.6295881271362305
C=CCCCO[C](C)SCCNCNNSNCCC[C@@H](C)N,0.957783579826355,0.957783579826355,7.7586188316345215
CC[C@H](C)SCC[C](CO)NCONCCCCCC[C@H]1COCO1,0.956505537033081,0.956505537033081,10.121851921081543
CSCCCC(C)(C)CSCC[C@@H](C)CCSCOC(F)(F)C(F)F,0.9535074234008789,0.9535074234008789,13.441308975219727
C=CCNSSC(F)(F)C(F)F,0.953036367893219,0.953036367893219,1.1010767221450806
CC(=O)[C@@H](C)CNNSNCCCCCCCCC(C)(C)CO,0.9488183259963989,0.9488183259963989,6.553427696228027
CSNCCCc1ccc(CCNCCNNSC)cc1C,0.9480318427085876,0.9480318427085876,11.364657402038574
CC[C@@H](N)CCCSSOSCCCNCCN1CC[C@H](N)C1,0.9480094909667969,0.9480094909667969,8.8815336227417
C[C](CN)CCCCCSC[C@@H](C)CCCCSCNCC(C)(C)O,0.9474682807922363,0.9474682807922363,2.739455223083496
COCO[C](C)CCCCCCNCCCSSCCC[C@@H](C)CF,0.9463880062103271,0.9463880062103271,2.782907247543335
O=C1NCC[C@H]1CCSCCCNNSCCCOC/C=C\Cl,0.945061206817627,0.945061206817627,29.252500534057617
C=CCCC(=O)CCCSNSCCCCSOC[C@H](N)CC,0.9430608749389648,0.9430608749389648,13.097582817077637
N[C@H]1CCN(O[C](CO)SCCc2cnon2)C1,0.9426940679550171,0.9426940679550171,1.1091772317886353
CC(C)C[C@@H](CCC(C)(C)C)C(=O)OCSCCCN[C@@H](C)CN,0.9413765668869019,0.9413765668869019,5.385639667510986
C[C@H](CCCC=O)CCCOCCNNC(=O)CC[C@@H](O)CO,0.9387927055358887,0.9387927055358887,4.820917129516602
CC[C@H](C)NCCCSSCCCOCCC(C)(C)CCNC=O,0.9348073601722717,0.9348073601722717,9.589338302612305
CC[C@H](C)OCCCOCCCCCCCCCSCC(C)(C)CO,0.9304167032241821,0.9304167032241821,17.18421745300293
C[C](N)CCCCCCNCSCO[C@@H](CO)CCCCCCCO,0.9292652606964111,0.9292652606964111,4.079559803009033
C=CCSCCCNCC[C](O)CCSNOCCc1ccsc1,0.9286863803863525,0.9286863803863525,12.361135482788086
CC(C)(C)SCCCCCOCSNOCCc1cccc[n+]1[O-],0.9274262189865112,0.9274262189865112,5.2419633865356445
C[C](CN)CNCCCCCCCCCCSC[C@@H](C)CC(C)(C)C,0.9264280200004578,0.9264280200004578,5.8220624923706055
CC(C)C(=O)CSNCCCCNCCSC(=O)C[C@@H](C)CF,0.9222680330276489,0.9222680330276489,5.099782466888428
CC[C@H](C(=O)O)C(=O)CCNOCCCSONC1CC1,0.9218869805335999,0.9218869805335999,0.35443904995918274
CC(=O)[C@H](CC=O)CC(=O)CCOCN1CCCC2(CC2)C1,0.921654462814331,0.921654462814331,2.806475877761841
CC[C](N)CCC(C)(C)CCSNNCN[C@H](CO)CCCSC,0.9204518795013428,0.9204518795013428,0.8979873657226562
CC[C](C)CNSCCCCCCCSCCCCCC(C)(C)CO,0.9178866147994995,0.9178866147994995,15.911382675170898
C[C@@H](CF)CCCCSCCCNONNS[C@H](CO)C(C)(C)C,0.9166038632392883,0.9166038632392883,4.137791633605957
CSCCCNOCCCCCCCCNCC[C@@H]1CC12CCC2,0.9158422946929932,0.9158422946929932,3.2688419818878174
CC(C)CC[C@](C)(O)CCSCCCCOCCCc1cnn(C)c1,0.915105402469635,0.915105402469635,5.266543388366699
CC[C@H](C)CSCCCOCNOCCCOS[C@H](C)CCCCN,0.9139750599861145,0.9139750599861145,8.717109680175781
CC(C)(O)CSCNCCCCN[C@](C)(O)Cc1ccccn1,0.9132928848266602,0.9132928848266602,4.024093151092529
C[C](CCNOOCCCCCOCCCCCCCO)C(C)=O,0.9112682342529297,0.9112682342529297,13.189148902893066
CSCCCNCC[C](C)NCCNN[C@H](C)CCn1cccn1,0.9106831550598145,0.9106831550598145,1.312140941619873
C[C@@H](N)CCCOCCCCCCCSSNc1cc[n+]([O-])cc1,0.9087463021278381,0.9087463021278381,8.167841911315918
C[C](CNCCNCCNOONCC[C@H]1COCO1)c1cccs1,0.9069952964782715,0.9069952964782715,12.907817840576172
CC(C)(N)CNCCCCCNNCC(C)(C)Cn1cc(Cl)cn1,0.9039328694343567,0.9039328694343567,1.6785160303115845
C[C@H](CCNOCC(F)(F)F)[C@H](C)CCSN1CCC(O)CC1,0.9027503728866577,0.9027503728866577,2.5575461387634277
C=C(C)[C@H](C)ONNCCCCCCCSNCCCSNC=O,0.902213454246521,0.902213454246521,4.531641960144043
C=CCSCCCOCNNCCNCSc1ccc2c(c1)OCO2,0.901868462562561,0.901868462562561,14.372756958007812
C[C@@H](CF)CCNCOCC(=O)[C](CO)OCCOCC[C@@H](C)N,0.8997157216072083,0.8997157216072083,4.787703990936279
CC[C@@H](C)CC[C](C)CNCCCCCCCCNCCC(C)(C)C,0.8994426131248474,0.8994426131248474,7.947566032409668
Cc1ccc2oc(NCCONNCNNC=O)cc2c1,0.8994137644767761,0.8994137644767761,3.55869460105896
C[C@H](CF)NCCOCC(=O)CCSCCCSCc1ccoc1,0.898848295211792,0.898848295211792,8.269207954406738
CSCCN[C]1CC[C](CCCCCCOCCC[C@@H](C)CN)C1,0.8915097117424011,0.8915097117424011,6.085684776306152
CCC[C](N)C[C](CO)CCNCCCC(=O)SCCCCSC,0.8906031250953674,0.8906031250953674,2.98791766166687
Cc1cnc(S(C)(=O)=O)nc1CSCCSCCCCC/C=C\Cl,0.889646053314209,0.889646053314209,6.595200538635254
CC[C@H](C)OCCCCSCOOCCC(=O)/C(C)=C/[N+](=O)[O-],0.884803056716919,0.884803056716919,5.232411861419678
Cc1noc(OCCCCCCCOCCCCCCCCCO)n1,0.8831133842468262,0.8831133842468262,10.17275619506836
CSSCCOSCSC(=O)CCC(=O)[C@H]1CCC[C@@H]1O,0.881679892539978,0.881679892539978,7.104822158813477
C[C@@H]1CN(CCCC(=O)OCNOCCCON[C@@H](C)N)CCS1,0.8803838491439819,0.8803838491439819,2.5152249336242676
CCC(=O)CCC[C@@H](C)COCCOCC[C](C)CSO[C@@H](C)N,0.8803669214248657,0.8803669214248657,11.910511016845703
CC(C)(N)CSCCC[C@](C)(O)SSNCNCCCC(=O)O,0.8769894242286682,0.8769894242286682,1.1463394165039062
CC[C](C)C[C@@H](C)S[C](C)CCCCSCCCCOC[C@H](C)C#N,0.8746418356895447,0.8746418356895447,5.145158290863037
CS[C@@H](CO)SCCc1cn([C](CO)CSCNC(=O)O)nn1,0.870007336139679,0.870007336139679,2.5418827533721924
CCC(CC)(CN)SC(=O)Cc1cnn2nnnc2n1,0.8667191863059998,0.8667191863059998,0.2417774200439453
CSCNCNCCCCCNCCCCNCNc1nccs1,0.8666042685508728,0.8666042685508728,9.31927490234375
CC(C)(C)OCCCNCCCCCCCCCCC[C](O)C(=O)O,0.8663290739059448,0.8663290739059448,12.599103927612305
CSCC[C@H](O)CNCCSONSCCCCc1ncc(Cl)s1,0.8650500178337097,0.8650500178337097,3.9440932273864746
CSC(=O)CC(=O)SCCCNCONc1ccncc1,0.8647347688674927,0.8647347688674927,3.1600542068481445
CC[C@H](C)NCSCOCSCCSOc1cc(C=O)ccc1C,0.8644435405731201,0.8644435405731201,13.936112403869629
O=C(CONCCCNCCCCNN1CCOC1)c1cccs1,0.8620879054069519,0.8620879054069519,14.153083801269531
CCCCCOC[C@@H](CO)OSNNNOC(=O)C[N+](=O)[O-],0.8588158488273621,0.8588158488273621,8.416927337646484
C=CCCCCCC(=O)OCCCNCCCc1cccc(F)c1,0.8550290465354919,0.8550290465354919,7.2715559005737305
O=C(CCOC[C@@H]1CCCCO1)CCO[C]1CCCNC1,0.8531879186630249,0.8531879186630249,1.7754228115081787
CSCCCCCCCNCNCCSSNCSN1CC(F)C1,0.8531835079193115,0.8531835079193115,8.952648162841797
C[C](CCN1CCOC1)C(=O)SNSSCCSCCOCC=O,0.8522801399230957,0.8522801399230957,7.445358753204346
C[C@H](CNCC[C](O)CO)OCCCNCCCCCCNC=O,0.8514026403427124,0.8514026403427124,3.412008762359619
C=Cn1nnc(C(=O)CCOC(=O)CC[C@@H](C)N)n1,0.8513656854629517,0.8513656854629517,0.18860673904418945
CSCCNCCONNCOCCCc1cc(C=O)ccc1C,0.8513110876083374,0.8513110876083374,4.428349018096924
CCCNCNSNC(=O)NCNOCC[C](C)CCC#N,0.8498514294624329,0.8498514294624329,0.15597383677959442
CSCCONCOSSC,0.8496283292770386,0.8496283292770386,21.076292037963867
CSCCNCCCCCSNNNCCc1cnc(N)cn1,0.8494619131088257,0.8494619131088257,16.010589599609375
CSCC[C@@H](C)SCC[C@@](C)(O)CCC(=O)CCOCCCO,0.847644031047821,0.847644031047821,1.2726740837097168
CCC[C](C)CCCCSCCCCCOOC(=O)C[C@H](C)CCC,0.8446928858757019,0.8446928858757019,3.6488640308380127
CCC[C@H](C)CCCNCNNNOSN[C@@H]1CCNC1=O,0.8442075252532959,0.8442075252532959,4.146687030792236
CS[C@H](C)CCNCCCCCCCCOSOCCCC(C)(C)C,0.842011570930481,0.842011570930481,5.511908054351807
CC1(C)CO[C](CSCCONOCNSSCC(=O)C(F)F)C1,0.8405787944793701,0.8405787944793701,5.767624378204346
CC(C)(C)CCONCC(=O)NC[C](CO)ONCc1ccoc1,0.8401651382446289,0.8401651382446289,4.19517183303833
CC(C)(C)SNSCCNCNCCSNc1ncccc1F,0.8391689658164978,0.8391689658164978,3.801994800567627
C=CC[C@H]1CC[C@@H](NCCNNC(=O)OCCC[C@@H](C)N)C1,0.837506115436554,0.837506115436554,12.517376899719238
CSSSCNOCCSCCCN1CCC[C@@H]2CN(C)CC[C@@H]21,0.836214005947113,0.836214005947113,8.816815376281738
CC(SSONCNCCCOC[C@@H](C)CCC(C)(C)C)C(=O)O,0.8350731730461121,0.8350731730461121,7.660262584686279
CCCCCCCCCNCCCC[C](C)N[C](CO)C[C@@H](C)CC,0.834417462348938,0.834417462348938,10.482852935791016
CCC[C@H](C)CCNCN[C](C)C(=O)CCCC[C@H](CO)NC=O,0.8341565728187561,0.8341565728187561,0.2572828233242035
CC(C)(C)CCCC(=O)CC(=O)ONCSCNC[C@H](O)CO,0.8338146805763245,0.8338146805763245,9.66048526763916
CC1=NO[C](OCCCCCNSCC(C)(C)CC2CC(O)C2)C1,0.8322700262069702,0.8322700262069702,0.21970835328102112
CSC(=O)NCCCN[C](CO)OCCSO[C]1CC[C](C)C1,0.83052659034729,0.83052659034729,6.04580545425415
CSOCCCNCNC(=O)OCCSSCCCCCCCO,0.826353907585144,0.826353907585144,1.4140888452529907
CC[C@H](C)CCOCC(C)(C)CNOCCCCCC(=O)CSC,0.8247852325439453,0.8247852325439453,10.1470308303833
Cc1nc(NNCNC(=O)c2ncnn2C)ccc1C#N,0.823108971118927,0.823108971118927,1.0800424814224243
CC[C@H](C)OCCNCNCCCCOCC[C](C)c1ccn(C)n1,0.822970986366272,0.822970986366272,6.971615314483643
C[C](O)CCCCCSN[C@@H](C)NCCNCCCc1nonc1C,0.8211843371391296,0.8211843371391296,1.0976853370666504
CSCC[C@@H](CO)NC(=O)O[C](CO)NCCCOOC(C)(C)C,0.8200034499168396,0.8200034499168396,6.7978692054748535
C=CCCCSNCNNCCC(C)(C)CNCNS[C](C)CC,0.8177018761634827,0.8177018761634827,10.241499900817871
C=C(C)[C@@H](C)[C@@H](O)CCCSCCCCCCSCCC[C]1COCO1,0.8159326910972595,0.8159326910972595,18.896135330200195
C[C](CF)NNCNNCSCCCS[C@H](C)CCNOCC(F)F,0.8127133250236511,0.8127133250236511,5.183303356170654
C=CCCC[C](C)CCC,0.8126919269561768,0.8126919269561768,7.035054683685303
C=C(C)[C@H](C)CSCC[C@@H](CO)C(=O)N[C@H](C)CSNCCCON,0.8102283477783203,0.8102283477783203,3.4604451656341553
CSCCCCCCSNCNOCCCS[C@H](C)CCC(C)(C)C,0.8097395896911621,0.8097395896911621,15.527795791625977
O=C(O)OCCCCCNCCCCSCC(=O)C1OCCCO1,0.8086827993392944,0.8086827993392944,8.374427795410156
C[C@@H](CNOSCCCSCCCCCCCC(C)(C)C)C[S@@](C)=O,0.8085163831710815,0.8085163831710815,16.957653045654297
CC[C@H](C)[C@@H](CO)CCCCCCCCSSCCCCC[S@](C)=O,0.8038138747215271,0.8038138747215271,5.213225841522217
CCC(=O)CCCCNC(=O)C(=O)CCCN1CCC[C@H](O)CC1,0.8030086159706116,0.8030086159706116,0.07587487250566483
CSCCCCCCCNCCNOSCC[C@@H]1CCCCC1=O,0.8013044595718384,0.8013044595718384,6.779250144958496
CC[C](C)SCCSCCCNNOCC[C](C)[C]1COC(=O)O1,0.8009656667709351,0.8009656667709351,7.1291632652282715
CC(C)(COSSCCCCCOCCOCCC(N)=O)[N+](=O)[O-],0.7988021373748779,0.7988021373748779,4.508610725402832
C[C@H](CNCCOCCN1CCOC1)C(=O)NNCCN1CC(F)C1,0.7986080050468445,0.7986080050468445,4.347707748413086
C[C]1CCN(CONNONNCCCNCNCCCCO)C1,0.7967221736907959,0.7967221736907959,7.460317611694336
C[C](N)O[C@H](C)CCNS[C](CO)CCCCCCCN1CCOC1,0.7963281869888306,0.7963281869888306,6.680037021636963
C[C@H](CCCCCCC[C@@H]1CC[C@H](C)C1)CNO[C@H]1CC[C@@H](C)C1,0.796165943145752,0.796165943145752,0.23971790075302124
C[C](CCCCN)NSC(=O)C[C@@](C)(O)NOCCCCCCO,0.7961381673812866,0.7961381673812866,1.662235140800476
CCCCCCOCCSOCCCCCCNSC(=O)[C@H](C)CF,0.7953311204910278,0.7953311204910278,5.613496780395508
CSCC(=O)OCCSCC(=O)[C@H](C)CNCOn1ccnc1,0.7925214171409607,0.7925214171409607,14.53042221069336
C=CC[C@@H](CO)NNCCCCC[C@@H](CO)NCCSO[C@@H](C)CC,0.7908843159675598,0.7908843159675598,9.660659790039062
C=CCCC(=O)OCCOOCC[C](CO)NCCCC(C)(C)CO,0.7902573943138123,0.7902573943138123,19.373126983642578
OCCCCCCCCCCCCCSCCCSCCCCCO,0.785532534122467,0.785532534122467,7.656765460968018
CSC[C@](C)(O)OC(=O)CCCC(=O)CNc1nnnn1C,0.7849634885787964,0.7849634885787964,1.884278655052185
CSCCCSNNNCNNC[C@@H]1CCc2nc(C)nn2C1,0.7835689783096313,0.7835689783096313,18.036218643188477
C[C@H]1CN(NCCSNC(=O)C2=Cc3ccccc3OC2)C[C@H]1O,0.7814972400665283,0.7814972400665283,0.1416265070438385
C=C(C)[C@@H](C)SSCCCSCC(=O)CCNCCC(=O)C(F)F,0.778555154800415,0.778555154800415,13.935279846191406
CC(C)(C)C(=O)CCCSSO[C@](C)(O)CNCCCCCC=O,0.7773194313049316,0.7773194313049316,5.65200138092041
CCCCNCCCCCCCCCNCCCCCC[C@@H](O)CO,0.7702026963233948,0.7702026963233948,8.264531135559082
C#CCCCCNC[C](C)NOSCCNNC(=O)C[C@H](C)CF,0.7651443481445312,0.7651443481445312,7.0425705909729
C=CCNCN[C@@](C)(O)CNSCCCONCCC[C@H](C)CSC,0.7650882601737976,0.7650882601737976,11.730649948120117
CC[C@@H](N)CCCC(=O)CSC(=O)[C@](C)(CC)CCCCC(C)C,0.7649337649345398,0.7649337649345398,0.0688994750380516
CSCONNCNCCCOSNCNC[C@@H](CO)[C@@H](C)CF,0.7632846236228943,0.7632846236228943,6.681341171264648
CCCCCCOCNCCSCCCCCCC[C](C)CCCCN,0.7609574198722839,0.7609574198722839,5.982450485229492
Cn1c(Cl)cnc1CCCOCCCCNNOc1ccncn1,0.7589057683944702,0.7589057683944702,14.36201286315918
CC[C@H](N)CNSCCCSCCCCCNCNn1cc(Cl)cn1,0.7576690912246704,0.7576690912246704,4.004028797149658
C=C(C)[C@@H](C)CCCCCCOS[C](CO)OCCCNCNSC,0.7544497847557068,0.7544497847557068,4.678954124450684
CCCNCCCOCCCCCC[C@@H](C)SCCCNc1ccoc1,0.750931978225708,0.750931978225708,7.314310073852539
CC[C](N)CCCC(=O)CCCCCCNSNNCCSSC,0.7487738728523254,0.7487738728523254,5.461975574493408
CCCCC[C@H](C)CNCCCNN[C](C)C[C](C)CCCOCOC,0.7474589943885803,0.7474589943885803,1.8583160638809204
O=C(CNN1CCOC1)CONCCNOCCON1CCOC1,0.7436633110046387,0.7436633110046387,6.741243839263916
CSCOCCSCNCCOCCc1ccc2oc(=O)[nH]c2c1,0.7436240911483765,0.7436240911483765,6.647453308105469
CCCn1ccnc1NCOSOCCC(=O)CNSC,0.7425898909568787,0.7425898909568787,3.861591100692749
CC(C)(C)SCCSCSNCCCCSc1cc2ccncc2s1,0.7418059706687927,0.7418059706687927,6.213585376739502
CS(=O)(=O)CCCCCSNCNC(=O)CCOOSNC=O,0.7415704131126404,0.7415704131126404,1.5408719778060913
C#CCCCCCCONCCNSCOC(=O)N(OC)[C@H](C)CC,0.7409331202507019,0.7409331202507019,3.139089345932007
CCCCCCC(=O)NCCCNOC(=O)[C]1CCOC1(C)C,0.7408496737480164,0.7408496737480164,7.0939178466796875
CC(C)(CO)CCCNC(=O)OCSc1ncoc1CSC(C)(C)C,0.7398730516433716,0.7398730516433716,8.083497047424316
CCCNSCCCC[C@H](CO)C(=O)COCC(=O)CNC(C)C,0.7375987768173218,0.7375987768173218,3.3583109378814697
C[C@@H](CN)SCCCOCC(C)(C)CC[C@H](O)SSSCNNC=O,0.7274945378303528,0.7274945378303528,3.8992364406585693
CC[C@H](CCO)[C@@H](CO)CC[C@H](C)Cc1c([N+](=O)[O-])nc(C)n1C,0.7273509502410889,0.7273509502410889,0.05116580054163933
CC(C)OCC(=O)ONCNCCc1ccc(C#N)cn1,0.7262935638427734,0.7262935638427734,1.5381666421890259
C[C@@H]1CNC[C@H]1SSCCCC(=O)SCCCCCCNC=O,0.7257043123245239,0.7257043123245239,4.573307514190674
CSNNCONC[C@@H](C)N,0.7256017923355103,0.7256017923355103,19.342483520507812
CC[C@@H](N)CSNNCCOC(=O)C(=O)C[C@@](C)(O)CCCSC,0.7172539830207825,0.7172539830207825,3.379878282546997
CC(C)(CCC(C)(C)CNC(=O)SC1(C)CCC1)CNC=O,0.716443657875061,0.716443657875061,2.284921169281006
CSCCCC[C@@H](C)NCC(C)(C)CSC(=O)CCSC[C](O)CO,0.7161175608634949,0.7161175608634949,3.283184766769409
CC[C@H](C)NSCCCCCC(=O)SC(=O)CC[C@](C)(O)NSC,0.7133086323738098,0.7133086323738098,4.489893913269043
C=CCCCCCN[C@H](C)CCCCCCOC[C@](C)(C#N)CCCO,0.7120534181594849,0.7120534181594849,8.305546760559082
CCCCOCCSCCNNCNCOCc1ccc2c(c1)OCO2,0.7098782062530518,0.7098782062530518,10.56013298034668
C[C]1C(=O)NCCN1NOCCCCCCCCCCC[C@@H](C)CF,0.7090613842010498,0.7090613842010498,4.0196075439453125
C[C](CC(=O)O)C(=O)CCCSNCCCC[C@H](C)CSC(C)(C)C,0.705686092376709,0.705686092376709,0.44367438554763794
C[C@@H](CN)SNNC(=O)OOC[C@H](CO)CCC1(O)CCOCC1,0.7053635716438293,0.7053635716438293,3.333731174468994
CCCCCCCCNCCCCSNNNOCC[C](O)C(=O)O,0.7044587135314941,0.7044587135314941,4.7785162925720215
CSCCNCN1CC[C@H](OCC[C@@H](C)OSC[C@H](O)CO)[C@H]1C,0.7020501494407654,0.7020501494407654,3.3708839416503906
C[C@H](CCOCSNCCCSSn1cc([N+](=O)[O-])cn1)C[C@@H](C)N,0.7019500732421875,0.7019500732421875,15.67945671081543
CSNCNSSCCC(=O)CNSOCCCC[C]1COCO1,0.7004374265670776,0.7004374265670776,12.052225112915039
Cc1ccnc2ccc(N[C](CO)C(=O)C(=O)CC(C)(C)O)cc12,0.7003802061080933,0.7003802061080933,0.7953911423683167
CC(C)(C)SCCOCCSNCC[C@@H](O)SC(=O)NC[C](O)CO,0.6988108158111572,0.6988108158111572,7.108582019805908
CC[C](C)CCCCNSNC[C@@H](C)CCSCCCCCC(C)=O,0.6988095641136169,0.6988095641136169,8.508516311645508
CC[C@H](C)SNOC[C](C)CCCSCCNCNc1cncn1C,0.6980186700820923,0.6980186700820923,8.924997329711914
CCCSNC(=O)CCNCCNCCCC[C@@](C)(O)CC(C)(C)C,0.695411741733551,0.695411741733551,11.422961235046387
CSNNCC(C)(C)CCCCCCN1CC[C]1CN1CC[C](C)C1,0.6953006386756897,0.6953006386756897,0.6556365489959717
Cc1nn(CCCONCCOCO[C@@H](CO)[C@@H](C)N)nc1C(C)(C)C,0.6940435171127319,0.6940435171127319,6.173730850219727
O=C(CCCC(F)(F)CO)C(=O)C(=O)C(=O)[C@@H]1CCS(=O)(=O)C1,0.6932034492492676,0.6932034492492676,0.271233469247818
CC[C](N)C[C@@H](CO)CCONCCC(=O)CCCCc1ccoc1,0.6926628947257996,0.6926628947257996,7.848127841949463
Oc1ccc(SNOCCCCSCCCCSC[C]2COCO2)cc1,0.6904513239860535,0.6904513239860535,9.37750244140625
C[C](CCCCNc1ccc(Cl)s1)SCCSNCCCCC(=O)O,0.6890595555305481,0.6890595555305481,2.486062526702881
C=C(C)[C](C)C(=O)OC(=O)COCOC(=O)N1CCN(C)CC1,0.6886736154556274,0.6886736154556274,3.5820324420928955
CC[C](C)CCSC(=O)CSCCC[C@@H](C)CCCNCNOCOC,0.6879203915596008,0.6879203915596008,6.29938268661499
C[C@H]1CCN(CCCONNNOc2c([N+](=O)[O-])ncn2C)C1,0.6868540644645691,0.6868540644645691,0.7450709939002991
C=C[C@@H](NOCCNCCCNCCCc1ncoc1SC)C(=O)O,0.6838118433952332,0.6838118433952332,2.4180476665496826
CC(C)CCc1nnc(CCCNCCCCCCCCCCCO)s1,0.6833943128585815,0.6833943128585815,2.146665573120117
CSOSCCCCCn1cc(NCCc2ccccc2Cl)nn1,0.6824331879615784,0.6824331879615784,4.390829563140869
C[C@H](CCCCCCO)OCC(=O)CS[C](CO)CC(C=O)C=O,0.6815249919891357,0.6815249919891357,2.239751100540161
C[C](CF)OSSSSCCCNCCC[C@H](CC(=O)O)CC(C)C,0.6802666783332825,0.6802666783332825,6.626673221588135
C[C@H](CF)SCNC(=O)[C@H](C)OCCCCCSC1SC(O)=NC1=S,0.6768934726715088,0.6768934726715088,3.9694650173187256
C[C](N)CCCCCC[C@@H](C)CCSCCCCONCNS[C](C)N,0.6764359474182129,0.6764359474182129,5.636162281036377
CCCCC[C@@H](C)SONCNNCCNSSc1nnnn1C,0.6738508343696594,0.6738508343696594,5.704225540161133
C[C](CF)OCCCNSCCCCCOCCCC(=O)[C@H](C)C(C)C,0.6699864268302917,0.6699864268302917,25.184078216552734
CC[C@H](C)C(=O)C[C@@H](C)[C](C)NCCSCOCCNc1cnsn1,0.6663988828659058,0.6663988828659058,3.1033713817596436
CSCSNCNSCNCNCc1snc2c(Cl)ncnc12,0.6657925844192505,0.6657925844192505,9.930944442749023
C[C](N)[C@@H](O)CSCCC(=O)CCOCCSC(=O)c1nncn1C,0.6628539562225342,0.6628539562225342,4.065569877624512
CC(=O)CC[C@H](CO)C(=O)O,0.6617436408996582,0.6617436408996582,0.7823017239570618
Fc1cnc(NSNSNCCCCCc2nccnc2F)cn1,0.6610716581344604,0.6610716581344604,7.455479145050049
CSSCCCOSSSC,0.6598076820373535,0.6598076820373535,24.944168090820312
CSNCCCSSNCCCCN[C@@H]1[C@H]2CCO[C]2C12CCC2,0.6587934494018555,0.6587934494018555,15.874940872192383
CC(C(=O)O)C(=O)SNSOC(=O)SC(=O)c1ccccn1,0.6559484601020813,0.6559484601020813,3.1544647216796875
CSSCCCNNCCNSCCc1c[n+]([O-])c(Cl)cc1[N+](=O)[O-],0.6538131833076477,0.6538131833076477,10.219382286071777
C[C]1CCN(COSSNNCCCS[C@H](C)CCSC(C)(C)C)C1,0.6526895761489868,0.6526895761489868,4.40847110748291
CN1CCC[C](CCNCCNCCCCC(C)(C)Cc2ccoc2)C1,0.6496039032936096,0.6496039032936096,3.081796407699585
CSCCCCCSCCSNCCSC[C@@H](C)OC(=O)[C@H](C)C(C)C,0.6489928960800171,0.6489928960800171,6.322521686553955
C[C](CN)CNCCCCN[C](CO)N[C@H](CO)CCNC=O,0.6482332944869995,0.6482332944869995,5.63814115524292
C=C(C)[C@@H](C)CO[C@](C)(O)CNCCc1cn(CCN[C@@H](C)N)nn1,0.6459411978721619,0.6459411978721619,0.7334036827087402
CCC[C@H](C)CCCCOC[C@H](CO)SCC[C@@H](C)CCC[C]1COCO1,0.6459155678749084,0.6459155678749084,4.204893112182617
CCCCCCSCCCCSCCNc1nnc(CCCCCC)s1,0.6447597146034241,0.6447597146034241,8.077516555786133
C[C](CCCCCCCCCCCNC=O)CCNNON1CC(F)C1,0.6440742015838623,0.6440742015838623,0.48973050713539124
C[C](CCC(=O)NNSC[C@@](C)(O)CCCCCC(F)(F)F)C(N)=O,0.6428511142730713,0.6428511142730713,1.0606979131698608
C=CCCCCCCC(=O)NCCCCCCN[C]1NC(=O)O[C@H]1C,0.6405485272407532,0.6405485272407532,2.8628969192504883
CC(=O)CC(=O)CC(=O)C(=O)NCCCCCOCCc1ccoc1,0.6396709084510803,0.6396709084510803,0.5470969676971436
CC(C)[C@@H](O)CCNCC(C)(C)CSSC(=O)CCCC1(C)CCC1,0.6377481818199158,0.6377481818199158,2.7024269104003906
Cc1nc(CCC[C@H](CO)C(=O)CNSCCCCCO)cnc1Cl,0.6369484663009644,0.6369484663009644,2.1224911212921143
CCCNSSS[C@H](C)CCCC[C@@H](C)[C](CO)OCC[C](C)CCC,0.6260420083999634,0.6260420083999634,4.334043502807617
CC[C@@H](N)CNSCCSCCCSNCCN1CCOC(C)(C)[C@@H]1C,0.6257628798484802,0.6257628798484802,10.571399688720703
C[C](CCCCO)CCCOCCOCCCOc1ccc2c(c1)OCO2,0.6254917979240417,0.6254917979240417,28.33376121520996
Cn1cnc(SCCNCCC(=O)[C@H](CO)C(=O)Cn2ccnc2)c1,0.624954342842102,0.624954342842102,3.030759811401367
Cc1nc2n(n1)C[C@H](CCSCCCSCCCNC[C@H](C)C#N)CC2,0.6245911121368408,0.6245911121368408,5.676600933074951
CC[C](N)CCCCONCCCC[C@@H](C)CCCC[C](C)C[C@@H](C)CC,0.6240663528442383,0.6240663528442383,15.126562118530273
CC[C@@H](C)CSOSCC[C](C)SCCSNNNc1ccccc1,0.6234488487243652,0.6234488487243652,6.440885543823242
C[C@@H](N)[C@H](O)CCC(=O)SOSSCCNNSNC1=NCCS1,0.6223495602607727,0.6223495602607727,4.400688648223877
CC(C)(C)CCCSSNCNCCCCNNSc1cccnn1,0.6175956130027771,0.6175956130027771,7.488948822021484
CSCCOCCC(=O)CC(=O)[C@H]1C[C]1CC[C@@H]1COCO1,0.6164036393165588,0.6164036393165588,0.25848081707954407
CC[C](N)CCCCCCSSNSNCCCCCCCCC(F)F,0.6150398254394531,0.6150398254394531,6.594291687011719
C[C@H]1CN(CCCON[C@@H](CO)CSCSc2cccnn2)C[C@H](C)S1,0.6133151054382324,0.6133151054382324,13.526865005493164
C[C](CSSCCSOCCOCCCC(C)(C)N)C[C@@H](C)CCCCN,0.6079562306404114,0.6079562306404114,7.266359329223633
CCC[C](C)NSCC[C@@H](C)[C@H](C)CCCC(=O)NSCO[C@H](C)CF,0.6078553199768066,0.6078553199768066,3.8692257404327393
O=CNSONCNC(=O)C(=O)[C@H](CO)CC(F)F,0.6055319905281067,0.6055319905281067,1.4510284662246704
CCCSNCCSSC,0.6017091274261475,0.6017091274261475,21.92995834350586
C#CCCCCSCC[C](C)CNSS[C](C)CC[C@](C)(O)CC(F)F,0.600884199142456,0.600884199142456,2.2142653465270996
CC[C@H](CCO)CCCCNC[C@@H](C)CSCCONC1(C#N)CCC1,0.5984910130500793,0.5984910130500793,2.4212310314178467
CC[C](N)CCCCCCCC[C@@H](C)CC(=O)SCNSC[C@H](O)CO,0.5979526042938232,0.5979526042938232,2.9449386596679688
CC[C@H](C)CCOCCOCC[C](C)CCc1c(Cl)cncc1[N+](=O)[O-],0.5972414612770081,0.5972414612770081,11.066821098327637
CS(=O)(=O)SOOSNCCCNNNCc1nc(Cl)ccc1F,0.5970978736877441,0.5970978736877441,9.497710227966309
C=C(C)[C](C)N[C@@H](CO)OOCCCSCCCCC[C@@H]1COC(=O)O1,0.5962923169136047,0.5962923169136047,2.4735920429229736
CN1CCC[C@H](C(=O)C(=O)N[C](CO)NC(=O)Cc2nnn(C)n2)C1,0.5950396060943604,0.5950396060943604,0.885870099067688
COCO[C](CO)OCC(=O)OCCCc1cn(CSCC(F)F)nn1,0.5942710638046265,0.5942710638046265,5.368741512298584
Cc1nonc1C(=O)CCC[C@H](C)CCN[C@H](C)COC(=O)C(F)(F)F,0.5908151865005493,0.5908151865005493,0.43588730692863464
CC(C)(C)[C](CO)C(=O)NOSCCCOSNc1nc(Cl)cs1,0.5896512866020203,0.5896512866020203,5.6344428062438965
CC[C](C)CCSOC[C](CO)CNC(=O)CCCN1CCN(C)CC1,0.5892167091369629,0.5892167091369629,11.689059257507324
CC[C@@H](C)C(=O)CCCNC(=O)CCCCSCSCCOCC(F)F,0.5857213139533997,0.5857213139533997,4.336535930633545
CSC(=O)[C@H](CO)[C@@H](C)CCCCC(=O)C(=O)C[C@H](CO)CC(C)=O,0.5851489901542664,0.5851489901542664,0.07306762039661407
C[C@H](CF)NCCCSCOCCNCCCc1cn(C)c(=O)nc1O,0.5787434577941895,0.5787434577941895,9.221806526184082
CC[C@H](C)CCSSCCCCCCCC(=O)NOC[C@@H](CC)C(C)=O,0.57832932472229,0.57832932472229,7.838654518127441
CC[C@](C)(C#N)CCCCNCSO[C@](C)(O)CNCCSS(C)(=O)=O,0.5779631733894348,0.5779631733894348,11.210343360900879
CC(C)(CO)CCCNCONCNNCC(=O)NCCCCCCO,0.5715454816818237,0.5715454816818237,3.0225207805633545
CC[C@H](C)NC(=S)NNCCOCCOCCNNNCNCCCO,0.5710715651512146,0.5710715651512146,16.691730499267578
C=CCCCSSSSSNCNCCCNc1cnc([N+](=O)[O-])[nH]1,0.5693066120147705,0.5693066120147705,3.2048749923706055
CN1CCC[C@H](N[C](CO)CCCCCCCC(=O)CC(C)(C)N)C1,0.5683763027191162,0.5683763027191162,3.0185110569000244
C[C](CC[C](CO)SC(=O)CCc1ccncc1)CC(=O)C(C)(C)C,0.5661961436271667,0.5661961436271667,1.0157805681228638
CC[C@@H](N)CCCSCOCCCSNSONCNC[C](O)C(=O)O,0.5652914643287659,0.5652914643287659,4.049587726593018
CC(C)CCCCS[C@@H](CO)NCSC(=O)C[C@@H](C)SC(=O)[C@@H](C)N,0.5641984343528748,0.5641984343528748,2.1946287155151367
CS[C@@H](CO)C(=O)C(=O)NCNNSOCCCSc1cn(C)cn1,0.5628272891044617,0.5628272891044617,0.4612939953804016
c1cn(CCCCCCCCONNOCCCCCN2CCOC2)cn1,0.5624579191207886,0.5624579191207886,10.633832931518555
CC(C)(C)OCCCSCCNCSCCCc1noc2c1CCCC2,0.5620341300964355,0.5620341300964355,8.037494659423828
CSOCCNCN[C@H](CO)[C]1C[C@@H]1[C](C)CCCCN,0.5577993988990784,0.5577993988990784,1.4564337730407715
CCCNSCC(=O)C[C@@H](C)[C@H](C)CC[C@H](C)CCNNCC(C)(C)C,0.5539367198944092,0.5539367198944092,3.948073625564575
C=C(C)CSCCCCCCSSCNC(=O)C(=O)CC(F)(F)C(F)F,0.5531730651855469,0.5531730651855469,2.395723581314087
N#CC1(CCCNSN[C](CO)CCNSCCCC[C@H]2COCO2)CC1,0.5520479083061218,0.5520479083061218,4.6525559425354
CCC[C](C)CCCCNS[C@H](CO)C[C@H](CO)OCCCC(C)(C)CO,0.5506289601325989,0.5506289601325989,4.1631293296813965
CCCn1nccc1SC(=O)CCSCCSCCC(=O)C[C@@H](C)CC,0.5502629280090332,0.5502629280090332,1.4944697618484497
CCCCCCCCSCC(=O)[C@H](CO)CCCC(=O)[C@H]1CCC[C@H]1O,0.5502400994300842,0.5502400994300842,0.666964054107666
C=CC[C@@H](C)[C@@H](CO)CCC[C](C)CCNOCNCCc1nonc1C,0.5497798919677734,0.5497798919677734,4.481384754180908
CC(C)(CO)OSC(=O)CN[C](CO)CCCCC[C@H](CO)CCCO,0.5475331544876099,0.5475331544876099,3.864166021347046
CC[C@H](C)C[C@](C)(O)SCCNNCNOCC[C@@H](C)CCCOCOC,0.5469871163368225,0.5469871163368225,6.193476676940918
CC[C](CC(=O)CC(=O)CSCCC[C@@H](C)CCCCNC=O)C(=O)O,0.545737087726593,0.545737087726593,0.9440587759017944
CSNNCCSCNCN[C@@H](CO)[C@H](CO)NCCC[C](O)C(C)C,0.5437667369842529,0.5437667369842529,6.447465896606445
C=CCNCNC(=O)CCCS[C](CO)CCCCS[C@@H](C)C[S@@](C)=O,0.5427365899085999,0.5427365899085999,4.670299053192139
CC[C@@H](N)CCCCC[C@H](C)SCNCC(C)(C)CO[C@@](C)(CC)CCO,0.5416632890701294,0.5416632890701294,1.4121290445327759
C=C(C)[C](C)[C](CO)CNNNCC[C@](C)(O)C[C@@](C)(O)C[C@@H](C)C(=C)C,0.5332709550857544,0.5332709550857544,8.021788597106934
CCCCNCSOCN[C](C)Cc1ncoc1CCC1(C)OCCO1,0.5314556360244751,0.5314556360244751,4.413839817047119
C[C](N)CCCNC(=O)CCCONOC(=O)CCN1CCO[C@H](C)C1,0.530694842338562,0.530694842338562,4.500651836395264
CCCCCCC[C](C)CCC[C]1CC[C](CCCCCCCCSC)C1,0.52064448595047,0.52064448595047,6.745319843292236
N#Cc1cc([N+](=O)[O-])nn(SC(=O)COSC[C@@H](O)CO)c1=N,0.5197851657867432,0.5197851657867432,0.9895471334457397
CCC[C@H](C)CCCCSNSNCNOCCCNc1ccccc1,0.5187380909919739,0.5187380909919739,2.3212227821350098
C=CC[C@@H](CO)N[C@H](C)CCOCCNCOSC[C@@H](C)[C@@](C)(C#N)CC,0.515784502029419,0.515784502029419,6.473707675933838
COCOSSOCCC(=O)COCCNCNON1CCCCC1,0.5143754482269287,0.5143754482269287,4.153624534606934
C[C@@](O)(CCCOCCCCCCC#N)CC[C@](C)(C#N)CCCCCO,0.5129805207252502,0.5129805207252502,1.1777708530426025
C[C@@H](CNCCCCCCCC(=O)CC(F)F)CNNC1(C)OCCO1,0.5105976462364197,0.5105976462364197,6.13399076461792
CS[C](C)CCOC[C@@H](C)CCCCCCCCC(=O)/C(C)=C\[N+](=O)[O-],0.5099787712097168,0.5099787712097168,0.30092042684555054
CSCSCOCCCSC(=O)CCC1C(=O)N(C)c2ccccc21,0.5097998380661011,0.5097998380661011,8.849922180175781
CSSNNC(=O)CCCCCS[C@@](C)(O)CCCC[C]1CCCSC1,0.5089854598045349,0.5089854598045349,1.7784676551818848
CCC[C](C)OCCC[C@@H](CO)NSCN[C@H](CO)CC(=O)[C@H]1COCO1,0.5082555413246155,0.5082556009292603,3.397808790206909
C[C](C[C@@H](C)OCCNO[C@@H](O)CC(F)(F)F)OCC(=O)CC(N)=O,0.5075681805610657,0.5075681805610657,0.5566074252128601
CC[C](C)CS[C@@H]1CC[C@@H](OOC[C@@](C)(O)CCCNSC(C)(C)C)C1,0.5053576827049255,0.5053576231002808,11.82229995727539
CC[C@H](CO)CSCC[C@H](C)CCCCCSCCSc1ccc(F)cc1,0.5045804381370544,0.5045804381370544,4.8213982582092285
CSOCC[C@@H](C)CCCNCCCOS[C](C)CSCC[C](C)C(C)=O,0.5031387209892273,0.5031387209892273,1.5818734169006348
C=C(C)[C@@H](C)CNCNNCCCCCOCCCCC[C@](C)(O)NSC,0.5020371079444885,0.5020371079444885,4.720724582672119
C[C](CNCCCCCNSCN1CCOC1)c1ncoc1SCC(C)C,0.4979645311832428,0.4979645311832428,7.167605400085449
C=CCCCOONCNOCCCONSN1C[C]2CCC[C@@H](C2)C1,0.4961327016353607,0.4961327314376831,15.326395988464355
CSNNCCCSNCC[C](CO)N[C@@H]1CCCC12OCCO2,0.4910931885242462,0.4910931885242462,5.882038116455078
C[C](CF)SCCCOCCCCCCCCON1C[C@H]2CCC[C@@H](C2)C1,0.4891890287399292,0.4891890287399292,6.543228626251221
CCS(=O)(=O)COSNNSCCSNCCCCC(=O)C1=NCCN1,0.48872482776641846,0.48872482776641846,7.86911678314209
C=C[C@@H](CCCOCC(=O)CC(=O)NCCC(=O)CCCCO)C(=O)O,0.48867562413215637,0.48867562413215637,0.6960448622703552
C[C](CCCCCSCCCCC(C)(C)C)S[C@H](C)C[C](C)N1CCOC1,0.4878177344799042,0.4878177344799042,8.425080299377441
CCC[C](C)CC[C](O)NCNSC[C@@H](C)CCNCCc1scnc1C,0.4869532287120819,0.4869532287120819,6.423194408416748
CC(C)CCC(=O)CCC(C)(C)CCNNCCCc1cncc(Cl)n1,0.4864676594734192,0.4864676594734192,1.0369802713394165
CC[C@H](C)SNCNCCCNCNNSNNCCc1ccc(C)o1,0.48538273572921753,0.48538273572921753,3.8547465801239014
C[C@@H]1CCCCN1CCCCCCCCCNCNNSSNNC=O,0.4846169352531433,0.4846169352531433,2.250495433807373
CC1=NO[C@@H](SC[C@](C)(O)CCCSCCCNCNOc2ccoc2)C1,0.48249560594558716,0.48249560594558716,7.755096912384033
CCCNCNSO[C@H](C)CC(=O)CCCCCCCCCC(F)(F)F,0.48173123598098755,0.48173123598098755,0.7919459939002991
C#C[C@H](CNSCOS[C@H](O)CCCCCCCc1nc(C)cs1)C(C)C,0.4802306890487671,0.4802306890487671,5.420205593109131
CSCCC[C@](C)(O)O[C](CO)NC(=O)SCCCSc1nnc(O)o1,0.47820815443992615,0.47820815443992615,1.9598162174224854
CCCCCC(=O)[C@@H](C)C(=O)OOC(=O)[C@@H](CO)CCCCC[C](C)N,0.47674569487571716,0.47674569487571716,1.9892995357513428
C[C@@H]1OC(=O)N[C@@H]1CCCNCCCSCC(C)(C)CO[C](CO)CC=O,0.4724716246128082,0.4724716246128082,0.7014667391777039
Cc1noc(C)c1[C@H]1C[C@H]1CCOSC(=O)SCCCC(C)(C)C,0.4720713794231415,0.4720713794231415,1.8689382076263428
CCC[C@H](C)SCCCO[C](C)CCSCC[C@H](C)CCc1cncnc1,0.4703459143638611,0.4703459143638611,0.8730089068412781
C[C@@H](CCCCCCSNOSCCOc1ccncc1)CC[C@H](C)CF,0.46919289231300354,0.4691929221153259,3.5915887355804443
CC[C@](C)(C#N)NC(=O)SCCSCCCSCCNc1cccnc1Cl,0.4684676229953766,0.4684676229953766,6.351655006408691
C=CC[C](C)C(=O)CNSCCCCCOCCCCCCC1(C#N)CC1,0.4647212624549866,0.4647212624549866,4.379560947418213
C[C]1OC(=O)N[C]1CCCC(=O)CC[C@@H](C)N[C@H](CO)SCC(C)C,0.4633416533470154,0.4633416533470154,0.7870281338691711
NC(=O)COC(=O)CONCCNCCSS[C@@H]1CCCC12OCCO2,0.4624834358692169,0.4624834358692169,2.4829089641571045
CC[C@H](C)C[C@@H](C)ONCCC(=O)NOCCCc1ncc([N+](=O)[O-])s1,0.45587384700775146,0.45587384700775146,12.345458984375
CC[C@H](C)CCCNCC(C)(C)CCCCCCONCc1ncccn1,0.4557044804096222,0.4557044804096222,3.6364529132843018
CC(C)CCC(=O)NCCCCCC[C@](C)(O)[C@H](CO)[C@@H]1COC(=O)O1,0.45567086338996887,0.45567086338996887,0.24290142953395844
CCS(=O)(=O)CCCNCCCCOONNCNN1CCO[C@@H](C#N)C1,0.45127028226852417,0.45127028226852417,1.7721035480499268
Cn1ccc(SNCNNOSCCCCCCCCCC[C@@H](O)CO)c1,0.4505637586116791,0.4505637586116791,3.6684789657592773
CSCOCNCCCC(=O)ONCNNCNSC1(C#N)CC1,0.4503653943538666,0.4503653943538666,6.1496100425720215
C[C](O)CC(=O)O[C@@H](CO)n1cc(OCCCOCC[C@@H](C)CN)nn1,0.448668897151947,0.448668897151947,1.5344561338424683
C[C@@H]1COCCCN1CCC(=O)NCCCNC[C@](C)(C#N)CCCCO,0.4460478127002716,0.4460478127002716,0.18261966109275818
Nc1cnc(NCS[C](O)CCCCOc2cc(Cl)c(C=O)cn2)cn1,0.442563533782959,0.442563533782959,0.4983125627040863
O=C(CC[C@@H](O)NCNOC(F)(F)C(F)F)[C]1CC12CCC2,0.4423321783542633,0.4423321783542633,1.3184834718704224
CCCCC[C](O)CCCCCCSNSNCNCNc1scnc1C,0.43999823927879333,0.4399982690811157,2.8577256202697754
Cc1csc(CCCSC(=O)CCCNOC[C](CO)C[C]2CC2(F)F)n1,0.4320943355560303,0.4320943355560303,3.698850154876709
C[C](CF)NCCCC[C](CO)C(=O)NCCCC(=O)C[C@H](C)C[C@@H](C)N,0.42777055501937866,0.42777055501937866,0.5841086506843567
COCOCC(C)(C)CCNCCSNNCCCC[C@@H](C)[C@@H](C)C(F)(F)F,0.4270763099193573,0.4270763099193573,3.362776041030884
C=CCCC(=O)NSCCC(=O)SC[C@H](CO)[C@@H]1CC12CC2,0.426967591047287,0.426967591047287,0.9338445663452148
C=CCCCC(=O)COC(=O)CCCCC(=O)C(=O)C1=NNC(=O)CC1,0.426026850938797,0.426026850938797,1.730431318283081
CC[C@H](C#N)CCC[C@@H](O)CCCSCC[C@@H](C)CCN1CCOC[C@H](C)C1,0.42554038763046265,0.42554035782814026,1.4330557584762573
C[C]1CN(COC(=O)OO[C@H](C)CC(=O)[C@@H](C)N)C[C@H]1O,0.42487412691116333,0.42487412691116333,0.6850975155830383
CON(C)CCCCCC(=O)SSCCCCCCC(=O)CC(=O)C(C)C,0.4241653084754944,0.4241653084754944,2.0762977600097656
CCC[C@@H](N)CNCNN1CN(CNO[C@@](C)(CC)CCO)CC1=O,0.4228772521018982,0.4228772521018982,0.5058113932609558
C=C(C)CCCCCC[C@@H](CO)CCCCNOCCC[C@H]1NC(=O)O[C]1C,0.4216403365135193,0.4216403365135193,2.2802531719207764
CS[C@@](C)(C#N)CNSOSNSCCCS[C@@H](C)CF,0.4211972653865814,0.4211972653865814,3.8333849906921387
CC[C@H](C)OCC(=O)OCCC[C]1OC(=O)C(=O)C1=O,0.42086222767829895,0.42086222767829895,2.7173104286193848
CS[C](C)CCC(=O)CCCS[C](CO)CNCCC[C@@H](C)N[C@@H](C)CN,0.4189957082271576,0.4189957082271576,3.395395040512085
C[C]1C[C@@H](NSNCNC(=O)CCOSC[C@@H](C)Cc2ccoc2)[C](C)O1,0.4185559153556824,0.4185559153556824,7.31330680847168
CC[C](N)CONCCCCCNS[C@@](C)(O)CCN[C@H](CO)C(F)(F)F,0.4180966913700104,0.4180966913700104,4.30737829208374
C[C@H](CCNSCC[C@@H](C)OCOC(=O)NCCCCO)Nc1ccsc1,0.41526132822036743,0.41526132822036743,4.829517364501953
c1ccc2c(CNCCCSSCCNOC[C@H]3COCO3)ccnc2c1,0.4146234095096588,0.4146234095096588,9.045746803283691
C=C(C)[C@@H](C)CCCCCNC(=O)S[C@H](CO)CSC([N+](=O)[O-])[N+](=O)[O-],0.4145825207233429,0.4145825207233429,2.0441057682037354
C=CCCCCCCCCC(C)(C)CSCOS[C@@](C)(O)Cc1nc(C)cs1,0.4047723710536957,0.4047723710536957,2.483264207839966
C[C@@H](CCCCCC=O)CNNCCNCCNCNc1ncccc1F,0.40045270323753357,0.40045270323753357,3.906802177429199
C[C](CCNCCCCCCCCCCCSn1cnc(C#N)n1)C(C)(C)C,0.39959487318992615,0.39959487318992615,1.6684843301773071
CC(=O)[C@@H](C)NCCCCCCCCO[C@@](C)(O)C[C@H](CO)NC(C)(C)C,0.39926835894584656,0.39926835894584656,1.8427685499191284
CSONCNCC(C)(C)CC(=O)CCCCNSCCCC[C](O)CO,0.39897415041923523,0.39897415041923523,2.2133800983428955
CC[C@](C)(C#N)CCCNCCCCCCOC(=O)CCCCC[C@@H](C)CN,0.3981226980686188,0.3981226980686188,3.7514519691467285
O=CC[C@@H]1CC[C](NCNNSNSNCCc2cnoc2)C1,0.39715346693992615,0.39715346693992615,1.6773475408554077
CC#CC[C@H](C)CC(=O)[C](CO)C(=O)OCCCOSCN[C](C)C(N)=O,0.39545974135398865,0.39545974135398865,0.31770479679107666
Cc1cc(OC(=O)[C@@H](CO)SOCCNCCOC(C)(C)CO)nc(N)n1,0.39543187618255615,0.39543187618255615,1.5153214931488037
C[C](CCOCCCCSCCSc1nnc(C)s1)C(=O)Cc1nonc1C,0.38601383566856384,0.38601383566856384,1.5094901323318481
CC(C)(C)[C@@H](O)C(=O)OC(=O)CCOCCCC(=O)CSNCCCCO,0.3844144642353058,0.3844144642353058,1.2318705320358276
Cc1nc(-c2ccc(Cl)s2)sc1CCNNSNNCCCCC[C@@H](C)N,0.38405972719192505,0.38405972719192505,5.266977787017822
Cc1csc(=O)n1NSCN[C@H](CO)CCNCNOCCNC(C)(C)CO,0.3835170865058899,0.3835170865058899,5.411116600036621
CCCCCCC(=O)CC[C@@](C)(O)NCCSS[C@@](C)(O)C[C@H]1CCCO1,0.3830312490463257,0.3830312490463257,2.8142025470733643
Cc1nonc1OOCCCCNCCCCNOS[C]1CC(C)(C)CO1,0.3818969130516052,0.3818969130516052,3.7398111820220947
C=C(C)CCCC(=O)SCCNNSN1CC[C@H]([C](C)CSC)[C@H]1C,0.37455201148986816,0.3745519816875458,10.263662338256836
C=C(C)[C@@H](C)SCCC[C@H](O)CCSCSSCCSN1C[C@@H](C)C[C@@H](O)C1,0.3734074831008911,0.3734074831008911,6.729569911956787
Cc1nonc1CCCCCCCCCC(=O)SCCN1CCO[C@H](C#N)C1,0.3671753406524658,0.3671753406524658,1.1104786396026611
CC(C)CCCCCC(=O)OC[C@H](C)CCCC(C)(C)CCCCCC(N)=O,0.3656451106071472,0.3656451106071472,0.49801433086395264
C[C]1OC(=O)N[C@@H]1NSCCCCCSC[C@](C)(O)CCCCCCNC=O,0.36314675211906433,0.36314672231674194,1.5244203805923462
COCOC(=O)NCCCC[C](O)CCCCC[C@H](C)CCC(=O)[C@@H](C)CN,0.36056002974510193,0.36056002974510193,0.010436384938657284
OCCCNCCCCc1csc(CCCCSCCCCN2CCCC2)c1,0.35990700125694275,0.35990700125694275,5.166602611541748
C[C](N)Cn1nc(C)c(COCCCCSCCNC(=O)CC(C)(C)CO)n1,0.35935238003730774,0.35935238003730774,4.808875560760498
CCC(=O)CNS[C](C)CNCO[C@@](C)(O)CSCCc1cnnc(Cl)c1,0.3592287302017212,0.3592287302017212,6.980039596557617
CSCCCS[C@H](C)COCCCCSn1nc([N+](=O)[O-])cc(C#N)c1=N,0.35820263624191284,0.35820266604423523,3.3081703186035156
C=CCCCC[C](C)CCCC(=O)C[C](C)SC(=O)OC(=O)c1cccs1,0.35772940516471863,0.35772940516471863,0.1939239352941513
C[C](N)CC(C)(C)CCC(C)(C)CCCC[C@@H](C)CCCOOSN1CCC1,0.35695770382881165,0.35695767402648926,1.5550295114517212
C[C@H](OCCC(=O)CSCC(=O)CC(=O)CCc1nnc(O)[nH]1)C(F)(F)F,0.35569629073143005,0.35569626092910767,1.380889654159546
Cn1nnnc1CC[C@](C)(C#N)NC(=O)SC(=O)NCC[C]1CCNC1=O,0.34705108404159546,0.34705105423927307,2.261687994003296
C[C](CN)Oc1cn(SNCNSCCSNC[C@H](CO)C(C)(C)C)nn1,0.34201887249946594,0.34201887249946594,2.314392328262329
CC(C)(O)CC[C](O)CCCCCCSNNCCN1CCC[C@](C)(O)CC1,0.3413139581680298,0.3413139879703522,6.090658187866211
CCS(=O)(=O)CNC[C](C)CCCCCOCCCNNSc1ncc(C)s1,0.34126046299934387,0.34126049280166626,0.9592158794403076
C[C](CC[C@@H](O)CO)NCCCCCC(C)(C)CCC(=O)Nc1scnc1C,0.3397274613380432,0.3397274613380432,0.7112762928009033
CC[C](C)C(=O)SNC(=O)SNCC(=O)c1c(Cl)cncc1[N+](=O)[O-],0.33914297819137573,0.33914297819137573,3.35054874420166
CC(=O)CCCOCCSC(=O)[C@H](CO)c1ccc([C@@H](C)CN)nc1Cl,0.3351646959781647,0.3351646959781647,1.8510892391204834
C[C@@H](NCC(C)(C)CNC(=O)SCCS[C]1CCN2CCC[C@H]2C1)C(=O)O,0.3347216546535492,0.3347216546535492,2.0100748538970947
Cc1nonc1CCCNNCC(=O)CCCNc1c2c(nn1C)CCC2,0.33208680152893066,0.33208680152893066,3.461198568344116
Cc1nc(NC[C@@](C)(O)SCCCCn2cc(SOS(C)(=O)=O)nn2)cs1,0.33204519748687744,0.33204519748687744,1.0897334814071655
C[C@H](CCCc1cccc(=O)n1C)NCSSCCCCCCC(=O)NC=O,0.3318299353122711,0.33182990550994873,3.330294370651245
Cn1cc(CCSCC[C](CO)CCCNCNNNC=O)c(=O)n(C)c1=O,0.32697373628616333,0.32697373628616333,1.3325698375701904
O=CCCSCCCCCCSCCCSCCNNc1nc(O)cc(=O)[nH]1,0.32537439465522766,0.32537439465522766,4.455402374267578
Cc1csc(CC[C@@H](C)NC[C](CO)CCSNNNC(=O)CC(C)(C)N)n1,0.32502469420433044,0.32502466440200806,0.38591092824935913
O=C(CC(=O)C(F)F)SCCO[C@H](CO)c1nnc2n1CCNC2=O,0.3239612877368927,0.3239612877368927,0.5341815948486328
C=C[C@H](C(=O)O)C(=O)CCOCCSCCCONCNCCCCCCO,0.3237331509590149,0.3237331509590149,3.4286389350891113
C[C]1OC(=O)N[C@H]1COSCCCCOCCCOSCCc1cnccn1,0.3220423758029938,0.3220423758029938,3.5393078327178955
C=C(C)[C](C)CCNSCC(=O)CO[C@H](C)CCCCCCCCC(C)(C)O,0.3216245770454407,0.3216245770454407,7.952591419219971
C[C](CCCSN1CCO[C@@H](C#N)C1)CC[C@@H](CO)CCOCCCCCCO,0.3204614222049713,0.3204614520072937,0.9108886122703552
CC[C@@H](N)CCNCCNN[C]1CC[C](SCCCCCC(F)(F)C(F)F)C1,0.3200512230396271,0.3200512230396271,9.09463119506836
CC[C@H](C)CCCSCOSCCNONNc1cc(C)nc2ccccc12,0.31974297761917114,0.31974297761917114,4.78992223739624
CC[C@H](C)C(=O)CCCCSNSCNSCCc1nccc2ccncc12,0.31889528036117554,0.31889528036117554,7.643144607543945
C[C](CF)C(=O)OSCCNN[C@H]1CC[C@@H](CCNCCN2CC(F)C2)C1,0.31841933727264404,0.31841936707496643,2.3789255619049072
C=C[C](CCCNNCNCC[C](CO)SC[C](C)Sn1cncn1)C(=O)O,0.3182936906814575,0.3182936906814575,1.9720193147659302
C[C@H](CCC[C](O)SSCCOSS[C@@H]1CCCCO1)c1cccnc1Cl,0.3178015947341919,0.3178015947341919,0.23668210208415985
Cc1nnsc1NSCCNCCSCCSCCc1onc2ccccc12,0.31757310032844543,0.31757310032844543,7.959474086761475
C[C@H](CCCSSCC(=O)C(=O)c1cn(C(=O)N=S=O)nn1)O[C@@H](C)N,0.31715744733810425,0.31715747714042664,1.0525202751159668
Cn1cnc(NC(=O)CCCCCCCONNCCc2ccc(F)nc2)c1,0.3166264593601227,0.31662648916244507,2.9043424129486084
C[C@@H](CF)CCSCCOSNCCNCc1ccc2c(n1)=NC(=O)C=2O,0.3158442974090576,0.3158442974090576,14.140897750854492
C[C](c1nncn1C)[C@@H](C)C(=O)C(=O)[C@H](C)CC(=O)COCCC(=O)O,0.3139072358608246,0.3139072358608246,0.15433315932750702
Cc1nnsc1CCCCCCCSCCCNSCC[C@H](CO)C(C)(C)CO,0.3124823272228241,0.3124823272228241,5.349928379058838
C=C(C)CCC(=O)N[C](C)CCOCC(=O)CCOc1cc([N+](=O)[O-])c[nH]1,0.3104954659938812,0.3104954957962036,0.8443096280097961
C[C]1CN(C[C@@H](C)C[C@@H](CO)CCCCCCCCCCO)CCN1CCCO,0.3056321442127228,0.3056321442127228,1.4846570491790771
CC[C@](C)(CCO)[C@@H](C)CC(C)(C)CCCCC(=O)[C](CO)CC(=O)C(C)C,0.3054792582988739,0.3054792582988739,0.18836753070354462
CCCCCCCCCCCC(=O)NC(=O)SCCCCC(=O)SC[C@@H](C)N,0.3042502701282501,0.3042502701282501,2.7725307941436768
C=CC[C@@H](CO)OC[C@@](C)(O)SC(=O)NNC(=O)N[C@](C)(O)CN1CC(F)C1,0.30305930972099304,0.30305930972099304,2.946878433227539
C[C@@H](CF)C(=O)C[C@@H](CO)SCCNSCC(=O)CCN1CCC[C](C#N)C1,0.30149707198143005,0.30149707198143005,4.687995910644531
C[C@H](CCCCSSCCc1cnn(C)n1)NNCSO[C]1CCCNC1=O,0.30017733573913574,0.30017736554145813,1.7011301517486572
CC[C](C)CCSCCCCNCNCC[C@@](C)(O)CN[C](C)c1nc(Cl)cs1,0.2993682622909546,0.2993682622909546,4.014279842376709
CC[C@H](N)CCNNSCCOCCCCNc1ccc(SC)cc1[N+](=O)[O-],0.2992219626903534,0.299221932888031,2.835357427597046
C[C@H]1COCCN(OC(=O)SCCCSCCCNCCCS[C@H]2COCO2)C1,0.2986851632595062,0.2986851632595062,3.3279035091400146
C[C@H](CF)[C](CO)CCCCCCSCC[C@@](C)(O)NCN[C](CO)C(C)(C)C,0.29849961400032043,0.29849961400032043,4.29608154296875
C=CCC(=O)C(=O)CCCCC(=O)CCCSC(=O)NCC[C]1COCCO1,0.2984408140182495,0.2984408140182495,4.012364864349365
C[C@@H](CCC(C)(C)S(C)(=O)=O)CC(=O)NOCCOSOOCCC(C)(C)C,0.29595866799354553,0.29595866799354553,7.9081950187683105
CC[C](C)SS[C](C)CCCCC[C@@H](CO)OCC[C@@H](C)OCCC[C@@H](C)CC,0.2944679856300354,0.2944679856300354,2.451448440551758
C[C@@H](CCCCCC(=O)[C@H](CO)[C@H](CO)OC(=O)[C@@H]1C[C@H]1[N+](=O)[O-])C(N)=O,0.2910183370113373,0.2910183370113373,1.0477970838546753
O[C](CCCCC/C=C\Cl)CCSCCC[C]1CC[C](C2CCC(O)CC2)C1,0.2872403562068939,0.2872403562068939,0.48018258810043335
C[C](CCCCN)CCC(=O)NCCSC(=O)[C@H](O)CCc1nccnc1F,0.28538721799850464,0.285387247800827,0.7987421751022339
Clc1nnc(CNCCNCCNCCCc2cnsn2)nc1[C]1COCO1,0.28497055172920227,0.28497055172920227,2.561372995376587
C[C@@H](CF)SCCc1ocnc1NSNCC[C](CO)CCCC(F)(F)F,0.2843274474143982,0.2843274474143982,10.27145767211914
CSC(=O)CCCCCCO[C@H](CO)CC(C)(C)CCC[C@H](C)[C@H](CCO)SC,0.27956825494766235,0.27956825494766235,0.09256434440612793
C=C(C)[C@@H](C)OCCC[C@H](C)CCN1CCOC[C@H]1ONCCc1cn(C)cn1,0.27949389815330505,0.27949389815330505,6.1294426918029785
CCCCCCCC(=O)CCSCC[C@H](C)CCCC[C@H](CC(C)C)C(C)(C)C,0.27814576029777527,0.2781457304954529,5.346188545227051
C[C](CCCCN)CCSC(=O)CC(=O)CCCOC(=O)c1nccnc1C,0.2741236686706543,0.2741236388683319,4.281644821166992
C[C](N)CCCCCCCN[C@H](CO)CNSCC(=O)SN1CCO[C@@H](C#N)C1,0.2738439440727234,0.2738439440727234,6.907773494720459
C=C(C)[C](C)NCNCCNCC(C)(C)CO[C@H](C)CCCC[C](C)C1CCC1,0.2698909640312195,0.2698909640312195,1.6789131164550781
CC(C)(CCCCCCc1cnc(N)cn1)COCNCNC(=O)N1CCOC1,0.26439622044563293,0.2643962502479553,6.14351749420166
O=[N+]([O-])c1cc(Cl)ncc1CCS[C@H](CO)NCCCNN[C]1COCCO1,0.26360782980918884,0.26360782980918884,4.99834680557251
C=C(C)CC(=O)CCCC[C@](C)(O)CSOCCCSCC[C@@H](C)[C](C)C(N)=O,0.26271992921829224,0.26271992921829224,1.4794361591339111
C[C](CCNC(=O)[C@H](C)C(N)=O)NS[C@H](C)CCC(C)(C)Cc1ncccn1,0.26257771253585815,0.26257771253585815,0.294342577457428
CC(C)(CCC(=O)SOCNc1cccnc1)CC(=O)Cc1ccc(O)cc1,0.2608528733253479,0.2608528733253479,2.122750997543335
C=CCCC(=O)OSC(=O)Cc1nnc([C](C)CSC(=O)CCC=C)s1,0.2607485055923462,0.2607485055923462,0.6294916272163391
Cn1cnc(SCCC(C)(C)CCCNSC(=O)CNCCCN2CCOC2)c1,0.2602233290672302,0.2602233290672302,3.2019307613372803
CCCCCCC(=O)CC[C@@H](CO)C(=O)CCSC(=O)CC(=O)CNC=O,0.25993242859840393,0.25993242859840393,0.20558635890483856
CONC(=O)CCCNNOCCCCCCOCCC(=O)NN1CCOC1=O,0.2585699260234833,0.25856995582580566,1.5816776752471924
Cc1noc(C)c1CCCC[C@@](C)(O)CCCCC(=O)C[C](CO)CCCCO,0.2583446502685547,0.2583446502685547,2.1608262062072754
Cc1cc(NCNNCC[C@@H](C)CCCCCSCOC(=O)CCCCO)no1,0.2568415403366089,0.2568415403366089,2.6323392391204834
CCC[C](C)NCCCSCCNCNNCCONCNc1cc[n+]([O-])cc1,0.25666531920433044,0.25666531920433044,3.922390937805176
C[C@H](CCCCC[C@H](CO)NC(C)(C)C)NCCSCCNCNc1ccsc1,0.2564346194267273,0.2564346194267273,7.978062629699707
CCCCCCCCSCC[C](C)CCNNCC(=O)CC[C](CO)CCCO,0.25575557351112366,0.25575557351112366,2.466312885284424
C[C@H](CNc1ccc(=O)n(C)n1)ON[C@H](CO)[C@H]1C[C@H](N)C1,0.25474199652671814,0.25474199652671814,0.8143507242202759
CCCSCCCOCCC[C@](C)(O)CS[C@H](C)CC/C=N/Nc1ccccc1,0.25203484296798706,0.25203484296798706,1.851333737373352
C=CCCSCC(C)(C)CSNc1nnc(CNC(=O)N[C@H](C)CCCCN)s1,0.25193098187446594,0.25193098187446594,2.3632397651672363
C[C@H](CCC[C@H](CO)CCC[S@](C)=O)NC(=O)[C@](C)(O)CNCCCCC(=O)O,0.24970655143260956,0.24970656633377075,1.5530840158462524
CC1=NO[C](OCCCON[C@@H](CO)OCCCNN2CCn3nccc3C2)C1,0.2463633120059967,0.2463633120059967,2.896280527114868
C=CCC(=O)CCCCNCCCNCCCC(=O)CCCC[C](C=C)C(=O)O,0.2462560534477234,0.2462560534477234,2.7575201988220215
C[C]1O[C@H](C)C[C]1CC(=O)CCCCCC[C](CO)CCC(=O)[C@@]1(C)CCCO1,0.24184764921665192,0.24184764921665192,0.21175745129585266
C[C@H](CCCC(=O)ON1CC[C@@H](N)C1)CCOSC(=O)CCC(=O)C(C)(C)C,0.23944416642189026,0.23944416642189026,2.2862932682037354
O=C(NNCN1CC(F)C1)SNCC(=O)[C@H](CO)[C]1CCCNCC1,0.23909033834934235,0.23909033834934235,3.6532695293426514
CC[C@@H](C)CCCCCSNSOCCN[C](C)Cc1cnc([N+](=O)[O-])cc1Cl,0.23818527162075043,0.23818530142307281,7.167469024658203
Cc1ncsc1C[C@](C)(O)CCS[C](CO)SC(=O)C(=O)c1cnc(N)cn1,0.2373899519443512,0.2373899668455124,0.34149837493896484
CCCCCCC(C)(C)CCCCCCC[C](C)NCC(C)(C)CCCCCCO,0.23704108595848083,0.23704110085964203,0.15798038244247437
C=C(C)[C](C)ONNCC(C)(C)CNCC[C@@H](C)CCOC(=O)c1nc(C)cs1,0.2343115657567978,0.2343115657567978,2.545635938644409
CSCCCCC[C@](C)(O)NCCSC(=O)CCNCCN1C[C@H](C)C[C@H](C)C1,0.23409561812877655,0.23409557342529297,3.4057037830352783
CC[C@H](N)CCCCN[C@@H]1CC[C@@H](NCCNS[C@@H](CCO)N2CC(F)C2)C1,0.23403821885585785,0.23403821885585785,2.017817258834839
C[C@H](CCSC(=O)SC(=O)C(F)(F)F)COCCNC(=O)NCNC(C)(C)CO,0.23274289071559906,0.23274290561676025,1.4283721446990967
CON(C(=O)CC(C)(C)C[C](CO)OSC(=O)CNC(=O)[C@@H](C)CF)C(C)C,0.23144246637821198,0.23144245147705078,0.9735575318336487
OCCCCCC[C@@H](CO)[C@H](CO)NCCCCNCCCOCCN1CCOC1,0.2306590974330902,0.2306591123342514,17.102563858032227
C[C@@H]1CN(C[C](CO)NC(=O)CCSC(=O)CC[C@@H]2CCOC2=O)C[C]1N,0.23046788573265076,0.23046788573265076,1.8021186590194702
CSCCCCCNCCSOCOc1cc2c(c([N+](=O)[O-])c1)NC(=O)C2=O,0.22914549708366394,0.22914549708366394,8.979104995727539
O=C(CCCCCOCCCCCOc1ccncc1)SCCc1ccccn1,0.22815805673599243,0.22815804183483124,2.466097593307495
CCCCCCCSCCCCNCCCC(C)(C)CNCC[C@H](CO)[C](C)CC,0.22523272037506104,0.22523273527622223,2.3746025562286377
CCC[C@H](C)C[C](O)CC(C)(C)CCCCNCCC[C](CO)Sc1ccn(C)n1,0.22479645907878876,0.22479645907878876,0.40943053364753723
C[C](CS[C@@](C)(O)CNC=O)S[C@H](CO)CC(=O)SO[C@]1(C)CC1(F)F,0.22441589832305908,0.22441589832305908,2.4126880168914795
C[C](CCCCCC(=O)[C@@](C)(O)CCCC#N)CCCC[C@@](C)(O)CC1(O)COC1,0.2221726030111313,0.2221725732088089,1.35630464553833
C#C[C](C(=O)CO[C@@H](C)CCCCCC(=O)NC(=O)[C@H](CO)OCCC)C(C)C,0.2203904092311859,0.2203904092311859,0.9880858659744263
C=CC[C@@H](CCCCCCC[C@@H](C)NC(=O)C1([C@@](C)(C#N)CC)CCC1)C(=O)O,0.220265731215477,0.220265731215477,1.2735717296600342
CC(C)(O)C[C@@](C)(O)CCNNCCCSCCCCCCN1CCO[C@@H](C#N)C1,0.22025170922279358,0.22025169432163239,8.13595199584961
CCCc1ocnc1[C@@](C)(O)CCCCNCCCC[C](C)C[C@@H](C)C[C@@H](O)CO,0.2190219610929489,0.2190219610929489,4.47619104385376
C[C](CCNCNSSC(=O)OSSC(F)(F)F)[C@@H]1CCCCO1,0.21421100199222565,0.21421098709106445,1.1071621179580688
CC[C@H](N)CNN1CC2(CCCC2)C[C@H]1SSCCNCCNc1cc(C)on1,0.20644313097000122,0.20644313097000122,7.3522233963012695
CC[C@H](C#N)C(=O)SCNNCCCCCCCNCC(C)(C)Cc1coc(C)c1,0.2061638981103897,0.2061638981103897,2.618993043899536
CC(C)(CCNCCCCSCCCCc1cnn2c1OCCC2)CC[C@@H](O)CO,0.20557551085948944,0.20557552576065063,5.626266002655029
C[C](CCNNn1cnc(C#N)n1)CC[C@@H]1CC[C@@H](CCCCNCCCO)C1,0.20526354014873505,0.20526354014873505,4.046115398406982
CC[C@H](C)N(OC)C(=O)SCCSCSCCCCCCCCc1cnc(F)cn1,0.20175865292549133,0.20175865292549133,14.465483665466309
C=C(C)[C@H](C)SCC[C@@H](CO)[C@@H](CO)CCONCCC[C@H](O)CC[C](C#N)CC,0.20059563219547272,0.20059563219547272,6.526658058166504
CC(C)C[C@](C)(O)CNC(=O)Sc1ncoc1[C@@](C)(O)CONCNSCCCO,0.1994941681623459,0.1994941532611847,0.28506866097450256
C[C](CCCSNCC[C@H]1CCN1CCCN[C](C)C[S@@](C)=O)CCC(C)(C)CO,0.19890999794006348,0.19890999794006348,0.7488657832145691
C[C](CCCCNN1CC[C@@]2(CCN(C)C2)C1)NCCCCCSOSCNC=O,0.19887980818748474,0.19887982308864594,6.836950778961182
Cc1csc(OCOC[C@](C)(O)OCCSNCc2nccc3ccncc23)n1,0.19442762434482574,0.19442762434482574,8.12193775177002
C[C](CCNCCN1CCC=C(Cl)C1)SCSCCCCCCNCC(F)(F)CO,0.19159522652626038,0.19159522652626038,0.580216646194458
CCCCC[C](C)[C](CO)CCCC[C@@](C)(O)CSS[C@H](CO)NCNC(=O)CC,0.1903243064880371,0.1903243064880371,1.43863844871521
O=C(CCCC(=O)NCSC(=O)S[C](CO)c1ccsc1)CCc1cccnn1,0.1895790696144104,0.1895790696144104,3.926924705505371
CC[C@](C)(C#N)CC(=O)OC(=O)NCNSSCCc1ccc(F)cc1[N+](=O)[O-],0.18831662833690643,0.18831662833690643,2.209352731704712
C[C@H](C[C@H](C)C(N)=O)CC(C)(C)CO[C@H](C)C[C@H](CO)CCCC[C@@]1(C)CCCO1,0.18777483701705933,0.18777483701705933,0.7126896381378174
CC(C)(CSCCS[C@H](CO)NCNN1CCCCC1)C[C@](C)(O)CN1CCOC1,0.18754048645496368,0.18754048645496368,1.3719505071640015
C[C@H](CC(=O)CC(=O)SCCCC(=O)CCC[C@H]1C[C@@H](O)C1)Oc1ccncn1,0.18601420521736145,0.18601422011852264,0.9318355321884155
C[C@@H]1C[C@H](CCSCCCNCCCCCCCC(=O)c2ccc(C#N)o2)CCN1,0.18535926938056946,0.18535926938056946,4.614251136779785
CC[C@@](C)(CCO)OCCCCCCC(=O)CSCC[C@H](CO)CCCCC(N)=O,0.18072909116744995,0.18072910606861115,4.122353553771973
C[C](CF)CNOCCNCCCCCCCCCC1C(=O)N(C)C(=O)N(C)C1=O,0.17879179120063782,0.178791806101799,3.9908697605133057
C[C@@H](CCCNC(=O)CCC[C@@](C)(O)CC(=O)CCCC#N)CCN1CCOC1=O,0.17797932028770447,0.17797932028770447,0.4498417377471924
CC(C)(CO)C(=O)CCSCCNCCCNOSCc1c(Cl)cncc1[N+](=O)[O-],0.1774703413248062,0.17747032642364502,3.3838579654693604
O=CNN1CCO[C@@H](CCCCCCOCCCOCCCCCCN2CCOC2)C1,0.1760236918926239,0.1760236918926239,0.6655651330947876
CC1=NO[C@@H](CCOC[C@@H](CO)SNC[C@](C)(O)N[C@H](CO)C[C]2COCO2)C1,0.17585530877113342,0.17585530877113342,7.1900529861450195
C=CC[C@@H](C)CCCCCOCCCNCCCC(C)(C)COCCCC(F)(F)CO,0.17397429049015045,0.17397429049015045,2.191643238067627
CC(C)(CSCCN1CC[C@@H](N)C1)CC(=O)CCCNSNN1CCC[C@H](C#N)C1,0.1721930056810379,0.1721930056810379,1.0872490406036377
Cn1cnc(CCONCCCCCOCCCN2CC[C@H]3NC(=O)CC[C@@H]3C2)c1,0.16938704252243042,0.16938704252243042,11.461845397949219
C[C@H](CCCNCNOCCOC[C@@H]1CCCNC1=O)CCCC(=O)CCC(=O)O,0.1634799838066101,0.1634799838066101,0.8887804746627808
CC(C)(CSCCCOSNN1CCCCC1)C[C](CO)N[C](CO)CCCCO,0.16214866936206818,0.16214866936206818,2.7804322242736816
CC(=O)CSC(=O)CCCC[C@](C)(O)CCCCC(=O)C(=O)CCNCC[C@@H](C)O,0.16200514137744904,0.16200514137744904,1.2149100303649902
C[C]1OC(=O)N[C@@H]1SC(=O)SOCCCC(=O)C(=O)CCC[C](O)CCCC=O,0.16193896532058716,0.16193896532058716,1.089409589767456
CSNCNCCC[C@@H](C)CC(C)(C)CSCCC[C@H](CO)CCCOCCCCO,0.16037026047706604,0.16037026047706604,5.878764629364014
Cn1nnnc1[C](O)C[C@@H](CO)CCCCC(=O)CS[C](CO)CCCC(C)(C)C,0.15684956312179565,0.15684954822063446,5.244445323944092
C=CCCCCCC(C)(C)CSCCCCCSS[C@H](C)CCNCCn1ccnc1,0.15622343122959137,0.15622343122959137,3.625755548477173
Cc1ncsc1C(=O)CCCCS[C@H](C)CCOC(=O)CC(C)(C)CCCC(N)=O,0.15561024844646454,0.15561024844646454,1.0531073808670044
CSNCCC(=O)NCNNNNC[C@H](CO)N1CCn2nccc2C1,0.15510956943035126,0.15510956943035126,5.983155727386475
C[C]1C[C@@H](SCC[C](O)[C@@H](CO)NCNOn2cc(C[C@@H](C)N)nn2)[C@@H](C)O1,0.15440858900547028,0.15440860390663147,0.27476567029953003
C[C](CCCC[C@@](C)(O)COSSOC(=O)Sc1ncccn1)[C@H](C)CCCCN,0.15262603759765625,0.15262603759765625,1.3856209516525269
CC[C](C)CCC(=O)O[C](CO)[C@H](C)CCCCCCCOCC[C@@H](CO)CC(F)F,0.1510375589132309,0.1510375589132309,3.6008973121643066
CSCCC(=O)SCC[C@@H](C)CCCCC[C@@H](C)C[C@@H](C)c1ncc([N+](=O)[O-])cn1,0.1492169201374054,0.1492169052362442,0.24707548320293427
CSCCSC(=O)CS[C](CO)c1ccc(CCCCCCCCC(C)=O)c(F)c1,0.14898918569087982,0.14898918569087982,0.8985882997512817
COCONCCCCCCNCNC[C@H](CO)NS[C](CO)[C@@H]1CSCC(=O)N1,0.14804206788539886,0.14804206788539886,6.600372791290283
Cc1nc(C(=O)N[C](CO)CNCCC[C@](C)(O)C[C@H](C)Cc2ncc(Cl)n2C)cs1,0.14783024787902832,0.14783024787902832,0.8745046257972717
C=CCCC(=O)CC(=O)NSNCNCC[C](CO)SNc1nnc(N)s1,0.14529962837696075,0.14529964327812195,1.280975580215454
C[C](CCONC(=O)SC1CC1)CC(C)(C)CNCNSc1ccc(C#N)cn1,0.13916783034801483,0.13916783034801483,0.07746084779500961
CC[C](C)SCC[C](CO)SCCCC(=O)C(=O)C[C@](C)(O)COc1nnc(O)[nH]1,0.13737693428993225,0.13737690448760986,1.129711389541626
CCCCCCSCCCC[C](C)CCO[C@H](C)CCONC(=O)CCCCCCO,0.13733549416065216,0.13733549416065216,0.3172158896923065
C#CCCS(=O)(=O)CCSNCNOCCCSCC[C@H](CO)SCCC[C@@H](C)CC,0.13671192526817322,0.1367119401693344,4.319587707519531
CC[C@H](C)SCC(=O)c1cn([C@@](C)(O)CCCSC(=O)Cc2ccc(C#N)o2)nn1,0.13658134639263153,0.13658133149147034,1.1826378107070923
Cc1nc([C@H](C)C[C@@](C)(O)CCS[C@H](C)CCc2nc3c(s2)CCC3)ccc1C#N,0.1362004429101944,0.1362004429101944,1.0567407608032227
C[C@@H](CCCNCNC(=O)CCNNCC1SC(c2ccccc2)=NC1=O)C(N)=O,0.13596460223197937,0.13596460223197937,0.8150008320808411
Cc1nnc(C[C@H](C)CCCC(=O)C[C@](C)(O)CCCCCCCc2ccn(C)c2)s1,0.13411933183670044,0.13411931693553925,3.3197295665740967
CSCCCCCCC(C)(C)C[C@@H](CO)CCC(=O)CCN[C](CO)[C@H]1CC12CC2,0.13392703235149384,0.13392704725265503,0.309864342212677
O=[N+]([O-])c1ccc(=NC[C@@H](O)C(F)F)[nH]c1OSCCCCCSCCC/C=C/Cl,0.1332564502954483,0.1332564651966095,10.525518417358398
C[C@H](CCCN[C@H]1CCN2CCC[C@H]2C1)NCCCCCCCCCCC1(C#N)CC1,0.13244634866714478,0.13244634866714478,1.2294695377349854
CC(=O)C[C@H](C)CCCCCCCCCCCC(C)(C)CNCNN1CCC(N)CC1,0.13220550119876862,0.13220550119876862,1.8516616821289062
C=C(Cl)CCCCN[C]1CC[C@@H](CCCCCCCCCOCC[C@@H]2CC23CCC3)C1,0.1316353678703308,0.131635382771492,0.6157146096229553
Cc1nnc(CC[C@H](C)COCSCCSCC(=O)N=c2cc(C)c(C#N)c[nH]2)o1,0.1311187446117401,0.1311187446117401,5.554711818695068
CSCC(=O)CCC[C](C)CCCNCCSCCCc1cc(=O)c(CCCO)co1,0.1309013068675995,0.1309013068675995,2.860053539276123
C[C@@H](SC(=O)CSCC(=O)SCC(C)(C)CCCCCCSN1CCOC1=O)C(N)=O,0.13020041584968567,0.13020041584968567,0.37793079018592834
Cn1ncc(C(=O)[C@@](C)(O)CSNCCCCCCC[C@@H](O)CC[S@](C)=O)c1[N+](=O)[O-],0.12898136675357819,0.12898136675357819,0.38636982440948486
C=CC[C@@H](CO)CNCCCO[C@@](C)(O)CNNC[C@H](C)COC[C@@H](C)n1cncn1,0.12679660320281982,0.12679661810398102,6.179766654968262
CCC(=O)CCCN[C@@](C)(O)CSC(=O)c1ocnc1NCc1cccc(=O)n1C,0.12451563775539398,0.12451564520597458,0.7008265852928162
CSSCCSCCONC(=S)NNCN[C](C)ONC1=c2ccccc2=NC1=O,0.12374575436115265,0.12374576926231384,4.863961219787598
Cc1cc(CCCCCCONCNCCCOCS[C@@H](C)N)c2c(O)nn(C)c2n1,0.12147509306669235,0.12147509306669235,3.8279190063476562
C[C]1CNCCN1CCCCCC[C@@H](CO)NOOCNCCc1nc2c(s1)CCC2,0.12098188698291779,0.12098188698291779,2.666213035583496
C[C@H](CCCCCC1(O)CCC1)C[C@@](C)(O)C(=O)C[C@H](CO)SCSC(=O)C(F)(F)F,0.12059038132429123,0.12059038132429123,0.07402579486370087
CCC[C@H](C)CCCCC[C@H](C)CCCCCONN1CCO[C@@H](CCCC[C](C)N)C1,0.12038584798574448,0.12038585543632507,1.7096610069274902
CC[C@H](C)CC(C)(C)CCCN[C](CO)C[C](C)[C@H](C)CNCC(=O)c1ncccn1,0.11957066506147385,0.11957067996263504,0.1005258858203888
C[C@H](CF)CSCCCOCCCCCCCNCNC1C(=O)Nc2ccc(F)cc21,0.11720108240842819,0.11720108240842819,4.062857151031494
Cc1cc(C#N)cnc1[C@@](C)(O)CC[C@](C)(O)[C](CO)C[C@@H](C)CCCNSC(C)C,0.11513131856918335,0.11513131111860275,0.5747075080871582
C=CC[C@@H](C)SCC(C)(C)CSCC(=O)CC[C](CO)CNCC(C)(C)CCC(C)=O,0.11481501907110214,0.11481502652168274,2.027165174484253
C[C@H](CCSCCSSC(=O)C(=O)NC(=O)[C@H](CO)[C@@H]1CCCNC1=O)C[C@@H](C)O,0.1140534058213234,0.1140534058213234,1.2965590953826904
C=CCCC(=O)C[C@@H](C)C(=O)CC[C](CO)NC[C@@](C)(O)CCC(C)(C)CCCSC,0.11402115970849991,0.11402115970849991,6.168675422668457
O=[N+]([O-])c1oc(OSNCNCCCCNCCONCCC2CC=CC2)cc1Br,0.11178947985172272,0.11178949475288391,2.7180676460266113
CC[C](N)COCCCSOCOCC[C@H](C)CCCCCNN1CCN(C)C(C)(C)C1,0.11132065951824188,0.11132065951824188,5.185091972351074
C[C]1COCCCN1[C@@H](CO)COC[C@](C)(C#N)CSSNCCCC(=O)C(C)(C)C,0.11124743521213531,0.11124742031097412,0.20867948234081268
Cc1ccc(C=O)cc1[C](CO)C(=O)OOCCCCOCCNCCc1ccoc1,0.11114469915628433,0.11114469170570374,6.705494403839111
C=C(C)[C](C)C(=O)[C@H](C)CCC(=O)CCNCNCC[C@H](CO)CCc1ccnnc1,0.11079483479261398,0.11079481989145279,0.1845652163028717
C=CCCCSC(=O)SCCSNCNNCNC(=O)[C](CC)C(=O)c1cnn(C)c1,0.10972219705581665,0.10972219705581665,1.906133770942688
C[C](CC(=O)N1C[C](C)[C@H](O)C1)C[C@@H](C)NNCNC(=O)[C@H](C)CCSN1CC(F)C1,0.1082734614610672,0.1082734540104866,0.501632034778595
C=CC[C@@H](CO)CCC(=O)CCC(=O)CNC(=O)SCCS[C@H](C)CS(=O)(=O)CCC,0.10813093185424805,0.10813093185424805,1.3788806200027466
CCC(=O)[C@@H](C)CC[C@H](O)OOCCNC(=O)SNCCC(=O)[C@H](C)CCC(C)(C)O,0.10690508782863617,0.10690508782863617,1.6092900037765503
C#CCCS(=O)(=O)SC(=O)C(=O)N[C@H](C)CCCCCCC(=O)CN[C@H]1[C@@H]2COC[C@@H]21,0.10689099878072739,0.10689099878072739,1.2300238609313965
C[C@H](CCCSC(=O)C(=O)[C]1CCCSC1)CC[C@@H](C)CC[C@H](CO)SC(=O)C(=O)O,0.10536807030439377,0.10536806285381317,0.812309205532074
C[C](CC[C](CO)OSSc1ccc(Cl)nn1)[C@H](CO)C(=O)Nn1c(O)nnc1O,0.09907005727291107,0.09907004982233047,0.09633214771747589
C=C(C)[C@H](C)C[C@H](C)CCNCNCCN[C@H](C)CCNCCC(=O)CCC[C](C)CN,0.09488718956708908,0.09488718211650848,2.915916919708252
C[C](CCCNCCCC(=O)[C@@H](CO)CCSCCCCC[C@](C)(O)[C@@H](C)CN)C(C)=O,0.09468888491392136,0.09468887746334076,3.5717251300811768
C=C(C)[C@H](C)O[C@@H](CO)CCCCCC[C](CO)SCCSOC(=O)NN1CCOC1=O,0.09333524852991104,0.09333524107933044,3.770944833755493
CC[C@H](C)NS[C@@](C)(O)CCC[C](C)CCSCCCCCCNc1cc(F)ccc1F,0.09332841634750366,0.09332840889692307,0.22866509854793549
C[C@H](CCC(=O)O)CC(=O)NCNCC(=O)CCC[C@@H](C)Sc1noc2c1CCCC2,0.0933016687631607,0.0933016687631607,0.6050215363502502
N#Cc1ccc(CC[C@H]2CC(F)(F)CN2CCONNCCNNCC[C](O)C(=O)O)s1,0.09144299477338791,0.09144299477338791,3.080789804458618
C=CCOCCCC[C@](C)(O)[C@H](C)C[C@H](C)CCNCNOCNN1CCCCCCC1,0.0893465057015419,0.0893465057015419,4.370184421539307
C[C]1Oc2ccccc2[C@H]1N=c1cc[nH]c(CCNOCCSCN2CC(F)C2)n1,0.08872366696596146,0.08872365951538086,4.088869571685791
C[C@@H](CC(C)(C)O)c1ccc(F)cc1COSCONCSSc1ccc2c(c1)OCO2,0.08851270377635956,0.08851271122694016,5.047572135925293
C[C@H](CCCCCNCNC(=O)CCCCC(C)(C)[N+](=O)[O-])CONCCC[C@@H](O)CO,0.08632416278123856,0.08632415533065796,0.603602945804596
CCCCO[C@H](C)CCCC[C@@H](C)NC(=O)CCCNC(=O)C1=Cc2ccccc2OC1,0.08545202016830444,0.08545202761888504,4.512400150299072
C[C@H](CCCCCCCC[C@@](C)(O)CN1CCn2nccc2C1)NC(=O)C(=O)CC(N)=O,0.08428511023521423,0.08428511768579483,0.6836175322532654
C=CCCCCCNOCCCCCCCCSC(=O)Oc1cc2ccccc2c(=O)[nH]1,0.08424729853868484,0.08424730598926544,2.2749507427215576
C[C@H](CCSNOS[C@H](CO)CC(C)(C)CNCN[C@@H](C)C[C@@H](C)O)SC(=O)[C@@H](C)CF,0.0837315022945404,0.08373149484395981,1.0241427421569824
CCC(=O)[C@@H](C)[C@@H](C)N[C@H](C)CNCCCNCC(C)(C)CCCCc1ccnnc1C,0.08212824165821075,0.08212824910879135,1.4816744327545166
CSOCNC(=O)NCNCCSCNC1=C/C(=N\C(C)=O)c2ccccc2C1=O,0.081845723092556,0.08184574544429779,6.923740863800049
C[C@H](C[C@@](C)(O)CC(=O)CC[C@@H](CO)C(=O)O)OC(=O)C[C@@](C)(O)C(=O)[C@H]1CCNC1,0.08099237084388733,0.08099236339330673,0.8451535701751709
C=C(C)[C](C)C[C](C)[C](CO)CCN[C](C)CCCCNSSc1ncc(C#N)cc1C,0.08097213506698608,0.08097212016582489,1.6269820928573608
C[C](O)C[C](C)COCCCC[C@@H](C)CO[C@H](CO)CC(=O)C[C@H](CO)C(=O)[C@@H](C)C#N,0.08058875799179077,0.08058876544237137,1.8427412509918213
C=CC[C@@H](C)CCSC(=O)CCCC(=O)[C](CO)CNOc1nnc(S(C)(=O)=O)n1C,0.07887200266122818,0.07887200266122818,0.4050675630569458
CCCC[C@H](CCCC(=O)CCC[C@H]1C[C@H](N)C1)CC[C@@](C)(O)ONNCCCCC=O,0.07576824724674225,0.07576823979616165,6.425286293029785
C=C(C)[C@H](C)C[C@@H](C)[C@@H](CO)CCOCCC(=O)OCC(C)(C)Cc1nc2c(s1)CCC2,0.0752062052488327,0.0752061977982521,2.3062164783477783
C[C@](O)(CCCCc1c([N+](=O)[O-])cccc1[N+](=O)[O-])SCCCCCNC1OCCCO1,0.07515701651573181,0.07515702396631241,1.2274338006973267
CC(=O)C[C@H](C)[C](CO)CCOC[C@@H](O)CCO[C@H](C)CSNCNCN1CC[C@H](C)C1,0.07409084588289261,0.07409084588289261,1.4745393991470337
Cc1cccnc1[C@@H](CO)CCCNNOCCSC[C@](C)(O)N[C]1CSCC(=O)N1,0.07380261272192001,0.07380262017250061,2.257412910461426
CC(C)C[C@@H](COc1ccncn1)C(=O)CCCCCNNCCCCCN1CC(F)C1,0.07371872663497925,0.07371871918439865,1.9474883079528809
CSC[C](C)N1CCC[C@@H](CC[C](C)SCCSC(=O)[C@H](C)CC(=O)[C](C)CF)CC1,0.07356709986925125,0.07356709986925125,0.9842835068702698
C[C@H](CCCOC(=O)CCC(C)(C)CNNCCCC(=O)C(=O)C(F)(F)F)C[C](O)CO,0.07342617958784103,0.07342617958784103,0.6157181859016418
CC(C)C(=O)CCCCCNC(=O)CCCCS[C@](C)(O)Cc1cc([N+](=O)[O-])ccc1Cl,0.07327015697956085,0.07327015697956085,0.5758940577507019
Cc1nc(CCC(=O)C(=O)CCCCSCCSNC(=O)CC(=O)C(=O)O)ccc1C#N,0.07193554937839508,0.07193554937839508,0.9950476288795471
CCCC[C@](C)(O)CC(C)(C)CSC(=O)C(=O)OCCNOC(=O)C1=NNC(=O)CC1,0.07110362499952316,0.07110362499952316,0.9324406385421753
C[C](CCCC(C)C)CSONCC(=O)C(=O)C(=O)CCCCC[C](C)[C@H]1CC(C)=NO1,0.070750892162323,0.070750892162323,0.1000700518488884
C[C](CCC[C@](C)(O)N[C@@H]1CC(C)(C)CO1)SCCSNCC(C)(C)CCC(=O)[C@@H](C)N,0.06840307265520096,0.06840308010578156,2.575556755065918
C[C]1COCCCN1[C@H](C)CCCCONCNOCC[C@H](C)COC[C@H](C)CCCCN,0.06828033179044724,0.06828032433986664,1.25177001953125
CCCCCCCCCCC(C)(C)CSC[C@@](C)(O)C[C](CO)SC(=O)Cc1cn(C)cn1,0.067951500415802,0.0679515078663826,1.0980907678604126
CON(C(=O)CC[C@@H](O)CNCC(C)(C)CO[C@@H](CO)CCCOSSNC=O)C(C)C,0.06732871383428574,0.06732870638370514,1.669954538345337
C[C@H](CCSC(=O)CCCSSC[C@](C)(C#N)C[C@](C)(C#N)CCc1cc(Cl)no1)[C@@H](C)N,0.06503593921661377,0.06503593176603317,0.2598252594470978
C[C](CC[C@@H](O)CCNN[C@@H](O)CCCCC(C)(C)CO)NCC(C)(C)CSC[C](O)CO,0.06425449997186661,0.06425449997186661,2.7615764141082764
C[C](CN)S[C@@H](CO)SCCCNCCN[C@H](CO)NCNCC[C]1CC(C)(C)OC1(C)C,0.06299834698438644,0.06299836933612823,6.244014263153076
CCCCCCCNCNCNCCCCCC(=O)CCSCC(=O)CN1CCS[C](C)C1,0.06204720586538315,0.062047213315963745,0.5337659120559692
CSCCONCNC(=O)CCSNc1nnc(-c2nccc(C#N)c2[N+](=O)[O-])s1,0.06088145449757576,0.06088145077228546,2.619581460952759
CSC(=O)C(=O)CC(=O)CCCCCCSOCC(C)(C)C[C@@H]1[C]2Cc3ccccc3[C@H]21,0.06067957729101181,0.06067957729101181,1.1262283325195312
Cc1nc([N+](=O)[O-])c(CSC(=O)CCCCC(=O)N[C@H](C)SOc2ncccc2F)n1C,0.058927010744810104,0.058927007019519806,1.9889380931854248
C=CCCCCCCC[C@H](C)CCNC[C@@H](C)NCN[C@H](C)CC(=O)CCC(=O)CCC=C,0.05701245740056038,0.05701245367527008,1.166405439376831
C=CC(=O)[C@H](C)CC[C@](C)(O)CCSC(=O)CCCC(=O)c1ncc(-c2ncc(C)s2)o1,0.05674944445490837,0.05674944072961807,1.0679134130477905
CC[C@H](C(=O)O)[C@](C)(O)CNOONC[C@@H](C)[C@@H]1C[C@@H]1CC[C@@H]1CC[C](CC=O)C1,0.05611685290932655,0.056116849184036255,0.5560302138328552
C=CC[C@H](C)CCC(C)(C)CC(=O)C[C@@H](C)CC(C)(C)CC(=O)[C](C)CCCC(C)(C)C#N,0.05599106848239899,0.05599106103181839,0.10887552797794342
C[C](CCCCC[C@H](CO)N[C@H](C)C#N)CCCSNCCCCc1ncc([N+](=O)[O-])cn1,0.05536424741148949,0.05536424368619919,1.490688443183899
C[C@@H](CCCCCCNCCC(=O)CC(C)(C)N)CCCCNc1c(Cl)cncc1[N+](=O)[O-],0.05481787398457527,0.05481787398457527,1.3772101402282715
C[C]1[C@@H](C(=O)[C@H](C)CCSC(=O)SCCCN2CCC[C](C#N)C2)CCN1CSCC=O,0.05424431711435318,0.05424432083964348,1.657238483428955
C[C@H](CCC[C@@H]1CC[C@@H](N[C]2CC[C@@H](Oc3cccc(F)c3F)C2)C1)CC(F)(F)CO,0.054209306836128235,0.05420929193496704,0.8538375496864319
CCS(=O)(=O)CCCN1CC[C@@H]1SNCN[C](CO)O[C@H](C)CC[C@@H]1CC[C](C)C1,0.05418279021978378,0.05418279021978378,1.347678303718567
C[C]1CN([C@@H]2CC[C](CC(=O)CCCSCC(=O)[C@H](CO)NO[C@H](C)C(N)=O)C2)C[C@H]1O,0.05417579039931297,0.05417579039931297,1.9895058870315552
Cc1nc([C@@H](C)CCC(=O)ONCCCCCNCCCN2CCCCCCC2)cnc1Cl,0.05287303775548935,0.05287304148077965,2.386493682861328
CSNCNCONCCSCCC(=O)CCCCC[C](Cc1cnc([N+](=O)[O-])s1)C(C)C,0.051550209522247314,0.051550205796957016,1.8224281072616577
CCS(=O)(=O)CCCCC(=O)CCC[C](C)SSC[C@@H](C)[C@H](C)CCc1cc([N+](=O)[O-])no1,0.0502648651599884,0.0502648651599884,0.4611782729625702
C#C[C@H](C(=O)CC(=O)C(=O)NCNCCCNCCCC[C@@H](C)[C](C)CC[C](C)O)C(C)C,0.05010851472616196,0.05010851100087166,0.7957722544670105
Cc1nc2ccc(C(=O)CCCC(=O)C[C@](C)(O)CCC(C)(C)CNC(N)=O)cc2nc1C,0.04928049072623253,0.04928049072623253,1.0399442911148071
CN1C(=O)C(C(=O)CCC(=O)On2ncnc2C(=O)OS(C)(=O)=O)C(O)=NC1=S,0.04800672456622124,0.048006732016801834,0.257527232170105
CC(C)CC(C)(C)CCC(C)(C)C[C@@H](CO)SCCCCC[C]1CN(CCCCO)CC1(C)C,0.04748895391821861,0.047488950192928314,0.6295708417892456
CCCCCCCCCCCCCCSOCC(=O)CCC(=O)NCNc1nc(SC)co1,0.04674737900495529,0.04674737527966499,0.4332214593887329
COC1=CC(=O)C(C[C](CO)CCCCSSNC[C@H](CC(=O)O)CC(C)C)=C(OC)C1=O,0.04625147953629494,0.04625147953629494,2.131499767303467
Cn1nnnc1NCCSSCSNCCCC[C@@H](O)ONC1=C(Cl)C(=O)C(Cl)=C(Cl)C1=O,0.04558030888438225,0.045580312609672546,3.434231996536255
CC[C@H](CO)[C](C)CCOC(=O)CCNCCc1ncc(C[C@@H](C)c2ncc(C)o2)c(C)n1,0.04501163959503174,0.04501163959503174,0.9445518851280212
C#Cc1cncc(CCCCCC(=O)OCCC(=O)COC[C@@H](C)Nc2cnc(N)cn2)c1,0.043924007564783096,0.043924011290073395,1.194791555404663
C[C@H]1C[C@@H](O)CN(CCC[C@@H](CO)CNNCCNCc2cc3c(cc2N)=NC(=O)C=3O)C1,0.042654264718294144,0.042654260993003845,7.834402084350586
Cc1ccc(SCCCC[C@H](C)CCCCCCCC(=O)CC(C)(C)CSC[C](O)CO)nn1,0.0408346988260746,0.0408346988260746,0.4754660725593567
CN1CC[C@H]2[C@H](CCCN2CCCSSCCSNSCC[C@@](C)(O)CCCCC(C)(C)C)C1,0.04083133861422539,0.040831342339515686,3.7984249591827393
CC(=O)CC(=O)CCCOC[C@H](C)CCCC(C)(C)CCCCCN1CC[C@]2(CCOC2=O)C1,0.03921883553266525,0.03921885043382645,1.3618074655532837
CC(=O)[C@@H](C)CC[C@@H](C)CCSCCCCCSCCCCC(=O)c1cnc2ccccc2n1,0.039081402122974396,0.039081402122974396,1.3398451805114746
CC(C)(O)CCC(C)(C)CC(=O)CS[C@H](O)CCNNCC(=O)OC(C(=O)NC=O)[N+](=O)[O-],0.03885694965720177,0.03885694593191147,1.7915226221084595
C#CCCCC[C@@H](CO)CSNCCSCCCOCCCCc1cnc(O)c2ccccc12,0.038302917033433914,0.038302913308143616,6.2978105545043945
C[C](CC[C@@](C)(O)Cc1nn(C(=O)OCCSc2ncoc2CC(N)=O)nc1C)C(C)=O,0.03800343722105026,0.03800344094634056,0.4181205630302429
CCCC(=O)CNNSCNCNCC[C@@]1(C)C[C@H]1[C@@](C)(O)Cc1ccccc1C#N,0.037568189203739166,0.037568192929029465,1.9791868925094604
C[C](CCONC(=O)[C]1CCOC1(C)C)C(=O)NSCCCC(=O)N1CCn2nccc2C1,0.03668781742453575,0.03668781742453575,1.6156995296478271
C[C@H](Cc1cnccc1C#N)SC(=O)NC(=O)CCC(=O)NN[C@H](CO)C(=O)c1cnoc1,0.03659924864768982,0.03659924119710922,1.3358510732650757
CSCCC[C@@H](C)CCCCCCC(=O)CCC(C)(C)CCCCC(=O)CCc1cc(Cl)no1,0.03626283258199692,0.03626282513141632,1.865803599357605
C[C@H](CCCC[C@@H](CO)OOCCCC(C)(C)CC(=O)c1cn(C)cn1)NN1CCNC[C@@H]1C,0.03461740165948868,0.034617405384778976,1.4786666631698608
CC(C)(CCCCc1ncc(Cl)nc1Cl)CNC(=O)CCCCCCCCNc1nnc(O)o1,0.03425979241728783,0.034259796142578125,1.1900399923324585
CC(C)(CNC(=S)NNCNNCNCCNCNCCSSC[C](CO)CC(N)=O)[N+](=O)[O-],0.034001901745796204,0.034001901745796204,0.7846440672874451
C[C](CCCC[C@H](CO)CC=O)CCCOCCSC1(n2ncc(C#N)c2[N+](=O)[O-])CCCC1,0.033829979598522186,0.033829983323812485,0.9288313984870911
CS[C@H](O)CCc1cc(CCSNCNCCOCCCCC(=O)Cc2ccc[n+]([O-])c2)cs1,0.03381164371967316,0.03381164371967316,1.5294172763824463
C[C@](O)(CN[C]1CCCSC1)OSCCCCCCNS[C@H](CO)c1ccc(S(C)(=O)=O)nc1,0.03358793631196022,0.03358794003725052,0.07181800156831741
C[C](NCNNCC[C](C)C(=O)CCC(=O)CN[C@H](C)NCN[C@@H]1COC(=O)O1)C(N)=O,0.03341340273618698,0.03341340273618698,0.5588682293891907
C[C@H](CCNC=O)CC[C@H](O)CC(=O)SONCNSCONCN[C@H]1CCNC12CCC2,0.03339064121246338,0.03339064493775368,1.5405526161193848
CSNCNNNCN[C@H](C)CCCC[C](C)CC(=O)N[C@](C)(O)CCCC(=O)CCC(F)F,0.03284142166376114,0.03284141793847084,1.1998894214630127
C[C@@H](CN)NNCCCCCNNCOCC(=O)CCCNC1=CC(=O)C(=O)c2ccccc21,0.03274159133434296,0.032741595059633255,6.016760349273682
CCCC(=O)CCC[C@@H](C)CCCC(=O)C(=O)[C@H](C)CC[C@H]1NC(=S)NC(C)=C1C(=O)C(=O)O,0.03224365785717964,0.03224365785717964,0.5313669443130493
C[C](CCCNCC(C)(C)CONNCCCSCCCC(F)F)CC(=O)N=c1cccn[nH]1,0.031410276889801025,0.031410276889801025,3.214221477508545
C[C@@H](CN)CCSCSNCCCCCSNC(=O)/C(=N/S(=O)(=O)c1ccccc1)C(F)(F)F,0.03042113035917282,0.030421121045947075,5.42986536026001
Cc1cc([N+](=O)[O-])sc1NNONCN[C@@H]1CC[C@@H](NCCSSC(=O)CCCCCO)C1,0.030339093878865242,0.030339093878865242,2.010643243789673
CCC[C](C)[C@@H](C)CCCCC(=O)[C@@H](CO)C[C@@H](C)NCNCCSCCCS[C]1COCCO1,0.0300680473446846,0.03006804548203945,1.4328360557556152
Cc1nnc(CCC(=O)CCNCC(C)(C)CCCc2cc([N+](=O)[O-])cc([N+](=O)[O-])c2C#N)s1,0.029825521633028984,0.029825512319803238,0.7105308771133423
C[C]1[C@@H](COOCCCSCCNC(=O)CN2CC[C@H](C)C2)CCN1NCNc1ncc(Cl)s1,0.029331786558032036,0.029331788420677185,0.6185445189476013
CCCCC(=O)OC(=O)CCCCCCOOO[C@H](C)CC(=O)c1nc(N)c2ccccc2n1,0.02926340326666832,0.02926340326666832,1.9734444618225098
Cn1cc(CCONCNCOCCCCCCS[C@@H]2CC[C@@H](n3cnnc3[N+](=O)[O-])C2)cn1,0.028668470680713654,0.028668472543358803,3.1916892528533936
CC[C@@H](C)CCCCCC[C@H](C)CCCSCCCSNCCCCCCCc1ccccc1O,0.027973316609859467,0.027973318472504616,2.6828856468200684
C=CC[C@@H](C)C1CN(C[C](C)[C@H](C)CCCOONCCCCC(C)(C)CCc2scnc2C)C1,0.02768389880657196,0.027683891355991364,1.1556179523468018
C[C](C[C@](C)(O)CCC(=O)C(=O)CC(=O)/C(=N\S(=O)(=O)c1ccccc1)C(F)(F)F)[C@@H](C)CF,0.02680572122335434,0.02680572308599949,1.819508671760559
Cc1nc(SC[C@@H](C)NCC(=O)c2cn(C(=O)Sc3ccc([S@](=O)O)c([N+](=O)[O-])c3)nn2)no1,0.025885500013828278,0.025885509327054024,0.9020105600357056
O=C(COc1c(C([N+](=O)[O-])[N+](=O)[O-])cnc2nc3ccccc3n12)C[C@H]1CCOC1=O,0.025430329144001007,0.025430327281355858,0.2589457929134369
C=CCCC(=O)SC(=O)C(=O)[C@H](C)CCNNCN[C@H](C)[C](Cc1ccc(F)cc1)CC(C)C,0.02497822977602482,0.024978231638669968,0.2493039220571518
C[C](NC(=S)NNCCCC(=O)C(=O)NCC[C@@H](C)c1cnc2ccc(Cl)nn2c1=O)C(N)=O,0.024932855740189552,0.0249328576028347,0.6643630862236023
CC[C@H](CCCC1CC(O)C1)C(=O)C(=O)CC(C)(C)CCC(C)(C)CNC(=O)CC1(C)COC1,0.024882426485419273,0.024882426485419273,0.5397908091545105
CC[C@H](CCC(=O)CCCCCCCNCCCC[C@](C)(O)CC[C](O)C(C)C)C(=O)CC(C)C,0.02371455356478691,0.02371455729007721,0.7737456560134888
C[C](Cn1cc(CCC(=O)S[C](CO)C(=O)NN2CCOC2=O)nn1)SOc1nc(C)cs1,0.02344036102294922,0.023440362885594368,0.48138123750686646
CC(C)(CCCC(=O)SCCCCCCCCCCO)CC(=O)CCNC(=O)c1cnc(F)cn1,0.0229605995118618,0.022960595786571503,1.3320343494415283
CSSN1CC[C@@H](c2nnc(NS[C@@](C)(O)COC[C@@H](C)NN3CCOC3=O)s2)[C@H](C)C1,0.022936847060918808,0.02293684519827366,1.5118013620376587
CC[C@@](C)(CCO)SNC(=O)CC[C@@H](C)SCC[C@H](C)CCC(=O)[C@@](C)(O)C[C@@H]1CC(C)(C)CO1,0.02247835323214531,0.02247835136950016,0.8468588590621948
CCCCC(=O)[C@@](C)(O)C[C](C)CCC(=O)NCCCCCCCCCCC(F)([N+](=O)[O-])[N+](=O)[O-],0.022295253351330757,0.022295255213975906,1.3044793605804443
CC[C@](C)(C#N)SC(=O)C[C](C)[C](CO)OCCCCCCC(=O)C[C@@H]1CCCNCC1,0.022183699533343315,0.022183692082762718,0.06772227585315704
CC[C](CSSc1ccc(C#N)c(C)n1)C(=O)CCOC[C@](C)(O)CCCCCc1ccccn1,0.022038722410798073,0.022038720548152924,0.9391402006149292
CC(C)(CO)[C@@](C)(O)CNNC(=O)CCNCN[C@H](CO)[C@H](CO)N[C]1CCCCC1=O,0.022018995136022568,0.022018995136022568,0.22468841075897217
CCC(=O)CCC[C@@H]1N[C@@H](CCCS[C@@H](CO)C(=O)CCOCCCCC[C@@H](C)CN)C(=O)C1=O,0.02153533697128296,0.021535338833928108,1.7144396305084229
C[C@H](CSc1cnc(F)cn1)N[C@@H](CO)[C@H](CO)CC[C@@H](O)CCCCc1ccnc(C#N)n1,0.021274365484714508,0.021274365484714508,1.2732253074645996
CCCC(=O)CC(=O)C(=O)OCCCCCC[C](C)CC[C](CO)CCC(=O)NN1CCOC1=O,0.02091181091964245,0.0209118090569973,2.223980665206909
CC[C](N)Cc1cn(CC(=O)S[C@H](C)CCCCCCNOCCCN2CCNC(=O)[C]2C)nn1,0.020589016377925873,0.020589012652635574,0.10532588511705399
CC(C)(CSC(=O)CCC(=O)c1ccsc1)C[C](CO)CS[C@H](CO)CCC[C]1CCCCC1=O,0.020554624497890472,0.02055463194847107,2.2332112789154053
Cc1cc(NSCCNC=O)c(C(=O)CCC[C@H](O)CCCCCCc2nc(Cl)ccc2F)nn1,0.019965719431638718,0.019965719431638718,0.21366718411445618
CC[C@](C)(C#N)OC[C@@](C)(O)NCN1CC[C@@H]1CCN[C@](C)(O)CCCc1ccc2nonc2c1,0.019394246861338615,0.019394246861338615,0.18606403470039368
C[C@H](CCCCc1ncc(F)cc1[N+](=O)[O-])S[C@@H](CO)[C@H](CO)CN[C@@](C)(O)CN1CCCCC1,0.019132068380713463,0.019132068380713463,2.9349141120910645
C[C](CCc1cnc(Cl)cc1[N+](=O)[O-])CSNC(=O)CCCCCCC(=O)SS[C@H](C)CC(=O)O,0.01822548732161522,0.01822548359632492,0.596077561378479
C=CC[C](C)[C@H](C)CCCCCCCC(C)(C)CCCCC[C@](C)(O)SSCNCNCC(C)(C)O,0.01815612055361271,0.01815611682832241,1.838585376739502
C[C@@H](CCCCCSCCN[C@H](C)C(C)(C)C)CNSc1c[nH]ccc1=NC(=O)C(=O)C(C)(C)C,0.017767284065485,0.01776728592813015,8.092148780822754
C[C@@](O)(CCSSCNNCN1CC[C@H]2NC(=O)CC[C@H]2C1)CNNCNc1nc2c(s1)CCC2,0.01745273731648922,0.01745273359119892,4.403608798980713
C[C](CC(=O)CCOc1ccnnc1)NCCNC(=O)c1nnc(S)n1N=Cc1cc(C)ncn1,0.017294952645897865,0.017294950783252716,3.2010602951049805
C[C](CCC(=O)C(=O)[C](CO)SNSCCNCNc1cnc(N)cn1)CN1C[C](C)S[C@@H](C)C1,0.017292387783527374,0.017292389646172523,0.8095221519470215
CC[C@H](C)C(=O)CC[C@@H](C)S[C@H](CO)C[C@@H](O)CC[C@@H](O)[C@@](C)(O)Cc1cn(C)c(=O)n(C)c1=O,0.01718803308904171,0.01718802936375141,0.5507825613021851
CSC(=O)C(SS[C@H](C)CCOCC(C)(C)CC(=O)CCC(=O)COCCCC(C)(C)C)[N+](=O)[O-],0.016689974814653397,0.016689976677298546,0.9526249766349792
CSCC[C]1CCN1[C@@](C)(O)CNCCCCCCNC(=O)C[C@H](C)CC(=O)/C(C)=C/[N+](=O)[O-],0.01654290407896042,0.01654290407896042,3.9597909450531006
CC[C@](C)(C#N)CCC[C@H](C)CC[C@](C)(O)CSCCSCCC(=O)C[C@@H](C)N1CCO[C](C#N)C1,0.01579314097762108,0.015793142840266228,2.8243532180786133
C=CCCC(=O)SC[C@H](CO)ONS(=O)(=O)N(C)OSCCc1ccc(S(C)(=O)=O)nc1,0.014813343994319439,0.014813341200351715,2.519798517227173
CCC[C](C)CCCCNCCCc1cccc(C(=O)CCCCOCCC[C@@H]2CCCCC2=O)n1,0.014498109929263592,0.014498107135295868,1.4606354236602783
CCN1C(=O)C(CCCSC(=O)C[C@@H](CO)SNCNCCn2c(C)csc2=O)c2ccccc21,0.01431584358215332,0.014315841719508171,0.37124061584472656
C[C](COCCNCC[C@](C)(O)CSCCCc1sc([N+](=O)[O-])cc1C)C(=O)Nn1c(O)nnc1O,0.014143945649266243,0.01414394285529852,1.0807230472564697
CC(=O)[C@H](C)CCCC[C@@H](C)[C@H](C)CSSCCCONC[C](O)C[C@@H](C)CCc1cccnc1O,0.014123659580945969,0.014123656786978245,1.0555832386016846
Cc1nnc(NCNCC[C@H]2CCN2CCCC(C)(C)CSNCCN[C@H](CO)c2ccc(Cl)s2)s1,0.013756006956100464,0.013756008818745613,1.125760793685913
C[C@@H](C[S@@](C)=O)C(=O)OOCC(=O)N1C[C](ONCC(=O)C(=O)C(=O)C[C](O)CO)CC1=O,0.013581100851297379,0.013581101782619953,1.616113543510437
C[C@H](CCC[C@@H](O)CCC[C@@](C)(O)[C](CO)[C@H]1CC1(F)F)CC(C)(C)CCCCCC[C@H]1CCOC1,0.013474608771502972,0.013474610634148121,1.1022437810897827
C[C@H](CCCCSCNC(=O)CCN1CCNC[C@@H]1C)c1ocnc1N1CCC[C@H]2CN(C)CC[C]21,0.01323612779378891,0.01323612593114376,0.3191799223423004
C[C](CCCO)CCC(=O)[C@H](CO)CCCSC(=O)CCC[C@](C)(O)CC(=O)C[C]1CCCNCC1,0.013198898173868656,0.013198897242546082,0.3055647313594818
CC(C)(CCCC(=O)CN1C[C]2CCC[C@@H](C2)C1)CCSSCCNNCNc1cccc(F)c1F,0.013191435486078262,0.013191438280045986,0.4710110127925873
C#C[C](N[C@H](C)CNCNCCC[C@@H](CO)SCC(=O)[C@@](C)(O)CNCCC[C@@H](O)C(=O)O)C(C)C,0.013110597617924213,0.013110600411891937,0.19184596836566925
CCCS[C@H]1C[C@H]1CCCNCC[C](C)CCCCCCCCCC#CC1=CC(=O)C(OC)=CC1=O,0.013107884675264359,0.013107885606586933,1.9353564977645874
C[C@H](CCC(C)(C)CCCC(=O)[C@@]1(C)CCCO1)NCNNNNCC[C@@H](C)C(=O)CC(F)(F)CO,0.012899406254291534,0.012899409979581833,0.9408329129219055
C[C@H](CCCSCC[C@@H](C)SCOS(=O)(=O)c1cccnc1[N+](=O)[O-])NCCNCCC(=O)[C@@H](C)N,0.012877097353339195,0.012877100147306919,5.481316089630127
CCC[C](N)CNCN[C@@H](CO)C(=O)CCC[C@@H](O)CC[C@@H](C)CCc1ccc(C[C@@H](O)CO)cn1,0.012875053100287914,0.01287505216896534,1.0210098028182983
C[C@H](CCC(C)(C)CN1CCOCC[C@@H]1C)SNSCC(=O)N[C@@H]1COCCN1c1cnc(Cl)cn1,0.012730758637189865,0.01273075956851244,0.3379898965358734
C[C](CCOC(=O)CC(C)(C)CCCNC(=O)C[C](CO)O[C@H](C)CCNC1(C)CCC1)C(C)=O,0.012482743710279465,0.012482741847634315,1.4551466703414917
C[C](CCCCSNNCCOC(F)(F)C(F)F)Nc1cnn(-c2c([N+](=O)[O-])cccc2[N+](=O)[O-])n1,0.011835518293082714,0.011835518293082714,1.5495047569274902
CCCCC[C@@H](C)CCC(=O)[C@H](C)CCC(=O)C(=O)C1CC([C@@H](C)SOC(=O)C(=O)[C@@H](C)CN)C1,0.011810565367341042,0.01181056722998619,0.4469743072986603
COCOCN[C@H](O)CCOCCCC[C@@](C)(O)C[C@@H](CO)N[C@H](CO)N1CC[C@@]2(CCN(C)C2)C1,0.011755133979022503,0.011755135841667652,3.7796103954315186
C[C@H](CC(=O)C(=O)COOC1SC(c2ccccc2)=NC1=O)[C@H](CO)C(=O)CSCCCNC=O,0.011275805532932281,0.01127580739557743,1.119680404663086
CCC(=O)[C@@H](C)C(=O)SCC(=O)[C@@](C)(O)C[C@@H](CO)NCNNCC(=O)CC[C](CO)C1(C#N)CC1,0.010739918798208237,0.01073992159217596,1.6141986846923828
C[C@@H]1[C](OSON[C@H](C)C(N)=O)CCN1[C@H]1N[C](C[C@](C)(O)c2cnnc(Cl)c2)C(=O)C1=O,0.010717818513512611,0.010717818513512611,1.1712470054626465
CCCCCCSNCNCCOSCC(=O)CCn1cc(NCNC(=O)/C(C)=C\[N+](=O)[O-])nn1,0.01066287700086832,0.010662877932190895,1.7944931983947754
CC[C](C(C)=O)C(=O)CNCNC[C@@H](CO)CC[C@@H](C)C[C]1CC[C@@H](OCC(=O)CC(F)(F)CO)C1,0.010644029825925827,0.010644030757248402,0.13365685939788818
CC(C)(CCCCSCCSCCCN1CCOC[C]1c1cccs1)COSN1CCCCCCC1,0.01061092410236597,0.010610921308398247,3.276153087615967
C[C@H](CC(=O)CCOc1ccc2c(c1)OCO2)NCNSNC[C@@H](C)C(=O)C(=O)CN1CC(F)C1,0.010534429922699928,0.010534428991377354,1.0310163497924805
C/C(=C/[N+](=O)[O-])C(=O)[C](CO)C(=O)C(=O)C[C@H](CO)CC[C@@H](C)C[C@@H](C)OC(=O)CCC(C)(C)CO,0.010328026488423347,0.010328028351068497,0.8030931949615479
CC[C@@H](C)CCc1cnc([N+](=O)[O-])cc1[C]1COCCN1NC[C@](C)(O)NSCSC(=O)C(C)C,0.010209575295448303,0.010209574364125729,0.6303614974021912
C[C](CCCC[C@H](C)CC(=O)SCCCCCN[C@@H](C)CCCCN)CCCC(=O)NN1CCOC1=O,0.009752498008310795,0.009752499870955944,3.028055191040039
C[C](N)CCN1CCO[C](C[C@](C)(O)C(=O)CCOC[C@](C)(O)NCCCCN2C[C@@H](C)S[C@H](C)C2)C1,0.00973588228225708,0.009735883213579655,1.239539384841919
C[C](CCc1cn(C(=O)c2cccnc2Cl)nn1)C(=O)SCC[C@@H](CO)[C@H](CO)C(=O)C(F)(F)F,0.009636442176997662,0.009636441245675087,0.996094822883606
Cc1nc(NCNCCC[C@](C)(O)SCC(C)(C)CSNCNCCCc2ccc(F)c(F)c2F)no1,0.009249511174857616,0.009249509312212467,2.5400874614715576
Cc1nn(C)cc1SCONC(=O)[C@@H]1CC[C@@H](N2CC[C]2NCNC(=O)c2ncccc2F)C1,0.009012561291456223,0.009012561291456223,1.6396816968917847
CC[C@H](C#N)SNCC(=O)N[C@H]1CN(C)CCN1CC[C@@H](C)Nc1cc([C@@H](C)CC(C)=O)ccc1C,0.008796747773885727,0.008796746842563152,0.30232104659080505
C[C@H](CC1CSC1)C(=O)C(=O)NCC(C)(C)CCCCNN1CC[C](C23CCCN2CCC3)[C@H]1C,0.008486205711960793,0.008486206643283367,1.0277010202407837
C=CCCCCSCCC(=O)CCNCC[C](CO)C(=O)CSCCCN1CC[C@H]2NC(=O)CC[C@@H]2C1,0.008453374728560448,0.008453376591205597,0.07936878502368927
CC[C](CCCCNSCCCC[C@](C)(O)CCCCC(=O)N[C@@H]1CC[C@@H]([C@H]2CCOC2=O)C1)C(C)=O,0.008430426008999348,0.008430426008999348,2.143326759338379
Cc1cc(S(=O)(=O)NCC[C@@H](C)NCCCCC[C@H](CO)SCC(C)(C)CN2CCO[C@@H](C#N)C2)sn1,0.00828649289906025,0.008286491967737675,1.1334190368652344
CC(C)C[C@@H](CC(=O)O)Cc1nc(CCCNCC(C)(C)CNCC=O)c([N+](=O)[O-])[n+]([O-])c1[N+](=O)[O-],0.008280717767775059,0.008280717767775059,0.15966562926769257
C[C@H](CCCCc1cc2ccccc2c(=O)o1)SOCCOSCC(C)(C)CC(=O)CC(=O)[C@@H](C)CN,0.008038969710469246,0.00803897064179182,2.555294990539551
Cc1nn(NNc2nnc(C(=O)C(C)(C)CCSC(=O)C[C]3NC(=O)O[C@@H]3C)s2)nc1[C@@H](C)CN,0.00787767581641674,0.00787767767906189,2.1323680877685547
C[C](CCC[C@@H]1CC[C@@H](CCN2CC(F)C2)C1)C(=O)CC[C@@](C)(O)OCCCCCCC[C](O)C(=O)O,0.007677831221371889,0.007677830755710602,0.80621337890625
C[C](CCCCCS[C@H](CO)[C](CO)[C](C)N)NCN[C@](C)(O)CCCC[C@@H]1[C@H]2CCO[C@H]2C12CCC2,0.007639595307409763,0.007639595307409763,0.30674251914024353
C=CCCC(=O)C(=O)CC(=O)CSCCCCCNC[C@](C)(O)C(=O)S[C@H](C)Cc1ccc(C)c(F)c1,0.007557359524071217,0.0075573609210550785,0.08297475427389145
Cc1nnccc1NC(=O)OCCCCCSCCCCC[C@@](C)(C#N)C[C@@H]1[C]2CCO[C]2C12CCC2,0.007286263629794121,0.007286262698471546,0.09185247868299484
C[C](CCSCC(C)(C)CCC(=O)C(=O)CC(=O)C(=O)CCN1[C](C)C[C@H]1C)c1cc2cccnc2s1,0.007203289307653904,0.007203290238976479,0.29377540946006775
C[C](CCNCNC[C@@H](C)CCCC[C@@H]([C](C)O)C(=O)O)CC(=O)[C@](C)(O)CC[C@@H](C)SN1CCCC1,0.007056292612105608,0.007056291215121746,1.003728985786438
C[C](CC(=O)C(=O)CCCCC(C)(C)Cc1cn(C)c(=O)nc1O)C(=O)CN[C](CO)CCCC(N)=O,0.006657034624367952,0.006657035555690527,2.0597620010375977
CC[C](N)CCCC[C@@H](O)[C@H](C)CCCCSCC(C)(C)CCC[C@](C)(O)CCCC[C](C)[C@H](C)C(N)=O,0.006401299498975277,0.006401299964636564,1.3345654010772705
CC(=O)C[C](CO)CCNCNCC(=O)CC[C](CO)CC(=O)[C]1CCN([C]2CC(C)=NO2)[C@@H]1C,0.006206257734447718,0.00620625726878643,0.12941507995128632
CC[C](C(=O)c1cc(C)nn1SSCCNSC[C](C)CC[C@@](C)(O)CCC(F)(F)CO)[C@]1C[C@@H](N)C1,0.005924840457737446,0.0059248399920761585,0.36401626467704773
CC[C@H](C)[C@H](C)CSOC(=O)[C@@H](C)[C@H](C)CC(=O)CCCC(C)(C)C[C@@H]1CC[C@@H](Cc2scnc2C)C1,0.005843214690685272,0.005843214690685272,0.3423408567905426
C[C@@H]1[C](CCCOONC(=O)CCC(=O)N2C(=O)c3nccnc3[C@@H]2N)CCN1[C@@H]1CCCCO1,0.005811354611068964,0.005811355076730251,0.9519771337509155
C[C](C#N)CC(=O)CCSNCNC(=O)C(=O)CN[C@H](C)C[C@@H]1N[C@@H](c2ccn(C)n2)C(=O)C1=O,0.005655606277287006,0.005655605345964432,1.9873480796813965
C[C@@H](CF)CC(=O)SSO[C](CO)n1cnc(CC[C@@]2(C)C[C]2CC(C)(C)CCC(C)(C)[N+](=O)[O-])n1,0.005089859012514353,0.00508985947817564,0.04228150472044945
,0.004860912915319204,0.0,14.080464363098145
C[C@H](CC[C@H](CO)OCc1nnc(CCSCCSc2cc([N+](=O)[O-])ccc2Cl)s1)NCNC(C)(C)CO,0.004809938836842775,0.004809938836842775,0.16453278064727783
CC(C)(CNCCCC[C@@H]1CC[C@@H](CC[C@H](CO)CCCC(=O)C(F)(F)F)C1)CN1CCC2(CCO2)CC1,0.0047441571950912476,0.00474415672942996,0.09097432345151901
CCC[C](C)CC[C@@H](C)C(=O)C(=O)CC(C)(C)C[C](C)COCCCCCC[C@@](C)(O)CC(F)(F)C(F)F,0.004634265322238207,0.004634263459593058,0.223677858710289
CC[C@](C)(C#N)SCC(=O)CCCSn1ncnc1CCCC(C)(C)C[C@@](C)(O)C[C@@](C)(O)CSC,0.00442429119721055,0.00442429119721055,0.2758503556251526
CS(=O)(=O)c1ccc(CCCCCCCC(=O)CCCC(=O)CSOc2cnc(O)c3ccccc23)cn1,0.004365995991975069,0.004365995991975069,1.573757529258728
CCCC[C](CC(=O)OSCCOC(=O)CSCC(=O)CC(=O)n1nc(C)c([N+](=O)[O-])c1C)C(C)(C)CO,0.004048625007271767,0.004048625007271767,0.36919325590133667
Cc1cnccc1C=NNC(=S)NC(=O)CCNNCC[C@@H](C)CC(C)(C)CCCN1CCO[C@@H](C#N)C1,0.003898871596902609,0.0038988706655800343,0.31965142488479614
Cn1nnnc1[C@@H]1COCCN1OCCSCCNSN1CCC[C](SCC(C)(C)CCC(C)(C)O)CC1,0.0037301986012607813,0.003730198135599494,1.2306995391845703
Cc1nonc1CCC[C](CO)CC(=O)SCCCC(=O)CC(=O)[C@H](C)C[C@](C)(O)N1CCNC(=O)[C@@H]1C,0.0034484125208109617,0.003448410890996456,0.8256006836891174
C[C@@H](O)C[C@H](C)SNN[C](CO)C[C@](C)(O)CCCCCCCC(=O)[C@H]1C[C]1C(=O)[C]1C[C@H](C)O[C@@H]1C,0.0033855477813631296,0.0033855466172099113,1.6284819841384888
C[C](O)CCCCCC(=O)C[C@@](C)(O)[C@@H](CO)NOCCn1nc(C)c(-c2cc(C)c3c(c2)=CC(=O)N=3)n1,0.0033463826403021812,0.0033463826403021812,0.4141591489315033
C=CCCCCNCCC(=O)NNSCNCN[C]1C(=O)C(=O)C(C2=CC=CCC2=O)=C(N=O)C1=O,0.0033425360452383757,0.003342535812407732,4.611787796020508
C[C]1N(C(=O)SSCCO[C@H](CO)NN2CC[C]([C@H](C)CCc3cccc(=O)n3C)C2)CCOC1(C)C,0.003323508892208338,0.0033235095907002687,2.1241612434387207
O=C1CC[C@@H]([C@@H](CO)CCCSOOCS[C]2CC[C](Sc3nnc4c(n3)-c3ccccc3C4=O)C2)N1,0.0030932764057070017,0.0030932764057070017,0.3388107717037201
C[C](c1nnc(C)n1C)n1nc(CCCCOSCCCC(=O)[C](CO)[C@@](C)(O)C[C@H]2COCO2)sc1=O,0.00305138248950243,0.0030513827223330736,1.8473410606384277
C=CC[C]1CCN(NC(=O)C(=O)[C@H](CO)n2cc(SCCN3C[C]4[C@@H](C[C@@H](O)CO)[C@H]4C3)nn2)C[C@@H]1C,0.003051044885069132,0.003051044885069132,1.1057143211364746
C[C]1CN(CCSC[C@](C)(O)C(=O)NOCCCNCNC(=O)O[C@H](CO)Sc2cccnc2C)C[C](C)S1,0.002916900906711817,0.0029169004410505295,1.5061125755310059
CCCCCCCCC[C@@H](C)CC(=O)[C@H](C)C[C@@](C)(O)C[C@@H](C)[C@H]1CN(CCc2c(F)cccc2F)CCO1,0.002831355668604374,0.0028313552029430866,1.421900749206543
Cc1nonc1CCNCCC[C@@H](C)CCCCC(C)(C)CCCCC(=O)c1c([N+](=O)[O-])c([N+](=O)[O-])nn1C,0.002783325035125017,0.0027833255007863045,2.1514649391174316
C[C@@H](CCSSNC[C@](C)(O)CCC[C@@](C)(O)Cc1ccc2c(c1)n(C)c(=O)n2C)Cc1cccc(C#N)n1,0.002729404717683792,0.0027294065803289413,3.371795892715454
C=CCCC(=O)CCCC(C(=O)C[C](CO)C(=O)CCCCCC[C@](C)(O)C(=O)C[C@H](C)C(=O)CC)[N+](=O)[O-],0.002556942403316498,0.0025569419376552105,2.0429136753082275
Cc1nnc(C[C@@](C)(O)c2ccc(C[C@H](C)CC(=O)N3CCCC3=O)n2C)n1CCC(=O)CCC[C@@H](C)N,0.0025488799437880516,0.002548880409449339,0.8586032390594482
C[C@H](CCCCCC(=O)CC(C)(C)CC(=O)CNCNn1ccnc1)CC(=O)c1sc([N+](=O)[O-])cc1[N+](=O)[O-],0.0025471693370491266,0.0025471693370491266,0.13249661028385162
C[C@@H]1[C@@H](CCNCNN2CC[C@@H]3NC(=O)OC[C@H]3C2)CCN1[C@@]12C[C@@H]1CN(SSSc1cn(C)cn1)C2,0.0024823371786624193,0.0024823378771543503,2.099996328353882
C[C](CCCCCCCCO)CC[C@@H](C)CCCCCc1nnc(-c2nnc3c(n2)-c2ccccc2C3=O)s1,0.0024640345945954323,0.0024640343617647886,1.2968388795852661
C=C(C)[C@@H](C)C[C@](C)(O)[C@H](C)COCC(C)(C)CC(=O)CCCCC[C@@H](C)C1(C[C]2CC(C)(C)CO2)CCC1,0.0022955164313316345,0.0022955150343477726,0.7004551291465759
CON(C)CCN1CC[C](SSCC(C)(C)CCCCC(=O)[C@@H](CO)Nc2cc(Br)cc3c2=NC(=O)C=3)[C@H]1C,0.002155426423996687,0.002155426423996687,1.7028248310089111
C[C@H](CCCC[C@@H](C)[C@@H]1CC(C(N)=O)=NO1)C(=O)CCCNCNOC[C@H](O)Cc1ncoc1C[C@H](O)CO,0.002129695378243923,0.0021296958439052105,0.4411497116088867
C[C](CCCCc1ccc2c(n1)=NC(=O)CN=2)SONCCNCCCCC(=O)n1ccccc1=NC(C)C,0.002120629884302616,0.0021206303499639034,6.493383407592773
C[C@](O)(CNC=O)C(=O)CNNCCCNCNN1C[C@@H](O)[C@H](OC(=N)c2ccc([N+](=O)[O-])c([N+](=O)[O-])c2)C1,0.0019255595980212092,0.0019255599472671747,0.26504403352737427
CN(SCCNSCCOCCCOSc1ocnc1-c1ncccn1)C1=C(Cl)C(=O)c2ccccc2C1=O,0.0019066622480750084,0.0019066625973209739,0.39784806966781616
CC(C)(CNCC(=O)NC(=S)Nc1nc(=NC(=O)CC(F)(F)F)s[nH]1)CNSSNc1cc(O)ncn1,0.0018991573015227914,0.0018991570686921477,1.414946436882019
CON1C(=O)C(NCNCC(C)(C)C[C@@H](CCO)CCCC(=O)NNONN[C@H](C)C(N)=O)c2ccccc21,0.0017927156295627356,0.001792715396732092,0.15731240808963776
C[C@@H](CC1(C(=O)CC(C)(C)CSOC(=O)CC2(NC[C@](C)(O)N3CC(F)C3)CCCC2)CCC1)C(F)(F)F,0.0016751886578276753,0.001675188890658319,0.7526600956916809
C[C@@H]1[C@@H](CCNCCCS[C@@H](CO)NNSC(=O)c2cc3n(n2)CCC3)CCN1c1c(Cl)cncc1[N+](=O)[O-],0.0016283323056995869,0.0016283325385302305,1.907173991203308
Cc1nc2ccc([C@H](O)CCC[C@@H](CO)C[C@@](C)(O)CCNSSCC[C@@H](C)CCC[C@@H](C)CN)cc2nc1C,0.0015848830807954073,0.0015848828479647636,2.544961452484131
CCCCCCC[C](O)CC(=O)CC(C)(C)CC(=O)OCCCCCCCCCCCCS[C@@H]1CCCCC1=O,0.001571538974530995,0.0015715393237769604,0.669032096862793
CC(C)(CCCCCCCCCNOC[C@@H]1CC1(C)C)CC[C@H](O)[C@@](C)(C#N)CC(=O)CCN1CCC(N)CC1,0.001435393700376153,0.0014353946316987276,0.3398626446723938
CCCC(=O)O[C@H](C)CCOCCCCCC[C@@H](C)n1c(C)nnc1[C]1CC[C@@H](N2CCC3(CCO3)CC2)C1,0.0014062426052987576,0.0014062428381294012,0.16830243170261383
Cc1nc([N+](=O)[O-])c([C@@]2(C)C[C]2CCCNCCCSNC(=S)NOSOC(=O)CC[C]2CCNC2)n1C,0.0013924099039286375,0.0013924104860052466,0.04149002581834793
C[C@H](CCSN1CC[C@@H]1CCCNC[C@](C)(O)[C@](C)(O)CCCC(=O)c1cccc(F)c1)C(=O)CC(=O)C(F)F,0.0013674069195985794,0.001367407152429223,2.0037920475006104
C#CCCS(=O)(=O)NC(=O)CSCC(=O)[C@](C)(O)CCC(C)(C)CC[C@@H](O)CCCc1cccc2cnccc12,0.001350528560578823,0.0013505282113328576,0.23162688314914703
C[C@@H](CCCCCSCCCC(=O)SCS[C@@](C)(C#N)Cc1ccc2c(c1)OCO2)c1ccc(S(=O)(=O)O)o1,0.0010967050911858678,0.001096704974770546,1.1475937366485596
C[C](CCCCC[C@](C)(O)NC[C@](C)(O)c1ccc(F)c(F)c1F)CCNCC(C)(C)CCCN(C)C[Si](C)(C)C,0.0009668535785749555,0.0009668536949902773,0.6426997184753418
C=CC[C@@H](CCCCCNC(=O)N[C]1C[C@H]1[C](C)CCCC(C)(C)CC(=O)n1ccccc1=NC(C)C)C(=O)O,0.0008593315724283457,0.0008593315142206848,0.5655596852302551
C=CC[C](C)CCCC[C@@H](C)CCC[C@](C)(O)CCC[C@@](C)(O)C[C@@](C)(O)CCCC(=O)CCc1cnc(Cl)cn1,0.0008209156803786755,0.0008209155639633536,0.15880584716796875
C[C](CCCCSC(=O)[C@@H](C)C(=O)CC(C)(C)CN1CCN(C)CC1)SCC(C)(C)C[C](CO)C1(C2CC2)CC1,0.0007810327806510031,0.0007810327806510031,0.6299391388893127
Cc1ccc(C=O)cc1CCSC(=O)[C@@H]1CC[C](CC[C@@H](O)c2ncoc2CCC[C@@](C)(O)C[C@]2C[C@@H](N)C2)C1,0.0007523991516791284,0.0007523990934714675,1.3640145063400269
CC(C)(CCCCCCCCNCCC(=O)CCC[C@H](C(=O)O)n1ncc(C#N)c1[N+](=O)[O-])CS[C]1CCNC1=O,0.0006784371798858047,0.0006784370634704828,1.780627727508545
C[C](CCCCNSNc1cc(Cl)c2nonc2c1[N+](=O)[O-])[C@@H](CO)OC(=O)CC(C)(C)C[C@H](O)CCC1CC1,0.0005294637521728873,0.0005294638103805482,1.829870581626892
C[C](CCCCC(C)(C)CCCCNCC(C)(C)CCCCCCCCCc1cc2cc(C)ccc2o1)C(C=O)C=O,0.0005086047458462417,0.0005086048040539026,1.2989674806594849
CCCCC[C@@H](C)CC(=O)CCCO[C@H]1CN(CC[C@H](O)CC(C)(C)CCCCCCCCC[C@@H](C)C(C)=O)C[C]1C,0.00047381839249283075,0.0004738184798043221,2.2310945987701416
O=C(NNCN[C]1CCCC12OCCO2)NOCCC(=O)[C@H](CO)c1nnc(NN[C@H]2CCCn3ncnc32)s1,0.00046416273107752204,0.00046416246914304793,0.7667703032493591
CC[C@H](C)[C@@](C)(O)CCCCCCCCNCNNC(=S)NCC(C)(C)CCC(=O)CC(=O)c1cnn(C)c1[N+](=O)[O-],0.0003950098471250385,0.0003950097889173776,0.9883057475090027
C[C](CCCCC(C)(C)COC[C@H](CC(C)C)C(=O)[C@H](CC(=O)[C@@H](C)CF)C(C)=O)CCC[C@@H]1CCCC12OCCO2,0.0003675138286780566,0.0003675140906125307,1.18784761428833
Cc1nn([C]2CC(=O)N([C@@H](CO)NSCC[C@H](C)C[C](CC(=O)O)CC(C)C)C2)nc1[C@H](C)ON[C@@H]1CC12CCC2,0.0003630808205343783,0.0003630808205343783,0.2987689971923828
CC(C)(CCCSC(=O)OC(=O)CC(=O)O[C@@H](O)CCCCOS(=O)(=O)c1ccccc1C=O)CN1CCCCCC1,0.00035844737431034446,0.0003584475489333272,0.893543541431427
C[C](CCC(=O)CC(=O)CCNCC(C)(C)CCC[C@@H](C)C(C)=O)C[C@@](C)(O)SC1(N2CCO[C@@H](C#N)C2)CCCC1,0.0003388716431800276,0.0003388715849723667,0.033922843635082245
CC[C@@](C)(CCO)OC[C](C)CCC(C)(C)CCC[C@](C)(O)NC(=S)N[C@H](CO)C1C(O)=Nc2ccc([N+](=O)[O-])cc21,0.00025883017224259675,0.00025883028865791857,1.118516206741333
C[C@H](CCC(=O)C(=O)C[C@@](C)(O)Cc1ccoc1)CC[C@@H](C)SCC(C)(C)CCCCCC(C)(C)CN1CCC=C(Cl)C1,0.00020415779727045447,0.00020415772451087832,1.0287901163101196
C[C@H](CCC(C)(C)C[C@H](CO)CCC(=O)C[C@H](O)c1ccc2c(c1)OCO2)NCC(C)(C)CNCNCCCCNC=O,0.00020119054534006864,0.00020119063265156,2.7379655838012695
CSCC(CC(=O)SNCNCC(C)(C)C[C@H](C)CC[C](CO)C[C@](C)(O)c1scnc1C)c1noc2c1CCCC2,0.00019521155627444386,0.00019521149806678295,0.21693500876426697
C=CCCCCCCCN1CCOC[C@H]1CCC(=O)CCC[C](CO)[C](CO)c1cc([N+](=O)[O-])cc([N+](=O)[O-])c1C#N,0.00018115309649147093,0.00018115309649147093,0.20807139575481415
C=C(C)CCCCCOCCCSc1cn([C@@H](CO)C(=O)SCC(C)(C)CS(=O)(=O)c2ccc3[nH]c(=O)cnc3c2)nn1,0.00017896715144161135,0.0001789671805454418,1.0196183919906616
CC(C)(O)CCC[C@@H]1CC[C@@H](C(=O)CCCC(=O)NN[C@](C)(O)CC(=O)C([C]2CC[C@@H]([C@@H]3CCCCO3)C2)[N+](=O)[O-])C1,0.00017496915825176984,0.0001749691436998546,0.30529800057411194
C[C@H](CCNOCOCCCCN1C[C](O)[C@@H](C)C1)N1CCOC[C@H]1CCNCNc1cc2c(cc1N)=NC(=O)C=2O,0.00016038473404478282,0.00016038466128520668,0.2351861596107483
CC1=C(C(=O)C(=O)O)[C]([C@@H]2CCN(CCCNC[C](O)C[C@@](C)(O)CCSSCC(C)(C)CCCC#N)[C@H]2C)NC(=S)N1,0.0001391385740134865,0.00013913855946157128,0.4526732861995697
C[C@H](CSC(=O)Oc1ccncc1C#N)C(=O)OC(=O)CCC(=O)Cc1nc(=N[C@@H]2c3ccccc3O[C@H]2C)cc[nH]1,0.0001180938197649084,0.00011809378338512033,1.0826714038848877
C[C@H]1[C@@H]([C@H]2CCN2N2C[C@H](CCc3ccc(CCCNC[C](O)[C@H](CO)CC(F)(F)Br)cn3)C(C)(C)C2)CCS1(=O)=O,0.0001180834588012658,0.0001180835097329691,0.040169209241867065
CC[C](N)CC[C@](C)(O)CC(C)(C)CNCNSCCSC[C@@](C)(O)CC(=O)n1c(=O)c2c(c3ccccc31)OC(=O)/C(=N\O)C2=O,9.99999901978299e-05,9.999999747378752e-05,1.9780633449554443
C[C@H](CC(=O)[C@@H]1CC12CCC2)c1nnc(Cl)c(CC(C)(C)CSC(=O)CCNCNCCC2(NCCCC(N)=O)CCC2)n1,9.99999901978299e-05,9.999999747378752e-05,0.4107387065887451
CC(C)C[C](CCCC(=O)CCCC1(c2cc(=O)c3ccccc3n2C)CCCC1)CCS[C@H](C)SN[C](CO)c1nc2cc(Cl)c(Cl)cc2[n+]([O-])n1,9.99999901978299e-05,9.999999747378752e-05,0.11318816989660263
CSC(=O)Oc1ccc(-c2nc(C(=O)CC(=O)SCC(C)(C)CC3(C[C@@](C)(O)[C](C)CC(C)=O)CCC3)nnc2Cl)nc1,9.99999901978299e-05,9.999999747378752e-05,0.29236137866973877
C[C]1[C@@H](c2csnn2)CCN1NCC(=O)CC[C@H](C)CCCCCC/C([N+](=O)[O-])=[N+](\[O-])O,9.99999901978299e-05,9.999999747378752e-05,0.09123075008392334
N#Cc1c(C(=O)CCC(=O)C(=O)CCCCCCC(=O)CCOCC[C@@H](O)Nc2nnc(O)[nH]2)cc([N+](=O)[O-])cc1[N+](=O)[O-],9.99999901978299e-05,9.999999747378752e-05,0.8158764243125916
CC(C)(CCC(=O)[C@@H](CO)NCNSCCNCNSCC[C](O)N1CCOC[C@H]1c1cncc(F)c1)Cc1cc(Cl)c(C=O)cn1,9.99999901978299e-05,9.999999747378752e-05,0.16956795752048492
C[C@@H]1CCOCCN1CCN1CCN(NCN[C](CO)C(=O)CCCCCCCCC2SC(c3ccccc3)=NC2=O)C[C@@H]1C,9.99999901978299e-05,9.999999747378752e-05,0.07226584851741791
C[C](O)CCNNCC(C)(C)CNCNNCCCCC(C)(C)CCC[C@H](C(=O)O)[C@@](C)(O)Cc1cc([N+](=O)[O-])ccc1Cl,9.99999901978299e-05,9.999999747378752e-05,1.7685210704803467
C=CC[C](CO)C[C@@H](CO)c1nnc(C)n1CCCS[C](C)C[C@@H](CO)[C@](C)(O)CCC[C@](C)(O)C[C@@](C)(O)Cc1nccn1C,9.99999901978299e-05,9.999999747378752e-05,0.529934287071228
C[C](CCCC[C@@H](C)Nc1cnc2ccc(Cl)nn2c1=O)C(=O)CC(=O)SC[C@H](O)CCC[C@](C)(O)C[C@@](C)(O)[C@@H](C)CF,9.99999901978299e-05,9.999999747378752e-05,1.323333978652954
C[C](CCCC(C)(C)COS(=O)(=O)c1ccccc1C=O)NCNOCCCCCN1CC[C@H](C[C@](C)(O)SCC(=O)C2SC(c3ccccc3)=NC2=O)[C]1C,9.99999901978299e-05,9.999999747378752e-05,0.9610896706581116
C[C]1CN(C(=O)C2=Cc3ccccc3OC2)CCN1c1cc(=NC(=O)CCCCCCCSNCCC(=O)C(=O)/C(=N/Nc2ccc(Cl)cc2)C(=O)C#N)[nH][nH]1,9.99999901978299e-05,9.999999747378752e-05,0.9179943203926086
Cc1cc(C2C(=O)NC(=S)N=C2O)n(CC[C@@H]2CN(C(=O)C[C@@](C)(O)CCCCCC[C](CO)CCC[C@H](C)C(N)=O)C[C@H]2O)n1,9.99999901978299e-05,9.999999747378752e-05,0.7367511987686157
CC(C)(CCCCC[C](O)c1ccc(S(C)(=O)=O)s1)COCCCNNNCNC(=O)N1C(=O)c2ccccc2CS1(=O)=O,9.99999901978299e-05,9.999999747378752e-05,2.6112730503082275
O=[N+]([O-])c1ccc2ncnc(NCCC[C@@H](CO)c3ccc4cc(CCCNSCCCCc5cccc(F)c5F)ccc4n3)c2c1,9.99999901978299e-05,9.999999747378752e-05,0.577652096748352
C[C](CCC(=O)CCC(=O)C(=O)CCOC(=O)CC[C@@H]1CCS(=O)(=O)C1)[C@H](C)Cn1nc(C)cc1-c1ccc(S(C)(=O)=O)nc1,9.99999901978299e-05,9.999999747378752e-05,1.3430755138397217
CC(C)N=c1ccccn1C(=O)CCCCC(=O)CCCC(=O)Cc1cn(-c2cn(C(=O)CC[C@](C)(O)c3nnc4n3CCNC4=O)nn2)nn1,9.99999901978299e-05,9.999999747378752e-05,0.03634876012802124
C[C](CCSSCC[C@@H](C)NCN[C](C)CCCc1nc(=N[C@H]2c3ccccc3O[C@@H]2C)cc[nH]1)CCSSC(C)(C)CO,9.99999901978299e-05,9.999999747378752e-05,1.408735990524292
