smi,r,fr_0,ci_beta
C[C@H]1COCCN(c2ccc3c(c2)OCCO3)C1,2.215456247329712,2.215456008911133,25.887243270874023
C[C@H]1CCOCCN1c1ccc2c(c1)OCCO2,2.2146267890930176,2.2146267890930176,1.1785290241241455
C[C]1C[C@H](C)CN(c2ccc3c(c2)OCCO3)C1,2.2125511169433594,2.2125511169433594,15.922948837280273
C[C]1C[C@@H](O)CN(c2ccc3c(c2)OCCO3)C1,2.2119088172912598,2.2119088172912598,12.11803150177002
C[C@@H]1COCCN(c2ccc3c(c2)OCCO3)C1,2.205613613128662,2.205613613128662,10.804656028747559
Fc1cccc(F)c1-c1ccc2c(c1)OCCO2,2.204049587249756,2.204049587249756,10.138360977172852
Fc1ccnc(F)c1-c1ccc2c(c1)OCCO2,2.203632354736328,2.203632354736328,28.74643325805664
Fc1nccc(-c2ccc3c(c2)OCCO3)c1F,2.2030696868896484,2.2030696868896484,4.849601745605469
CCC(C)(C)C(=O)c1ccc2c(c1)OCCO2,2.201611280441284,2.201611280441284,38.50272750854492
O=C1OCC[C@@]12CCN(c1c(F)ccnc1F)C2,2.19875431060791,2.19875431060791,34.46346664428711
C[C@H]1COCCN(CC2(C#N)CCN(C)CC2)C1,2.1943750381469727,2.1943750381469727,27.363277435302734
CN1CCC(C#N)(Oc2c(F)cccc2F)CC1,2.19148588180542,2.19148588180542,19.452442169189453
C[C@@H]1C[C@H](C)CN(c2ccc3c(c2)OCCO3)C1,2.190807819366455,2.190807819366455,27.089691162109375
C[C@H]1COCCN(c2ccc(C#N)c(Cl)c2)C1,2.189615249633789,2.189615249633789,43.432952880859375
CN1CCC(C#N)(c2cnn3c2OCCC3)CC1,2.1880455017089844,2.1880455017089844,59.25791931152344
C[C@]1(O)CCCN(c2ccc3c(c2)OCCO3)CC1,2.1864960193634033,2.1864960193634033,17.565231323242188
C[C@@H](O)CCCCCc1ccc2c(c1)OCCO2,2.1863741874694824,2.1863741874694824,12.387557983398438
CN1CCC(C#N)(c2ccc3c(c2)OCCO3)CC1,2.1838738918304443,2.1838738918304443,25.868886947631836
C[C@@]1(O)CCCN(c2ccc3c(c2)OCCO3)CC1,2.183135986328125,2.183135986328125,8.191442489624023
C[C@]1(O)CCCN(c2cnn3c2OCCC3)CC1,2.1815903186798096,2.1815903186798096,39.29148864746094
C[C@H]1COCCN(CCCCCCS(C)(=O)=O)C1,2.181539535522461,2.181539535522461,23.075275421142578
CS(=O)(=O)CCCCc1ccc2c(c1)OCCO2,2.1806211471557617,2.1806211471557617,19.574016571044922
Cc1cn2ccc(N3CCOC[C@H](C)C3)cc2n1,2.1804416179656982,2.1804416179656982,3.7898108959198
C[C@H]1COCCN(c2ccc(S(C)(=O)=O)s2)C1,2.1784005165100098,2.1784005165100098,32.33934783935547
C[C@@]1(O)CCCN(c2cnn3c2OCCC3)CC1,2.1773064136505127,2.1773064136505127,13.77502155303955
N#C[C@H]1CN(c2ccc3c(c2)OCCO3)CCO1,2.175293445587158,2.175293445587158,6.087198257446289
C[C@H]1COCCN(CCCN2C[C@@H](C)[C@H](N)C2)C1,2.1725425720214844,2.1725425720214844,17.089290618896484
C[C@H]1COCCN(CCN2CCOC[C@H](C)C2)C1,2.1711926460266113,2.1711926460266113,36.25132369995117
O[C]1CN(c2ccc3c(c2)OCCO3)C[C@@H]1O,2.170133352279663,2.170133352279663,28.65565299987793
Clc1ccc(-c2ccc3c(c2)OCCO3)nc1,2.169600486755371,2.169600486755371,16.531028747558594
CN1C[C@@H]2CN(c3ccc4c(c3)OCCO4)C[C@@H]2C1,2.1692285537719727,2.1692285537719727,13.201265335083008
CC[C@@H](C)N(OC)C(=O)C1(C#N)CCN(C)CC1,2.1691603660583496,2.1691603660583496,45.97969436645508
CCCCC[C@@H](C)CCC1(C#N)CCN(C)CC1,2.1685092449188232,2.1685092449188232,29.834230422973633
C[C@H]1N(c2ccc(S(C)(=O)=O)s2)CCOC1(C)C,2.168179988861084,2.168179988861084,13.89801025390625
CN1CCC(C#N)(Oc2c(F)ccnc2F)CC1,2.1678123474121094,2.1678123474121094,45.64889144897461
CN1CCC(C#N)(C2(C#N)CCN(C)CC2)CC1,2.1675517559051514,2.1675517559051514,41.30046463012695
CC[C@H](C)N(OC)C(=O)C1(C#N)CCN(C)CC1,2.167025566101074,2.167025566101074,48.809593200683594
C=CC[C](CO)CCCN1CCC[C@](C)(O)CC1,2.166698694229126,2.166698694229126,35.73945236206055
C[C@H]1COCCN(c2cnn3c2OCCC3)C1,2.1659674644470215,2.1659674644470215,62.171478271484375
C[C@H]1COCCN(CCN2CCC[C@](C)(O)CC2)C1,2.165620803833008,2.165621042251587,30.19780921936035
C[C@@H]1COCCN(c2ccc(S(C)(=O)=O)s2)C1,2.1655478477478027,2.1655478477478027,6.553651809692383
Fc1ccc(-c2ccc3c(c2)OCCO3)nc1,2.1641082763671875,2.1641082763671875,9.955056190490723
C[C]1CN(c2ccc3c(c2)OCCO3)C[C@@H]1O,2.1640989780426025,2.1640989780426025,45.19684600830078
O[C@H]1CN(c2ccc3c(c2)OCCO3)C[C@@H]1O,2.1639158725738525,2.1639158725738525,30.784273147583008
CCC(C)(C)C(=O)N1CC[C@@]2(CCOC2=O)C1,2.163492202758789,2.163492202758789,26.216754913330078
CCC(C)(C)C(=O)OC1(C#N)CCN(C)CC1,2.1633288860321045,2.1633288860321045,32.4817008972168
c1cc2c(cc1N1CCCC3(CC3)C1)OCCO2,2.162353038787842,2.162353038787842,4.0814642906188965
CN1CCC(C#N)(Oc2ccc(C#N)c(Cl)c2)CC1,2.1618614196777344,2.1618614196777344,58.601741790771484
C[C@H]1COCCN(C(=O)c2cnn3c2OCCC3)C1,2.1617605686187744,2.1617605686187744,34.54759216308594
C[C@H]1COCCN(OC2(C#N)CCN(C)CC2)C1,2.1616313457489014,2.1616313457489014,36.073265075683594
C#CCCCCCC[C@@H]1[C@@H]2CCO[C@@H]2C12CCC2,2.1610348224639893,2.1610348224639893,7.747231483459473
N#Cc1ccc(-c2ccc3c(c2)OCCO3)o1,2.1607537269592285,2.1607537269592285,18.908960342407227
C[C@H]1COCCN(CCN2CCC[C@@](C)(O)CC2)C1,2.159435272216797,2.159435272216797,15.575116157531738
CC(C)(C)[C@H](O)C(=O)c1cnn2c1OCCC2,2.158961534500122,2.158961534500122,11.354127883911133
C=CC[C](CO)CCCC1(C#N)CCN(C)CC1,2.1588587760925293,2.1588587760925293,37.03004837036133
CN1CCC(C#N)(OC2(C#N)CCN(C)CC2)CC1,2.157574415206909,2.157574415206909,51.9294319152832
CCC(CCCN1CCOC(C)(C)[C@H]1C)[N+](=O)[O-],2.157398223876953,2.157398223876953,8.659231185913086
Cc1nnccc1N1CC[C@@]2(CCOC2=O)C1,2.1571381092071533,2.1571381092071533,38.34848403930664
Fc1ccnc(F)c1N1CCn2nccc2C1,2.155827522277832,2.155827522277832,11.431314468383789
NC1CCN(c2ccc3c(c2)OCCO3)CC1,2.1543078422546387,2.1543078422546387,11.369056701660156
C[C@H]1N(c2cnn3c2OCCC3)CCOC1(C)C,2.1538469791412354,2.1538469791412354,11.18753719329834
O=[N+]([O-])c1cc(-c2ccc3c(c2)OCCO3)on1,2.152832508087158,2.152832508087158,13.735469818115234
Cc1noc(C)c1N1CCC[C@H]2CN(C)CC[C@H]21,2.1526668071746826,2.1526668071746826,7.657424449920654
CN1C[C]2CN(c3ccc(C#N)c(Cl)c3)C[C@H]2C1,2.152503728866577,2.152503728866577,12.594372749328613
Cc1nnccc1-c1ccc2c(c1)OCCO2,2.1522624492645264,2.1522624492645264,4.137791633605957
N#Cc1ccsc1-c1ccc2c(c1)OCCO2,2.1520330905914307,2.1520328521728516,11.688486099243164
Fc1ccc(-c2cnn3c2OCCC3)c(F)c1F,2.151827812194824,2.151827812194824,8.337722778320312
C[C@@H]1CN(c2ccc3c(c2)OCCO3)CCS1,2.1515088081359863,2.1515088081359863,21.004533767700195
C#CCCCCCCC1(C#N)CCN(C)CC1,2.1513938903808594,2.1513938903808594,29.395193099975586
C[C@H]1COCCN(c2c([N+](=O)[O-])ncn2C)C1,2.1513924598693848,2.1513924598693848,24.406810760498047
N#Cc1ccc(N2CC[C@@]3(CCOC3=O)C2)cc1Cl,2.1504557132720947,2.1504557132720947,20.21803092956543
C[C@H]1CCOCCN1c1ccc(S(C)(=O)=O)s1,2.150298595428467,2.150298595428467,8.358524322509766
C[C@H]1CNCCN1c1ccc2c(c1)OCCO2,2.150092601776123,2.150092601776123,9.962239265441895
CCCCC[C](C)CCN1CCC[C@](C)(O)CC1,2.1497325897216797,2.1497325897216797,19.876876831054688
N#Cc1ccc(-c2c(F)ccnc2F)cc1Cl,2.1490345001220703,2.1490345001220703,23.717302322387695
C[C@H]1COCCN(CCC2(C#N)CCN(C)CC2)C1,2.1486852169036865,2.1486854553222656,43.553794860839844
c1cc2n(n1)CCN(c1cnn3c1OCCC3)C2,2.1481363773345947,2.1481363773345947,16.30437660217285
C[C]1C[C@H](C)CN(c2ccc(S(C)(=O)=O)s2)C1,2.148090362548828,2.148090362548828,11.78524112701416
CC1CCN(CCN2CCOC[C@H](C)C2)CC1,2.147615909576416,2.147615909576416,19.858104705810547
CC(C)S(=O)(=O)CCCc1ccc(F)c(F)c1F,2.1475112438201904,2.1475112438201904,0.9318355321884155
C[C@H]1COCCN(c2c3c(nn2C)CCCC3)C1,2.1466875076293945,2.1466875076293945,57.73471450805664
Cc1nn(-c2ccc3c(c2)OCCO3)nc1[N+](=O)[O-],2.1464526653289795,2.1464526653289795,14.166398048400879
Clc1cnc(-c2ccc3c(c2)OCCO3)c(Cl)n1,2.1460795402526855,2.1460795402526855,19.595645904541016
C[C@H]1CCOCCN1c1cnn2c1OCCC2,2.1453514099121094,2.1453514099121094,11.358376502990723
C[C](O)CCCCCc1ccc(S(C)(=O)=O)s1,2.144996404647827,2.144996404647827,7.8977952003479
C[C@@H]1COCCCN1c1cnn2c1OCCC2,2.144909381866455,2.144909381866455,4.217197895050049
CCCCC[C@@H](C)CCCC1(C#N)CCN(C)CC1,2.1433396339416504,2.1433396339416504,62.52595901489258
O=[N+]([O-])c1ccc(-c2ccc3c(c2)OCCO3)s1,2.1433215141296387,2.1433215141296387,28.203710556030273
Cn1nc([N+](=O)[O-])n(-c2c(F)ccnc2F)c1=O,2.143235206604004,2.143235206604004,13.240007400512695
Nc1c([N+](=O)[O-])cnn1-c1c(F)ccnc1F,2.143146514892578,2.143146514892578,11.364020347595215
C[C@H]1N(c2c([N+](=O)[O-])ncn2C)CCOC1(C)C,2.14255428314209,2.14255428314209,14.811235427856445
CS(=O)(=O)c1ccc(N2CC[C@@]3(CCOC3=O)C2)s1,2.142500162124634,2.142500162124634,37.080162048339844
C#CCCCCCCc1ccc(S(C)(=O)=O)s1,2.1424593925476074,2.1424593925476074,15.00543212890625
C[C]1C[C@H](C)CN(c2cnn3c2OCCC3)C1,2.142266035079956,2.142266035079956,20.42698097229004
C[C@@H]1C[C@H](C)CN(c2cnn3c2OCCC3)C1,2.142247200012207,2.142247200012207,18.19845199584961
C[C@H](O)CCCCCC1(C#N)CCN(C)CC1,2.141859769821167,2.141859769821167,19.703109741210938
CN1CCC(C#N)(c2c(F)ccnc2F)CC1,2.141782283782959,2.141782283782959,35.54109191894531
CS(=O)(=O)CCCCOc1ccc2c(c1)OCCO2,2.1416800022125244,2.1416802406311035,26.79412269592285
C[C@H]1COCCN(C2(C#N)CCN(C)CC2)C1,2.1413660049438477,2.1413660049438477,43.5157470703125
Nc1c([N+](=O)[O-])cnn1-c1ccc2c(c1)OCCO2,2.1408581733703613,2.1408581733703613,13.978009223937988
c1ccc(CCCCc2cc3n(n2)CCO3)cc1,2.140712261199951,2.140712261199951,17.407657623291016
C[C@]1(O)CCCN(c2c(F)ccnc2F)CC1,2.139539957046509,2.139539957046509,52.7963752746582
C[C@H]1COCCN(Cc2cnn3c2OCCC3)C1,2.1394357681274414,2.1394357681274414,8.630305290222168
C[C]1C[C@@H](C)CN(c2cnn3c2OCCC3)C1,2.1388397216796875,2.1388397216796875,8.18674087524414
OCCCCCCCCCCN1C[C@H]2CNC[C@H]2C1,2.1387486457824707,2.1387486457824707,4.905013084411621
CN1C[C@@H]2CN(c3cnn4c3OCCC4)C[C@@H]2C1,2.1377511024475098,2.1377511024475098,17.034711837768555
Fc1cccc(F)c1N1CC[C@@H]([C@@H]2CCOC2)C1,2.137519121170044,2.137519121170044,5.554711818695068
O=C1OCC[C@@]12CCN(c1ccc([N+](=O)[O-])s1)C2,2.137515068054199,2.137515068054199,26.55710792541504
Cc1nn(N2CCOC[C@H](C)C2)nc1[N+](=O)[O-],2.1366066932678223,2.1366066932678223,16.691730499267578
C[C@H]1CN(CCC2(C#N)CCN(C)CC2)CCO1,2.1365795135498047,2.1365795135498047,39.54261779785156
Fc1ccc(Cl)nc1-c1ccc2c(c1)OCO2,2.1349096298217773,2.1349096298217773,3.0872738361358643
CS(=O)(=O)c1ccc(CCCCCCCCC#N)s1,2.134577512741089,2.134577512741089,9.918170928955078
C[C@@]1(O)CCCN(c2c(F)ccnc2F)CC1,2.1339259147644043,2.1339259147644043,14.655330657958984
OCCCCCCCCc1cnn2c1OCCC2,2.133500099182129,2.133500099182129,4.138941764831543
CC1CCN(c2ccc3c(c2)OCCO3)CC1,2.1332836151123047,2.1332836151123047,24.899192810058594
O=[N+]([O-])c1ccc(-c2ccc3c(c2)OCCO3)o1,2.133009910583496,2.133009910583496,10.28684139251709
C[C@H]1COCCN(Oc2ccc3c(c2)OCCO3)C1,2.1321682929992676,2.1321682929992676,27.95433807373047
O=C1OCC[C@]12CCN(c1ccc([N+](=O)[O-])s1)C2,2.1312508583068848,2.1312508583068848,9.748286247253418
CC(C)S(=O)(=O)CCCCCCN1C[C@H](O)[C@@H](O)C1,2.131082773208618,2.131082773208618,9.318840980529785
Cc1ccc(CCCCCC[C@H]2CC2(F)F)o1,2.1309187412261963,2.1309187412261963,2.00836181640625
O=C1OCC[C@@]12CCN(c1cnn3c1OCCC3)C2,2.130869150161743,2.1308693885803223,46.45631408691406
CN1CCC(C#N)(Oc2cnn3c2OCCC3)CC1,2.130593776702881,2.130593776702881,50.02267837524414
C[C@H]1COCCN(CCc2ccc([N+](=O)[O-])s2)C1,2.130450963973999,2.13045072555542,23.623748779296875
N#C[C@H]1CN(c2cnn3c2OCCC3)CCO1,2.1303350925445557,2.1303350925445557,10.845199584960938
CN1CCC(C#N)(Oc2ccc(S(C)(=O)=O)s2)CC1,2.130307197570801,2.130307197570801,20.678668975830078
C[C@@H]1C[C@@H](C)CN(c2cnn3c2OCCC3)C1,2.12983775138855,2.12983775138855,24.353450775146484
C[C@@H]1CCCN(CCCCN2CCSCC2)C1,2.1297333240509033,2.1297333240509033,3.3202149868011475
CN1C[C]2CN(c3c(F)ccnc3F)C[C@H]2C1,2.1296885013580322,2.1296885013580322,14.447514533996582
Cc1nnccc1Oc1ccc2c(c1)OCCO2,2.129241943359375,2.129241943359375,13.373401641845703
CS(=O)(=O)CCCCN1CC[C@@]2(CCOC2=O)C1,2.1287004947662354,2.1287004947662354,39.43156814575195
CS(=O)(=O)c1ccc(-c2ccc3c(c2)OCCO3)s1,2.1283531188964844,2.1283531188964844,56.92991256713867
N#Cc1ccc(-c2c(F)cccc2F)cc1Cl,2.1282033920288086,2.1282033920288086,5.066392421722412
CN1CC[C@H]2CN(c3ncc(Cl)n3C)C[C@H]2C1,2.127659797668457,2.127659797668457,11.043237686157227
C[C@H]1COCCN(Oc2c(F)ccnc2F)C1,2.12630558013916,2.12630558013916,31.062753677368164
C[C@H]1CN(c2ccc3c(c2)OCCO3)CCN1,2.1256895065307617,2.1256895065307617,20.534608840942383
C[C@H]1COCCN(n2cnc(C#N)cc2=O)C1,2.1252012252807617,2.1252012252807617,31.330751419067383
CC(C)(CCCCN1CCOC1=O)S(C)(=O)=O,2.1247951984405518,2.1247951984405518,10.234980583190918
C[C@H]1N(CCCCS(C)(=O)=O)CCOC1(C)C,2.124526262283325,2.124526262283325,17.387868881225586
C[C]1C[C@@H](O)CN(c2ccc(S(C)(=O)=O)s2)C1,2.1245102882385254,2.1245102882385254,8.170614242553711
N#CCCCCOc1ccc2c(c1)OCCO2,2.123962640762329,2.123962640762329,16.363576889038086
O=C1OCC[C@@]12CCN(c1ccc(Cl)cn1)C2,2.1238110065460205,2.1238110065460205,13.889620780944824
C[C@@H]1C[C@H](C)CN(Oc2ccc3c(c2)OCCO3)C1,2.1238045692443848,2.1238045692443848,26.767486572265625
C[C@@H](CCC1(C#N)CCN(C)CC1)Cn1cccn1,2.1236748695373535,2.1236748695373535,11.575431823730469
Cc1cc(C2(C#N)CCN(C)CC2)c(C)n1C,2.1215596199035645,2.1215596199035645,8.500747680664062
C[C@H]1N(c2ccc3c(c2)OCCO3)CCOC1(C)C,2.1215360164642334,2.1215360164642334,5.555453777313232
CN1C[C]2CN(c3ccc4c(c3)OCCO4)C[C@H]2C1,2.12013840675354,2.12013840675354,19.677597045898438
C[C@]1(O)CCCN(c2ccc(C#N)c(Cl)c2)CC1,2.11875581741333,2.11875581741333,18.77782440185547
C[C]1C[C@@H](O)CN(c2cnn3c2OCCC3)C1,2.1185309886932373,2.1185312271118164,12.76003360748291
N#Cc1ccc(-c2ccc3c(c2)OCCO3)cc1Cl,2.1180076599121094,2.1180076599121094,42.338043212890625
C[C]1CN(CCCCCCS(C)(=O)=O)CCO1,2.1175293922424316,2.1175293922424316,16.968103408813477
C[C@H]1COCCN(CCc2ccc(S(C)(=O)=O)s2)C1,2.1168274879455566,2.1168274879455566,32.497596740722656
C[C@H]1COCCN(C[C@@H]2[C@H]3CCO[C@@H]3C23CCC3)C1,2.116116762161255,2.116116762161255,4.459994792938232
c1cc2c(cc1-c1cnn3c1OCCC3)OCCO2,2.1159579753875732,2.1159579753875732,29.394872665405273
c1nn2c(c1N1CCC3(CCNC3)CC1)OCCC2,2.115586042404175,2.115586042404175,9.018552780151367
N#Cc1ccc(Oc2ccc(Cl)cn2)cc1Cl,2.115291118621826,2.115291118621826,8.462196350097656
N#Cc1ncn(-c2ccc3c(c2)OCCO3)n1,2.115215301513672,2.115215301513672,4.216309070587158
Cc1cc(N2CCC[C@@](C)(O)CC2)ncc1C#N,2.11519718170166,2.11519718170166,2.4180476665496826
CCS(=O)(=O)C[C@H](C)c1ccc2c(c1)OCCO2,2.1147544384002686,2.1147544384002686,12.482625961303711
c1cc(CCCc2ccc3c(c2)OCCO3)sn1,2.1144111156463623,2.1144111156463623,8.91896915435791
Fc1ccnc(F)c1Oc1cnn2c1OCCC2,2.113100528717041,2.113100528717041,45.4048957824707
N#CCCCCCCCn1ncc([N+](=O)[O-])c1N,2.1127638816833496,2.1127638816833496,6.8741230964660645
C[C@H]1COCCN(n2ncc([N+](=O)[O-])c2N)C1,2.112680196762085,2.112680196762085,17.159839630126953
C[C@H]1COCCN(CCN2C[C@H](O)[C@@H](O)C2)C1,2.1124155521392822,2.112415313720703,13.09099006652832
CS(=O)(=O)CCCCCCCCc1cncs1,2.1118996143341064,2.1118996143341064,12.245699882507324
c1cc2c(cc1CCC[C]1CCCO1)OCCO2,2.111607074737549,2.111607074737549,13.551629066467285
C[C@]1(O)CCCN(c2cc(Cl)ncc2F)CC1,2.111503839492798,2.111504077911377,13.287744522094727
C[C@@]1(O)CCCN(c2ccc(C#N)c(Cl)c2)CC1,2.1114253997802734,2.1114253997802734,19.46388053894043
CCCCC[C](C)CCC1(C#N)CCN(C)CC1,2.1111154556274414,2.1111154556274414,12.88779067993164
CN1CC[C@@H]2[C@@H](CCCN2c2cc3n(n2)CCO3)C1,2.11100697517395,2.11100697517395,10.36237907409668
c1ccc2c(c1)CCN2c1cc2n(n1)CCO2,2.110908031463623,2.110908031463623,22.32729721069336
C[C@H]1COCCN(ON2CCOC[C@H](C)C2)C1,2.1105737686157227,2.1105737686157227,45.2164421081543
CN1CCC(C#N)(OCCCCS(C)(=O)=O)CC1,2.1103932857513428,2.1103932857513428,35.84023666381836
O=C1OCC[C@@]12CCN(c1ccccc1Cl)C2,2.110212564468384,2.110212564468384,6.831174373626709
CN1C[C@@H]2CN(c3ccc(S(C)(=O)=O)s3)C[C@@H]2C1,2.110067367553711,2.110067367553711,10.397180557250977
O=C(c1ccc2c(c1)OCCO2)C(F)(F)F,2.1099538803100586,2.1099538803100586,11.568597793579102
N#CCCCCCCC[C@H]1CCCC12OCCO2,2.1093709468841553,2.1093709468841553,8.976372718811035
CC(C)S(=O)(=O)CCCN1CCCOC[C@H]1C,2.1089839935302734,2.1089839935302734,13.853588104248047
Cc1nc(CCC2(C#N)CCN(C)CC2)oc1C,2.108672618865967,2.108672618865967,18.730484008789062
CCCCC[C@@H](C)c1ccc2c(c1)OCCO2,2.1086580753326416,2.1086580753326416,51.562599182128906
C#CCCCCCCCc1c(F)ccnc1F,2.1086385250091553,2.1086385250091553,31.147611618041992
C[C@H]1CN(CCCC[C@@H]2CCCCO2)C[C]1O,2.1083476543426514,2.1083476543426514,7.108582019805908
Fc1ccnc(F)c1N1CC[C@H]([C@@H]2CCOC2)C1,2.1081836223602295,2.1081836223602295,32.01124572753906
C[C@H](O)CCCCCCc1cnn2c1OCCC2,2.107409954071045,2.107409954071045,9.221806526184082
C[C@H]1COCCN(Oc2ccc(S(C)(=O)=O)s2)C1,2.107313394546509,2.107313394546509,24.496732711791992
Cc1cc(N2CCOC[C@H](C)C2)c2cnn(C)c2n1,2.1071879863739014,2.1071879863739014,14.791160583496094
CN1CC[C@@H]2[C@@H](CCCN2c2cnn(C)c2Cl)C1,2.1070079803466797,2.1070079803466797,16.685420989990234
C[C@@H](O)CCCCCN1CCC[C@](C)(O)CC1,2.106419086456299,2.106419086456299,10.524463653564453
Cc1nnc(CCN2CCC[C@](C)(O)CC2)o1,2.106093168258667,2.106093168258667,19.900938034057617
Clc1cnc(-c2ccc3c(c2)OCCO3)cn1,2.1059517860412598,2.1059517860412598,12.570995330810547
Cn1cnc([N+](=O)[O-])c1-c1ccc2c(c1)OCCO2,2.105814218521118,2.105814218521118,63.135955810546875
Cn1ncc(-c2ccc3c(c2)OCCO3)c1Cl,2.1050145626068115,2.1050145626068115,28.37356185913086
C[C@H]1COCCN(c2c(F)ccnc2F)C1,2.104489326477051,2.104489326477051,57.553627014160156
Cn1ncc(CCCCC(C)(C)S(C)(=O)=O)c1Cl,2.1044654846191406,2.1044654846191406,16.6873779296875
C[C]1CN(c2cnn3c2OCCC3)C[C@H](C)S1,2.1017940044403076,2.1017940044403076,8.118613243103027
CN1CCC(C#N)(Oc2ccc([N+](=O)[O-])s2)CC1,2.1012353897094727,2.1012353897094727,46.444419860839844
N#Cc1cnccc1-c1ccc2c(c1)OCCO2,2.1010098457336426,2.1010098457336426,18.158964157104492
Fc1ccc(CCc2ccc3c(c2)OCCO3)cc1,2.099909782409668,2.099909782409668,13.435511589050293
NC(=O)C1=NO[C@H](CCCCCCCC(=O)O)C1,2.0997190475463867,2.0997190475463867,2.772714614868164
C[C@H]1CCOCCN1c1c([N+](=O)[O-])ncn1C,2.099369525909424,2.099369525909424,10.220108032226562
C[C@@H]1COCCN(CC[C]2CC(=O)N(C)C2)C1,2.09871244430542,2.09871244430542,3.5647475719451904
Cn1cnc([N+](=O)[O-])c1N1CC[C@@]2(CCOC2=O)C1,2.098684787750244,2.098684787750244,1.429341197013855
N#Cc1c(F)cc(-c2cnn3c2OCCC3)cc1F,2.0985448360443115,2.0985448360443115,0.21636655926704407
O=[N+]([O-])c1nonc1-c1ccc2c(c1)OCCO2,2.0984809398651123,2.0984809398651123,12.477696418762207
C[C](O)CCCS(=O)(=O)C[C@H](C)N1CCOC1=O,2.0982697010040283,2.0982697010040283,8.557908058166504
C[C@]1(O)CCCN(c2nc(Cl)ccc2F)CC1,2.09818959236145,2.09818959236145,7.525575637817383
Cc1cc(C(=O)C2=NN3CCCN=C3N2)c(C)n1C,2.0981218814849854,2.0981218814849854,2.8243532180786133
Cc1cc(N2C[C]3CCC[C@@H](C3)C2)c(C)n1C,2.097797393798828,2.097797393798828,5.941618919372559
c1cc2c(cc1-c1ccc3c(c1)OCCO3)OCCO2,2.097572088241577,2.097571849822998,12.402975082397461
C=C(Cl)CCCCCC(=O)ON1CCOC[C@H](C)C1,2.0973823070526123,2.0973823070526123,8.274648666381836
C[C@H]1COCCN(CCc2cc([N+](=O)[O-])no2)C1,2.0973105430603027,2.0973105430603027,20.149023056030273
O=C(O)CCCCCCCc1cnn2c1OCCC2,2.0972347259521484,2.0972347259521484,15.411088943481445
C[C@H]1COCCN(CCc2c(F)ccnc2F)C1,2.0971484184265137,2.0971484184265137,26.057743072509766
C[C@H]1N(c2c(F)ccnc2F)CCOC1(C)C,2.0969607830047607,2.0969607830047607,8.436771392822266
C=CC[C@H](CO)COC1(C#N)CCN(C)CC1,2.0967655181884766,2.0967655181884766,31.986061096191406
CC[C](CCCN1CCC[C@](C)(O)CC1)C(=O)O,2.0966551303863525,2.0966551303863525,14.864317893981934
C#CC1(O)CN(c2ccc3c(c2)OCCO3)C1,2.096593141555786,2.096593141555786,14.213592529296875
C[C@H]1COCCN(c2nc(Cl)ccc2F)C1,2.096565008163452,2.096565008163452,8.469510078430176
O=C1OCC[C@@]12CCN(Oc1c(F)ccnc1F)C2,2.0965163707733154,2.0965163707733154,18.341773986816406
C[C@H]1COCCN(CCN2C[C](O)[C@@H](O)C2)C1,2.0964488983154297,2.0964488983154297,14.2488431930542
CC(C)[C@](F)(CCCN1CCOCC[C@@H]1C)C(=O)O,2.096313238143921,2.096313238143921,12.159543991088867
CCCCC[C@H](C)c1ccc2c(c1)OCCO2,2.0955896377563477,2.0955896377563477,15.100555419921875
C[C@H]1COCCN(ON2CCC[C@](C)(O)CC2)C1,2.0955493450164795,2.0955493450164795,29.09465789794922
Fc1ccnc(F)c1-c1cnn2c1OCCC2,2.0953609943389893,2.0953609943389893,26.321487426757812
C[C@H]1CN(c2ccc3c(c2)OCCO3)CCO1,2.0952889919281006,2.0952889919281006,35.37113571166992
CN1CCC(C#N)(c2ccc(S(C)(=O)=O)s2)CC1,2.095250129699707,2.095250129699707,52.146812438964844
C[C@H]1COCCN(N2CCC[C@](C)(O)CC2)C1,2.0948784351348877,2.0948784351348877,62.429298400878906
C[C@H]1CN(c2ccc(C#N)c(Cl)c2)CCO1,2.0948474407196045,2.0948474407196045,55.04133224487305
Cn1ncn(-c2ccc3c(c2)OCCO3)c1=O,2.0945770740509033,2.0945770740509033,3.393185615539551
CS(=O)(=O)CCCCN1CCn2nccc2C1,2.0941638946533203,2.094163656234741,2.7725307941436768
C[C@H]1COCCN(Oc2cnn3c2OCCC3)C1,2.0939056873321533,2.0939056873321533,31.16099739074707
CN1CCC(C#N)(Oc2c([N+](=O)[O-])ncn2C)CC1,2.0933375358581543,2.0933375358581543,45.327110290527344
O=c1c(Cl)c(Cl)cnn1-c1cnn2c1OCCC2,2.0931687355041504,2.0931687355041504,13.577422142028809
Cc1nonc1N1CCC[C@H]2CN(C)CC[C@H]21,2.0930678844451904,2.0930678844451904,14.246766090393066
C[C@H]1COCCN(CCCc2nonc2[N+](=O)[O-])C1,2.0927610397338867,2.0927610397338867,9.990500450134277
Cc1nnccc1CCC1(C#N)CCN(C)CC1,2.0924947261810303,2.092494487762451,45.98200225830078
CC(C)[C@@H](CCCCN1CCC[C@@H](C)C1)C(N)=O,2.092233180999756,2.092233180999756,5.590986251831055
C[C]1C[C@H](C)CN(C2(C#N)CCN(C)CC2)C1,2.0920443534851074,2.0920441150665283,44.9188232421875
CCC(C)(C)C(=O)CCCN1CCN[C](C)C1,2.0907986164093018,2.0907986164093018,5.387490272521973
CC[C@@H](CN1CC[C@@]2(CCOC2=O)C1)C(=O)O,2.090327262878418,2.090327262878418,17.554853439331055
C[C@H]1COCCN(N2CCC[C@@](C)(O)CC2)C1,2.09030818939209,2.09030818939209,7.060481548309326
CN1CCC(C#N)(CC[C]2CCN(C)C2)CC1,2.090214729309082,2.090214729309082,30.830413818359375
CN1C[C@@H]2CN(c3c(F)ccnc3F)C[C@@H]2C1,2.089696168899536,2.089696168899536,10.597222328186035
O=C1OCC[C@@]12CCN(c1ccc([N+](=O)[O-])o1)C2,2.0894346237182617,2.0894346237182617,15.157196044921875
CC[C](C)CCN1CCC[C@H]2CN(C)CC[C@H]21,2.089405059814453,2.089405059814453,8.098617553710938
CS(=O)(=O)c1ccc(-c2c(F)ccnc2F)s1,2.0890655517578125,2.0890655517578125,55.09501647949219
Cc1nc(CCc2ccc(S(C)(=O)=O)s2)oc1C,2.088937282562256,2.088937282562256,44.46773147583008
CC(C)(CCc1ccc2c(c1)OCCO2)S(C)(=O)=O,2.0888285636901855,2.0888285636901855,8.18674087524414
CN1CCC(C#N)(c2cc3n(n2)CCO3)CC1,2.08870267868042,2.08870267868042,58.68936538696289
CS(=O)(=O)CCCCCc1cnn2c1OCCC2,2.088212013244629,2.088212013244629,17.434783935546875
C[C@H]1COCCN(CCN2C[C@H]3CN(C)C[C@H]3C2)C1,2.0881786346435547,2.0881786346435547,20.196203231811523
CC(C)(CC#N)Cc1ccc2c(c1)OCCO2,2.087843656539917,2.087843656539917,13.350428581237793
C[C@H]1N(c2cc([N+](=O)[O-])no2)CCOC1(C)C,2.08726167678833,2.08726167678833,8.46439266204834
Cc1cc(C#N)cnc1N1CCOC[C@H](C)C1,2.0871317386627197,2.0871317386627197,29.988466262817383
C[C@]1(O)CCCN(c2nc3ncccn3n2)CC1,2.0869882106781006,2.0869882106781006,12.233061790466309
C[C@H]1COCCN(C(=O)[C@@H](O)C(C)(C)C)C1,2.086663246154785,2.086663246154785,19.964384078979492
Cc1cc(-n2ncc(Cl)c(Cl)c2=O)c(C)nn1,2.086625337600708,2.086625337600708,2.1224911212921143
Cc1ccccc1-c1ccc2c(c1)OCCO2,2.0865728855133057,2.0865728855133057,1.6092900037765503
CCC(C)(C)C(=O)[C@@H](C)Cc1ccc(S(C)(=O)=O)s1,2.086331367492676,2.086331367492676,13.652231216430664
Cn1ncc(CCN2CCC[C@](C)(O)CC2)c1Cl,2.0858583450317383,2.0858583450317383,13.283409118652344
CCCCC[C@@H](C)OC1(C#N)CCN(C)CC1,2.0854086875915527,2.0854086875915527,42.62974166870117
C[C@@H]1C[C@H](C)CN(C2(C#N)CCN(C)CC2)C1,2.085343837738037,2.085343837738037,22.954914093017578
Cn1cc([N+](=O)[O-])c(-c2ccc3c(c2)OCCO3)n1,2.084728717803955,2.084728717803955,12.047624588012695
Cc1ncc(Br)n1-c1ccc2c(c1)OCCO2,2.084392547607422,2.084392547607422,36.0079345703125
CCC(C)(C)C(=O)c1cnn2c1OCCC2,2.0836005210876465,2.0836005210876465,22.709463119506836
C[C@H]1COCCN(CCC(C)(C)S(C)(=O)=O)C1,2.083536386489868,2.083536386489868,62.57429504394531
C[C@@H]1COCCCN1C1(C#N)CCN(C)CC1,2.0832324028015137,2.0832326412200928,11.066496849060059
C[C@H]1CN(c2ccc(S(C)(=O)=O)nc2)CCO1,2.083174228668213,2.083174228668213,10.969765663146973
Cn1cnc([N+](=O)[O-])c1-c1c(F)ccnc1F,2.0831186771392822,2.0831186771392822,45.22935485839844
N#CCCCCc1ccc2c(c1)OCCO2,2.082338571548462,2.082338571548462,20.349510192871094
Fc1cccc(F)c1-c1cnn2c1OCCC2,2.0819339752197266,2.0819339752197266,23.867429733276367
C#CCCCCCCc1cnn2c1OCCC2,2.081846237182617,2.081846237182617,16.483068466186523
CCC(C)(C)C(=O)N1CCn2nccc2C1,2.0817792415618896,2.0817792415618896,8.672301292419434
C[C@H]1COCCN(n2nc([N+](=O)[O-])nc2Br)C1,2.0814385414123535,2.0814385414123535,14.2269926071167
Cc1nnc(O)c(N2CC[C@@]3(CCOC3=O)C2)c1C,2.0813071727752686,2.0813071727752686,8.41192626953125
N#Cc1cc(=O)n(-c2cc3n(n2)CCO3)cn1,2.0806798934936523,2.0806798934936523,13.43544864654541
C[C@H]1N(c2ccccc2F)CCOC1(C)C,2.080004930496216,2.080004930496216,8.391253471374512
Fc1ccnc(F)c1CCc1c(F)ccnc1F,2.079733371734619,2.079733371734619,33.08592987060547
CS(=O)(=O)CCCCCCc1cnn2c1OCCC2,2.079482316970825,2.0794825553894043,22.140708923339844
CN1CCC(C#N)(OOc2c(F)ccnc2F)CC1,2.0794625282287598,2.079462766647339,57.83720779418945
CN1CCC(C#N)(c2cnn(C)c2Cl)CC1,2.079373598098755,2.079373598098755,16.263696670532227
CCCCC[C@@H](C)C1(C#N)CCN(C)CC1,2.079318046569824,2.079318046569824,35.749114990234375
C[C@]1(O)CCCN(n2cnc(C#N)n2)CC1,2.079233169555664,2.079233169555664,8.353029251098633
CS(=O)(=O)c1ccc(-c2cnn3c2OCCC3)s1,2.0792152881622314,2.0792152881622314,43.167598724365234
CN1CCC(C#N)(C(=O)c2cnn3c2OCCC3)CC1,2.079207420349121,2.0792076587677,26.576196670532227
N#Cc1ccc(CCn2cc(Cl)cn2)cc1Cl,2.0787954330444336,2.0787954330444336,16.67850112915039
C=CC[C](CO)CCCCCc1ncccc1O,2.07839035987854,2.07839035987854,12.485547065734863
C[C@H](O)CCCCCc1cnn2c1OCCC2,2.0782482624053955,2.0782482624053955,18.654848098754883
N#Cc1ccc(CCc2ccc(Cl)s2)cc1Cl,2.078164577484131,2.078164577484131,16.827014923095703
CS(=O)(=O)c1ccc(CCc2ccc(C#N)o2)s1,2.07719087600708,2.07719087600708,18.4000186920166
O=C1OCC[C@@]12CCN(c1ccc3c(c1)OCCO3)C2,2.0771501064300537,2.0771501064300537,12.327611923217773
N#Cc1ccc(Oc2ccc([N+](=O)[O-])s2)cc1Cl,2.0770797729492188,2.0770797729492188,17.26184844970703
CN1CC[C@H]2CN(c3ccc4c(c3)OCCO4)C[C@H]2C1,2.0770039558410645,2.0770039558410645,23.479665756225586
Cc1ncccc1N1C(=O)N[C@]2(CCOC2)C1=O,2.0768213272094727,2.0768213272094727,3.957319736480713
CCCCC[C](C)CC1(C#N)CCN(C)CC1,2.0768158435821533,2.0768158435821533,35.75911331176758
N#Cc1cc(=O)n(-c2cnn3c2OCCC3)cn1,2.0765981674194336,2.0765981674194336,12.677721977233887
Cn1nc2c(c1N1CCC[C@](C)(O)CC1)CCC2,2.0765151977539062,2.0765151977539062,1.9061166048049927
CN1C[C@@H]2CN(c3ccc(C#N)c(Cl)c3)C[C@@H]2C1,2.076502561569214,2.076502799987793,22.492902755737305
Cc1cc(CCN2C[C@@H](C)C[C@@H](O)C2)c(C)n1C,2.076137065887451,2.076137065887451,6.898708343505859
CON(C)C(=O)[C@H](C)Oc1ccc(F)cc1F,2.0760746002197266,2.0760746002197266,6.125061988830566
CC1CCN(CCN2CC[C@@]3(CCOC3=O)C2)CC1,2.076045513153076,2.076045513153076,9.016962051391602
c1cc2c(cc1NC1=NCCS1)OCCO2,2.0757293701171875,2.0757293701171875,20.06501007080078
C[C@H]1COCCN(CCCC2(C#N)CCN(C)CC2)C1,2.075422525405884,2.075422525405884,32.708030700683594
Cn1ncc(N2CCC[C@](C)(O)CC2)c1Cl,2.074835777282715,2.074835777282715,21.90561866760254
Cc1nc(-c2ccc3c(c2)OCCO3)oc1C,2.074833869934082,2.074833869934082,35.31688690185547
N#Cc1ccc(-c2cc3n(n2)CCO3)cc1Cl,2.0743017196655273,2.0743017196655273,44.455787658691406
CS(=O)(=O)c1ccc(-n2nc([N+](=O)[O-])nc2Br)s1,2.073561668395996,2.073561668395996,11.885003089904785
CS(=O)(=O)c1ccc(Oc2ccc(C#N)c(Cl)c2)s1,2.073481798171997,2.073481798171997,37.49580764770508
C[C@@H]1CN(c2cc(C#N)ncn2)C[C@H](C)S1,2.0730435848236084,2.0730435848236084,5.445245265960693
C[C@H]1CN(c2c3c(nn2C)CCCC3)CCO1,2.072883367538452,2.072883367538452,12.759310722351074
C[C@H]1CN(c2nc3ncccn3n2)C[C@H](C)S1,2.0721211433410645,2.0721211433410645,3.6390368938446045
Fc1ccc(-c2cnn3c2OCCC3)c(F)c1,2.0717074871063232,2.071707248687744,13.19859790802002
C=CC[C](CO)COC1(C#N)CCN(C)CC1,2.0716867446899414,2.0716867446899414,21.107772827148438
Cc1nc(C2(C#N)CCN(C)CC2)oc1C,2.0715994834899902,2.0715994834899902,41.66435241699219
CS(=O)(=O)c1ccc(CCN2C[C@H](O)[C@@H](O)C2)s1,2.0712697505950928,2.0712697505950928,20.88025665283203
C[C@H]1COCCN(c2ccc([N+](=O)[O-])s2)C1,2.071155071258545,2.071155071258545,60.92543411254883
CON(C)CCC[C@](C)(O)c1ccc(Cl)cn1,2.070730447769165,2.070730447769165,10.736734390258789
CN1CCC(C#N)(N2CC[C@@]3(CCOC3=O)C2)CC1,2.070611000061035,2.070611000061035,49.957035064697266
Cn1ncc(N2CC[C@@]3(CCOC3=O)C2)c1Cl,2.069709539413452,2.069709300994873,14.176987648010254
C[C@@H](CCCCN)C1(C#N)CCN(C)CC1,2.069587469100952,2.069587469100952,17.006084442138672
CN1CC[C@H]2CN(c3ccc(S(C)(=O)=O)s3)C[C@H]2C1,2.0692803859710693,2.0692803859710693,14.98085880279541
N#Cc1cc(=O)n(-c2ccc3c(c2)OCCO3)cn1,2.0689046382904053,2.0689046382904053,16.3990478515625
Cc1nnccc1CCN1CCC[C@](C)(O)CC1,2.0688271522521973,2.0688271522521973,15.086483001708984
CC(C)(COCCCCC#N)c1ccccc1O,2.068765163421631,2.068765163421631,10.998555183410645
C[C]1C[C@H](C)CN(c2c(F)ccnc2F)C1,2.0684611797332764,2.0684611797332764,61.537635803222656
N#Cc1ccc(-n2ncc([N+](=O)[O-])c2N)cc1Cl,2.067990303039551,2.067990303039551,61.74949645996094
C[C@H]1N(c2ncccc2Cl)CCOC1(C)C,2.0679173469543457,2.0679173469543457,1.6332876682281494
Clc1ccccc1-c1ccc2c(c1)OCCO2,2.067903995513916,2.067903995513916,12.241567611694336
CN1CCC(C#N)(Oc2ccc3c(c2)OCCO3)CC1,2.067789316177368,2.067789316177368,37.903297424316406
C#CCCCCOC1(C#N)CCN(C)CC1,2.0676348209381104,2.0676348209381104,15.991777420043945
CN1CCC(C#N)([C@H]2CCCC23OCCO3)CC1,2.0675222873687744,2.0675222873687744,36.28936004638672
CC1CCN(C[C@@H](C)CCCCCCC[C@H](C)O)CC1,2.0674185752868652,2.067418336868286,13.980719566345215
C[C@]1(O)CCCN(c2nc3nonc3nc2Cl)CC1,2.0674028396606445,2.0674028396606445,19.63424301147461
Cc1cccc(-c2ccc3c(c2)OCCO3)n1,2.067383289337158,2.067383289337158,22.827022552490234
CS(=O)(=O)CCCCCCc1ccc2c(c1)OCCO2,2.066995620727539,2.066995620727539,18.80743408203125
O[C@H]1CN(CCc2ccc3c(c2)OCCO3)C[C@@H]1O,2.0668091773986816,2.0668091773986816,20.243444442749023
C[C@@H]1C[C@@H](CCC2(C#N)CCN(C)CC2)[C@H](C)O1,2.06614351272583,2.06614351272583,15.327301025390625
C[C@]1(O)CCCN(c2ccc(S(C)(=O)=O)s2)CC1,2.066107749938965,2.066107749938965,27.139829635620117
C[C](O)CCCCCCCc1cnn2c1OCCC2,2.065955400466919,2.065955400466919,18.289817810058594
Cn1cnc(N2CC[C@@H]3COC(=O)N[C@H]3C2)c1,2.0658388137817383,2.0658388137817383,0.21970835328102112
CN1C[C]2CN(c3cnn4c3OCCC4)C[C@H]2C1,2.065706253051758,2.065706253051758,22.43762969970703
OC1(CC[C@@H]2[C@H]3CCO[C@@H]3C23CCC3)CCOCC1,2.065547466278076,2.065547466278076,7.004887104034424
c1nn2c(c1N1C[C]3CCC[C@@H](C3)C1)OCCC2,2.0648369789123535,2.0648369789123535,18.46556282043457
C[C@@H](O)CCCN1CCC[C@H]2CN(C)CC[C@H]21,2.064446210861206,2.064446210861206,12.827167510986328
O=[N+]([O-])c1ccc(CCN2CCn3nccc3C2)s1,2.0643222332000732,2.0643222332000732,2.589909791946411
Cc1ccc(N2CCn3nccc3C2)nn1,2.0641849040985107,2.0641849040985107,2.5228095054626465
C[C@H]1COCCN(c2ccnc(C#N)c2)C1,2.063774347305298,2.063774347305298,20.799951553344727
CC1CCN(C(=O)CCN2CCO[C@@H](C)C2)CC1,2.0634114742279053,2.0634114742279053,10.180318832397461
C[C@@H]1CN(c2ccc(S(C)(=O)=O)s2)CCS1,2.0632739067077637,2.0632739067077637,0.9301680326461792
C[C@@H](O)CCCc1ccc2c(c1)OCCO2,2.0630478858947754,2.0630478858947754,52.66920471191406
C=CC[C@H](CO)CN1CCC[C@H]2CN(C)CC[C@H]21,2.0626866817474365,2.0626866817474365,36.394569396972656
C[C](O)CCCCCc1cnn2c1OCCC2,2.062443971633911,2.062443971633911,15.975811958312988
Cc1nc(CCCCc2ccccc2)oc1C,2.0623881816864014,2.0623881816864014,13.568319320678711
C[C@H](O)CCCc1ccc2c(c1)OCCO2,2.062366247177124,2.062366247177124,14.429376602172852
C[C@H]1COCCN(CCc2ccc(C#N)o2)C1,2.0622622966766357,2.0622622966766357,3.7496566772460938
Clc1cnn(-c2ccc3c(c2)OCCO3)c1,2.0622036457061768,2.0622036457061768,21.50124740600586
CN1CCC(C#N)(O[C@H]2CCCC23OCCO3)CC1,2.0621554851531982,2.0621554851531982,42.14115524291992
C[C@@H]1COCCCN1c1c([N+](=O)[O-])ncn1C,2.0619876384735107,2.0619876384735107,5.6344428062438965
C#CCCCCc1ccc2c(c1)OCCO2,2.0618414878845215,2.0618414878845215,23.02910614013672
CN1CCC(C#N)(N2CC[C@]3(CCOC3=O)C2)CC1,2.0618185997009277,2.0618185997009277,25.70449447631836
CC(C)[C@H](O)CN1CCC[C@H]2CN(C)CC[C@H]21,2.0615592002868652,2.0615592002868652,9.485958099365234
N#Cc1ccc(-n2ccnc2[N+](=O)[O-])cc1Cl,2.060889959335327,2.060889959335327,10.638887405395508
Oc1nccc(-c2ccc3c(c2)OCCO3)n1,2.0608701705932617,2.0608701705932617,9.574333190917969
Nc1c([N+](=O)[O-])cnn1N1CC[C@@]2(CCOC2=O)C1,2.060800075531006,2.060800075531006,55.566471099853516
C[C@]1(O)CCCN(c2cc3n(n2)CCO3)CC1,2.0606377124786377,2.060637950897217,26.01776695251465
CC1CCN(C(=O)N2CCOC[C@H](C)C2)CC1,2.0600454807281494,2.0600454807281494,14.089946746826172
CCCCC(=O)c1ccc2c(c1)OCCO2,2.0598537921905518,2.0598537921905518,13.133025169372559
CCS(=O)(=O)CCCN1CCOCC[C@@H]1C,2.059598207473755,2.059598207473755,2.5227372646331787
CN1CCC(C#N)(N2CCC[C@](C)(O)CC2)CC1,2.0595152378082275,2.0595152378082275,47.07231903076172
Cc1nn(-c2cnn3c2OCCC3)cc1[N+](=O)[O-],2.0594892501831055,2.0594892501831055,7.5215373039245605
C[C@@]1(O)CCCN(c2ccc(S(C)(=O)=O)s2)CC1,2.059403419494629,2.059403419494629,12.102547645568848
CN1CCC[C](CCc2ccc3c(c2)OCCO3)C1,2.0590357780456543,2.0590357780456543,14.810002326965332
CC(C)S(=O)(=O)CCCc1cnn2c1OCCC2,2.0584375858306885,2.0584375858306885,7.848954200744629
Cc1cnc(CCCc2ccc([N+](=O)[O-])o2)o1,2.058305025100708,2.058305025100708,4.384302139282227
C[C@H]1COCCN(CCCCS(C)(=O)=O)C1,2.057884931564331,2.057884931564331,14.04786491394043
c1nn2c(c1Sc1cnn3c1OCCC3)OCCC2,2.0576391220092773,2.0576391220092773,11.741192817687988
CC[C@@](C)(CCO)CCc1ccc(C#N)c(Cl)c1,2.0575451850891113,2.0575451850891113,11.968385696411133
Cc1nc(N2CCC[C@](C)(O)CC2)oc1C,2.0574615001678467,2.0574615001678467,57.52366638183594
Cc1nc(N2CCC[C@@](C)(O)CC2)oc1C,2.0559074878692627,2.0559074878692627,10.315369606018066
C=CC[C](CO)CN1CC[C@@]2(CCOC2=O)C1,2.0557072162628174,2.0557072162628174,1.6107479333877563
C[C@H]1N(c2ccncc2Cl)CCOC1(C)C,2.0555243492126465,2.0555243492126465,8.092148780822754
Cc1ncc(Br)n1CCN1CCC[C@](C)(O)CC1,2.055483818054199,2.055483818054199,9.288656234741211
C#Cc1ccc(-c2ccc3c(c2)OCCO3)nc1,2.0554635524749756,2.0554635524749756,1.780627727508545
Clc1csc(-c2ccc3c(c2)OCCO3)n1,2.0553817749023438,2.0553817749023438,36.04854965209961
Cc1nnccc1N1CC[C@@H]([C@@H]2CCOC2)C1,2.0551376342773438,2.0551376342773438,8.058938026428223
CN1CCC(C#N)(c2ncc(Cl)n2C)CC1,2.055067777633667,2.055067777633667,10.827801704406738
C[C@]1(O)CCCN(c2ccc(C#N)o2)CC1,2.054999589920044,2.054999589920044,9.991786003112793
C[C@H]1CCOCCN1N1CCC[C@](C)(O)CC1,2.0549402236938477,2.0549402236938477,10.386857032775879
C[C]1C[C@H](C)CN(N2CCC[C@](C)(O)CC2)C1,2.054579973220825,2.054579973220825,15.631686210632324
C[C@H]1CN(c2ccc(S(C)(=O)=O)s2)CCO1,2.0543720722198486,2.0543720722198486,19.0316219329834
CN1CCC(C#N)(N2CCC[C@@](C)(O)CC2)CC1,2.0540192127227783,2.0540192127227783,11.985274314880371
C[C@]1(O)CCCN(c2ccnc(C#N)n2)CC1,2.0538525581359863,2.0538525581359863,18.48562240600586
C[C@H](O)CCCN1CC[C@@]2(CCOC2=O)C1,2.0533347129821777,2.0533347129821777,24.026714324951172
CS(=O)(=O)c1ccc(-n2ncc([N+](=O)[O-])c2N)s1,2.053297996520996,2.053297996520996,18.282278060913086
Cc1cc(-c2ccc3c(c2)OCCO3)c(C)n1C,2.052299737930298,2.0522994995117188,12.071586608886719
N#Cc1cc(=O)n(N2CC[C@@]3(CCOC3=O)C2)cn1,2.0519697666168213,2.0519697666168213,49.50750732421875
Cc1nnccc1N1CC[C@H]([C@H]2CCOC2)C1,2.051764726638794,2.051764726638794,9.729998588562012
CN1CCC(C#N)(N2C[C@H]3CN(C)C[C@H]3C2)CC1,2.0517594814300537,2.0517594814300537,34.24160385131836
C[C@H]1COCCN(CCCCc2c(F)ccnc2F)C1,2.051729440689087,2.051729440689087,22.07144546508789
C=CC[C](CO)CN1CCC[C@](C)(O)CC1,2.0515661239624023,2.0515661239624023,17.26582145690918
c1nn2c(c1N1CC[C@H]3CCN[C@H]3C1)OCCC2,2.051473379135132,2.051473379135132,10.111388206481934
Cc1ncc(Br)n1N1CCC[C@](C)(O)CC1,2.0512497425079346,2.0512497425079346,11.155010223388672
CON(C)C(=O)N1C[C]2CCN(C)C[C@H]2C1,2.050814151763916,2.050814151763916,2.146665573120117
c1cc2c(cc1-c1cc3n(n1)CCO3)OCCO2,2.0504279136657715,2.0504279136657715,61.121253967285156
Cn1nccc1-c1ccc2c(c1)OCCO2,2.049743413925171,2.049743413925171,8.252840042114258
CC1CCN(c2cnn3c2OCCC3)CC1,2.0496859550476074,2.0496859550476074,35.251739501953125
C[C@@]1(CCCc2c(F)cccc2F)CC1(F)F,2.0494558811187744,2.0494558811187744,9.696941375732422
CN1CCC(C#N)(c2ccc(C#N)o2)CC1,2.049267053604126,2.049267053604126,28.003324508666992
CN1C[C@@H]2CN(CCCCS(C)(=O)=O)C[C@@H]2C1,2.0492103099823,2.0492103099823,9.537610054016113
Cn1cc([N+](=O)[O-])c(-c2ccc(C#N)c(Cl)c2)n1,2.0491294860839844,2.0491294860839844,33.331783294677734
C=CCCCCCN1CCC[C@](C)(O)CC1,2.0488290786743164,2.0488290786743164,12.016033172607422
CC(C)[C](CC#N)C(=O)N1CCC[C@@](C)(O)CC1,2.048781394958496,2.048781394958496,5.285717487335205
CN1C[C]2CN(c3ccnc(C#N)n3)C[C@H]2C1,2.0487167835235596,2.0487167835235596,14.662346839904785
C[C@@H](CC(=O)N1CCC[C@](C)(O)CC1)C1(O)COC1,2.0486254692077637,2.0486254692077637,8.407785415649414
Cc1cnc(N2CCC[C@@](C)(O)CC2)cn1,2.048156976699829,2.048156976699829,1.2109439373016357
C[C@@H]1CC(=O)NCCN1c1cnn2c1OCCC2,2.0478391647338867,2.0478391647338867,8.948168754577637
CCCCC[C@@H](C)c1ccc(S(C)(=O)=O)s1,2.047757625579834,2.047757625579834,19.953598022460938
O=[N+]([O-])c1ncn(-c2ccco2)c1[N+](=O)[O-],2.0476465225219727,2.0476467609405518,0.7450709939002991
Cc1noc(C)c1N1CCC[C@](C)(O)CC1,2.0475974082946777,2.0475974082946777,60.511810302734375
Cc1nonc1CCC1(C#N)CCN(C)CC1,2.047367572784424,2.047367572784424,26.998577117919922
C[C@]1(O)CCCN(CN2CCSCC2)CC1,2.047258138656616,2.047258138656616,25.097410202026367
Cc1nnccc1N1CCC[C@@](C)(O)CC1,2.047196626663208,2.047196626663208,14.294744491577148
c1cc2c(cc1N1CC[C@H]([C@H]3CCOC3)C1)OCCO2,2.047166109085083,2.047166109085083,11.534809112548828
C[C@H]1COCCN(CCCCN2CCOC[C@H](C)C2)C1,2.0471599102020264,2.0471599102020264,10.023776054382324
C[C@H]1COCCN(CCc2ccc(C#N)c(Cl)c2)C1,2.0464062690734863,2.0464062690734863,25.24910545349121
CN1CCN(CCc2c(F)ccnc2F)CC1(C)C,2.046283721923828,2.046283721923828,8.91239070892334
O=C1NCC2(CCN(c3cnn4c3OCCC4)CC2)O1,2.0460338592529297,2.0460338592529297,1.6642870903015137
CCCCC[C@@H](C)CCCc1cnn2c1OCCC2,2.045861005783081,2.045861005783081,26.344968795776367
CN1CCC(C#N)(Oc2ncccc2O)CC1,2.045727014541626,2.045727014541626,21.659679412841797
O=Cc1ccc(F)c(-c2ccc3c(c2)OCCO3)c1,2.0455050468444824,2.0455050468444824,11.932174682617188
C[C@H]1COCCN(n2ccc(=O)c([N+](=O)[O-])c2)C1,2.0454578399658203,2.0454578399658203,49.13277816772461
CC[C@@](C)(CCO)C1(C#N)CCN(C)CC1,2.045391798019409,2.045391798019409,39.901729583740234
C[C@H]1COCCN(c2ccc(C#N)cn2)C1,2.04494571685791,2.04494571685791,8.379975318908691
C[C@H]1CN(Cc2cnn3c2OCCC3)C[C]1O,2.044773578643799,2.044773578643799,29.568035125732422
C[C@H]1COCCN(Oc2nn(C)cc2[N+](=O)[O-])C1,2.044710874557495,2.044711112976074,12.60667896270752
CS(=O)(=O)CCCCc1cnn2c1OCCC2,2.0443520545959473,2.0443520545959473,58.74195861816406
Cn1nc([N+](=O)[O-])n(-c2ccc(C#N)c(Cl)c2)c1=O,2.0437870025634766,2.0437870025634766,16.284635543823242
N#Cc1ccc(CCc2ccc3c(c2)OCCO3)o1,2.0436997413635254,2.0436999797821045,11.469377517700195
N#Cc1ccsc1N1CC[C@H]([C@@H]2CCOC2)C1,2.0435142517089844,2.0435142517089844,9.973752975463867
CS(=O)(=O)CCCCOc1ccc(C#N)c(Cl)c1,2.043361186981201,2.043361186981201,17.650344848632812
CN1CC[C@@H]2[C@@H](CCCN2c2ccnn2C)C1,2.043339252471924,2.043339252471924,11.090863227844238
Cc1nnccc1N1CCC[C@](C)(O)CC1,2.0433385372161865,2.0433385372161865,48.497615814208984
c1cc2c(cc1N1CC[C@H]([C@@H]3CCOC3)C1)OCCO2,2.0431225299835205,2.0431225299835205,63.00507736206055
OC1(c2cnn3c2OCCC3)CCOCC1,2.0427775382995605,2.0427775382995605,14.571290969848633
CCC(C)(C)C(=O)Oc1cnn2c1OCCC2,2.042649507522583,2.042649507522583,25.444135665893555
Clc1ccc(N2CC[C@H]([C@@H]3CCOC3)C2)nc1,2.0424346923828125,2.0424346923828125,6.229332447052002
c1nn2c(c1N1C[C@H]3CCC[C@@H](C3)C1)OCCC2,2.0421652793884277,2.0421652793884277,10.84846305847168
C[C@H]1CN(c2c([N+](=O)[O-])ncn2C)CCO1,2.0420658588409424,2.0420658588409424,7.8762102127075195
c1ccc2c(c1)CCN2c1cnn2c1OCCC2,2.041929006576538,2.041929006576538,15.55424976348877
CC[C@@H](O)CCCCc1c([N+](=O)[O-])cnn1C,2.0416688919067383,2.0416688919067383,7.4204301834106445
CN1CCC(C#N)(c2c3c(nn2C)CCCC3)CC1,2.0416128635406494,2.0416128635406494,48.62919616699219
c1nn2c(c1N1CC[C@H]3CCN[C@@H]3C1)OCCC2,2.041499614715576,2.041499614715576,3.8099191188812256
N#Cc1ccc(Oc2cnn3c2OCCC3)cc1Cl,2.041313648223877,2.041313886642456,52.35735321044922
Cn1nccc1CCc1ccc(S(C)(=O)=O)s1,2.041085958480835,2.041085958480835,12.998078346252441
CC(C)S(=O)(=O)CCCc1ccc(S(C)(=O)=O)s1,2.0408339500427246,2.0408339500427246,15.701659202575684
CCC(C)(C)C(=O)CCc1ccc2c(c1)OCCO2,2.0407493114471436,2.0407493114471436,12.28662109375
CN1CCN(C2(C#N)CCN(C)CC2)CC1,2.0406994819641113,2.0406994819641113,7.6212334632873535
C[C@H]1N(c2c(F)cccc2[N+](=O)[O-])CCOC1(C)C,2.040684700012207,2.040684700012207,5.166602611541748
Clc1cnccc1CCc1ccc2c(c1)OCCO2,2.0404858589172363,2.0404858589172363,8.777551651000977
CN1CCC(C#N)(c2nn(C)cc2[N+](=O)[O-])CC1,2.0404133796691895,2.0404133796691895,2.860053539276123
CS(=O)(=O)c1ccc(N2CC[C@H]([C@@H]3CCOC3)C2)s1,2.040390729904175,2.040390729904175,14.605759620666504
C[C@]1(O)CCCN(c2cccc(F)c2C#N)CC1,2.0401923656463623,2.0401923656463623,1.1743277311325073
CC[C](CCCc1cnn2c1OCCC2)C(=O)O,2.040160894393921,2.040160894393921,15.330582618713379
Cn1c(Cl)cnc1CCc1ccc(S(C)(=O)=O)s1,2.039876699447632,2.0398764610290527,11.599475860595703
CC1CCN(CCC2(C#N)CCN(C)CC2)CC1,2.0397894382476807,2.0397894382476807,18.00473976135254
Fc1cccnc1-c1ccc2c(c1)OCCO2,2.0393831729888916,2.0393831729888916,15.415307998657227
CC(C)C[C](CC(=O)O)CN1CCC[C@](C)(O)CC1,2.0392990112304688,2.0392990112304688,7.315754413604736
N#Cc1ccc(N2CC[C@H]([C@@H]3CCOC3)C2)cc1Cl,2.0390894412994385,2.0390894412994385,44.78310012817383
CS(=O)(=O)c1ccc(N2CC[C@H]([C@H]3CCOC3)C2)s1,2.0390195846557617,2.0390195846557617,11.612591743469238
N#C[C@@H]1CCCN(c2cnn3c2OCCC3)C1,2.0386884212493896,2.0386884212493896,8.233603477478027
c1nn2c(c1Sc1cc3n(n1)CCO3)OCCC2,2.0386433601379395,2.0386433601379395,25.312114715576172
C[C@H]1N(c2c3c(nn2C)CCCC3)CCOC1(C)C,2.038577079772949,2.038577079772949,21.19881248474121
Cn1cc([N+](=O)[O-])c(-c2ccc(S(C)(=O)=O)s2)n1,2.038306474685669,2.038306474685669,15.644548416137695
O=C(c1cnn2c1OCCC2)c1cnn2c1OCCC2,2.038221597671509,2.038221597671509,20.682422637939453
C#CCCCCN1CC[C@]2(CCOC2=O)C1,2.0382134914398193,2.0382134914398193,7.88579797744751
Cc1nc(CCN2CCOC[C@H](C)C2)oc1C,2.0381059646606445,2.0381059646606445,23.483909606933594
C[C@@H]1CCCN(c2ccc3c(c2)OCCO3)C1,2.038045644760132,2.038045644760132,10.89256477355957
C[C@H]1COCCN(c2cc([N+](=O)[O-])no2)C1,2.037980794906616,2.037980794906616,11.80863094329834
Cc1nnccc1ON1CCC[C@@](C)(O)CC1,2.037898063659668,2.037898063659668,5.086443901062012
CC[C@@H](C)CCCCn1cnc(C#N)cc1=O,2.037853717803955,2.037853717803955,3.4789276123046875
Cc1cccc(CC(C)(C)[C@H]2CCOC(C)(C)C2)n1,2.037649393081665,2.037649393081665,7.831761360168457
C[C]1CN(CCN2CCOC[C@H](C)C2)CCO1,2.0373992919921875,2.0373992919921875,13.612550735473633
c1cc2c(cc1N1CC[C@@H]([C@H]3CCOC3)C1)OCCO2,2.0373899936676025,2.0373899936676025,1.1184812784194946
c1cnc2sc(-c3cnn4c3OCCC4)cc2c1,2.037285327911377,2.037285327911377,0.12941507995128632
Cn1ncn(-c2ccc(C#N)c(Cl)c2)c1=O,2.0372440814971924,2.0372440814971924,12.730144500732422
C[C@]1(O)CCCN(Oc2ccc3c(c2)OCCO3)CC1,2.0371687412261963,2.0371687412261963,20.38138771057129
Cc1cnc(-c2ccc3c(c2)OCCO3)o1,2.036642074584961,2.036642074584961,14.813952445983887
C=CC[C@H](CO)Cc1ccc2c(c1)OCCO2,2.036590576171875,2.036590576171875,16.268695831298828
C=CC[C@H](CO)Cc1cnc2onc(C)c2c1,2.036447286605835,2.036447286605835,10.25261116027832
C#CCCCCOc1ccc(C#N)c(Cl)c1,2.035788059234619,2.035788059234619,31.070764541625977
Cn1c(Cl)cnc1N1CCC[C@](C)(O)CC1,2.035634994506836,2.035634994506836,23.674068450927734
C[C@H]1CN(c2cccc(F)c2F)C[C@H](C)S1,2.03548002243042,2.03548002243042,4.492483139038086
C=CCCCCCc1cnn2c1OCCC2,2.0354738235473633,2.0354738235473633,14.106513023376465
Cc1cnc(CCCc2cnn3c2OCCC3)o1,2.0352959632873535,2.0352959632873535,14.21329402923584
C[C@H]1CCOCCN1n1c([N+](=O)[O-])nn(C)c1=O,2.035142660140991,2.035142421722412,11.64777660369873
c1nn2c(c1-c1cnn3c1OCCC3)OCCC2,2.0349841117858887,2.0349841117858887,57.81095886230469
C=CC[C](C)CCCN1C[C@H]2CN(C)C[C@H]2C1,2.0349409580230713,2.0349409580230713,1.463030219078064
c1nn2c(c1N1CC[C@H]([C@@H]3CCOC3)C1)OCCC2,2.0349090099334717,2.0349090099334717,26.917219161987305
CN1CC[C@H]2[C@H](CCCN2c2ncc(Cl)n2C)C1,2.0347721576690674,2.0347721576690674,5.471987724304199
C[C@]1(O)CCCN(CCc2ccc(Cl)cn2)CC1,2.0347580909729004,2.0347580909729004,16.657609939575195
C[C@H]1COCCN(Oc2c3c(nn2C)CCCC3)C1,2.0347485542297363,2.0347485542297363,23.23529815673828
CN1C[C@@H]2CN(c3cncc(F)c3)C[C@@H]2C1,2.0346009731292725,2.0346009731292725,7.845849514007568
Cc1nc(N2CC[C@@]3(CCOC3=O)C2)oc1C,2.0339577198028564,2.0339577198028564,37.76420593261719
Cn1cnc([N+](=O)[O-])c1-n1ncc([N+](=O)[O-])c1N,2.033808708190918,2.033808708190918,31.494245529174805
CC(C)(CN)CCN1CC[C@@]2(CCOC2=O)C1,2.0337250232696533,2.0337250232696533,14.181520462036133
CCC(C)(C)C(=O)CCCc1cnn2c1OCCC2,2.033604860305786,2.033604860305786,16.61271858215332
CCC(C)(C)C(=O)ON1CCC[C@](C)(O)CC1,2.033381462097168,2.033381223678589,26.040592193603516
CC[C@@H](COCCN1CCC[C@](C)(O)CC1)C(=O)O,2.0332584381103516,2.0332584381103516,16.797470092773438
C[C@H]1CN(c2ccc3c(c2)OCCO3)C[C@@H]1O,2.032928943634033,2.032928943634033,41.098819732666016
C[C@H]1N(C2(C#N)CCN(C)CC2)CCOC1(C)C,2.032867670059204,2.032867670059204,11.499649047851562
c1cc2c(cc1N1CCOCC1)OCCO2,2.032716751098633,2.032716751098633,8.924997329711914
CN1CCN(c2nn(C)cc2[N+](=O)[O-])CC1,2.0325124263763428,2.0325124263763428,1.729028344154358
C[C@H]1CN(c2cnn3c2OCCC3)CCO1,2.0324010848999023,2.0324008464813232,25.926910400390625
Cc1nnccc1CCc1ccc(S(C)(=O)=O)s1,2.0323851108551025,2.0323851108551025,14.574285507202148
Cc1ccc(-c2cnn3c2OCCC3)cc1F,2.032371759414673,2.0323715209960938,11.425076484680176
C[C@@H]1CN(c2cc3cccnc3s2)CCS1,2.0323524475097656,2.0323524475097656,1.8741854429244995
CC1CCN(CCc2cnn3c2OCCC3)CC1,2.032052516937256,2.032052516937256,22.779890060424805
C[C@@H]1CN(c2nn(C)cc2[N+](=O)[O-])CCS1,2.031845808029175,2.031845808029175,8.956886291503906
C[C@]1(O)CCCN(Oc2cc3n(n2)CCO3)CC1,2.0313048362731934,2.0313048362731934,14.588214874267578
Cc1cc(C#N)cnc1-c1ccc2c(c1)OCCO2,2.0312156677246094,2.0312156677246094,10.34361457824707
CS(=O)(=O)c1ccc(-n2cnc(C#N)n2)s1,2.031176805496216,2.031176805496216,9.396934509277344
CS(=O)(=O)CCCC[C@@H]1[C]2CCO[C@@H]2C12CCC2,2.0309910774230957,2.030991315841675,28.134559631347656
C=CCCCCCN1CCn2nccc2C1,2.0309877395629883,2.0309877395629883,1.380889654159546
c1nn2c(c1N1CC[C@H]([C@H]3CCOC3)C1)OCCC2,2.03084397315979,2.03084397315979,11.354331016540527
Cc1noc2ncc(-c3ccc4c(c3)OCCO4)cc12,2.0306215286254883,2.0306215286254883,12.833467483520508
C[C@H]1COCCN(CCOC2(C#N)CCN(C)CC2)C1,2.030560255050659,2.030560255050659,29.678836822509766
C[C@H]1COCCN(CCc2cnn3c2OCCC3)C1,2.0305020809173584,2.0305020809173584,20.979948043823242
CN1CCC(C#N)(ON2C[C@H]3CN(C)C[C@H]3C2)CC1,2.030442714691162,2.030442476272583,54.41374206542969
NC1CCN(c2cnn3c2OCCC3)CC1,2.030172824859619,2.030172824859619,35.65378952026367
CN1CC[C@H]2[C@H](CCCN2c2cc(Cl)no2)C1,2.0295329093933105,2.0295329093933105,1.9035685062408447
Cc1nnc(-c2ccc3c(c2)OCCO3)s1,2.028787136077881,2.028787136077881,0.5871212482452393
CCCCC[C](C)OC1(C#N)CCN(C)CC1,2.0285804271698,2.0285804271698,38.082645416259766
O[C@H]1CN(CCCc2cnn3c2OCCC3)C[C@@H]1O,2.028425931930542,2.028425931930542,15.897014617919922
C[C]1CN(CCCCN2C[C@H]3CNC[C@H]3C2)CCN1,2.0284228324890137,2.0284228324890137,4.987534046173096
Cc1ncc(Br)n1N1CC[C@@]2(CCOC2=O)C1,2.028404712677002,2.028404712677002,13.344273567199707
C[C]1C[C@@H]([C@H]2CCc3nc(C)nn3C2)[C@H](C)O1,2.028390645980835,2.028390645980835,5.943493843078613
O=c1cnc2ccccc2n1-c1cc2n(n1)CCO2,2.0279030799865723,2.0279030799865723,9.87667179107666
C[C]1COCCN(OOC2(C#N)CCN(C)CC2)C1,2.0277299880981445,2.0277299880981445,31.23987579345703
Cc1cc(N2CCC[C@](C)(O)CC2)sc1[N+](=O)[O-],2.027273178100586,2.027273178100586,3.9786829948425293
CN1CCC(C#N)(CCc2c(F)ccnc2F)CC1,2.027268886566162,2.027268886566162,61.28242111206055
Cc1cc(N2CCOC[C@H](C)C2)cc(O)n1,2.0270190238952637,2.0270190238952637,11.696152687072754
CCCCC[C@@H](C)CCN1CCOC(C)(C)[C@H]1C,2.0269994735717773,2.0269994735717773,10.92360782623291
Cn1cc(CCCc2ccc3c(c2)OCCO3)cn1,2.02687931060791,2.02687931060791,5.471717357635498
C[C@H]1C[C@@H](O)CN(c2c3c(nn2C)CCCC3)C1,2.0262303352355957,2.0262303352355957,2.712097406387329
CCCCC[C@@H](C)c1c2c(nn1C)CCCC2,2.0260672569274902,2.0260672569274902,8.549814224243164
C[C@H]1N(c2cn3c(n2)CCCC3)CCOC1(C)C,2.0260119438171387,2.0260119438171387,4.96476411819458
Cc1nn(-n2nc(C)c([N+](=O)[O-])n2)cc1[N+](=O)[O-],2.0259153842926025,2.0259153842926025,9.241257667541504
O=[N+]([O-])c1ccc(N2CCC3(CCNC3)CC2)s1,2.0255579948425293,2.0255579948425293,0.15116536617279053
CC[C@@H](C)CCN1C(=O)N[C@]2(CCOC2)C1=O,2.0255277156829834,2.0255277156829834,7.258786678314209
O[C@H]1CCCN(c2cnn3c2OCCC3)CC1,2.025362730026245,2.025362730026245,8.373194694519043
CS(=O)(=O)c1ccc(-c2sc([N+](=O)[O-])cc2Cl)s1,2.024644374847412,2.024644136428833,5.701436996459961
CN1CCC[C](CCc2cnn3c2OCCC3)C1,2.0246098041534424,2.0246098041534424,14.894362449645996
Cn1nc([N+](=O)[O-])n(-c2ccc3c(c2)OCCO3)c1=O,2.0245282649993896,2.0245282649993896,4.667125701904297
CS(=O)(=O)CCCCOc1cnn2c1OCCC2,2.024238348007202,2.024238348007202,22.485979080200195
Cc1nc(CCc2ccc(C#N)c(Cl)c2)oc1C,2.024169683456421,2.024169683456421,29.908864974975586
Cc1nc(CCc2c(F)ccnc2F)oc1C,2.0240228176116943,2.0240228176116943,38.74210739135742
Cn1ncc(N2CCc3ccccc3CC2)c1Cl,2.023484230041504,2.023484230041504,12.013859748840332
Cn1ncn(-c2ccc(S(C)(=O)=O)s2)c1=O,2.023444652557373,2.023444652557373,8.863798141479492
CCCCC[C@@H](C)CCC(C)(C)S(C)(=O)=O,2.0232396125793457,2.0232396125793457,31.557889938354492
Cc1nc([N+](=O)[O-])c(N2CCC[C@](C)(O)CC2)n1C,2.0231435298919678,2.0231435298919678,10.387621879577637
Cn1ncc(N2CC[C@@]3(CCOC3=O)C2)n1,2.0231130123138428,2.0231130123138428,21.594730377197266
N#Cc1ccc(Oc2ccc3c(c2)OCCO3)cc1Cl,2.023092746734619,2.023092746734619,20.521526336669922
CS(=O)(=O)c1ccc(N2CCC3(CCNC3)CC2)s1,2.0228142738342285,2.0228142738342285,0.43588730692863464
C[C@@H]1CN(CCCc2cnn3c2OCCC3)C[C]1O,2.0227832794189453,2.0227832794189453,20.347368240356445
C[C@H]1COCCN(C(=O)Nn2c(O)nnc2O)C1,2.022752523422241,2.022752523422241,17.40816879272461
C[C@H]1COCCN(c2cc(Br)cnc2[N+](=O)[O-])C1,2.022559642791748,2.022559642791748,10.553668975830078
C[C@H]1COCCN(c2cc(=O)n(C)c3ccccc23)C1,2.0225465297698975,2.0225465297698975,3.458393096923828
CN1CCC(C#N)(OCCC(C)(C)S(C)(=O)=O)CC1,2.0223870277404785,2.0223870277404785,15.734823226928711
C[C@H]1COCCN(ON2CC[C@@]3(CCOC3=O)C2)C1,2.0220983028411865,2.0220983028411865,44.95835876464844
Cc1cc(C#N)cnc1OC1(C#N)CCN(C)CC1,2.021974563598633,2.021974563598633,17.544666290283203
Cn1cccc1-c1c([N+](=O)[O-])c([N+](=O)[O-])nn1C,2.0215954780578613,2.0215954780578613,0.3268613815307617
C[C@H]1N(c2cnc(N)cn2)CCOC1(C)C,2.02130389213562,2.02130389213562,12.161347389221191
C[C@H]1COCCN(CCc2c([N+](=O)[O-])ncn2C)C1,2.0211689472198486,2.0211689472198486,52.93650436401367
C[C@@H]1CN(c2cnn3c2OCCC3)CCS1,2.021106719970703,2.021106719970703,55.23495101928711
CN1CCC(C#N)(CCc2ccc([N+](=O)[O-])s2)CC1,2.0210630893707275,2.0210630893707275,8.2666654586792
C[C@H]1COCCN(CCc2ccc3c(c2)OCCO3)C1,2.0210506916046143,2.0210506916046143,20.411422729492188
Cc1ncc(Br)n1C1(C#N)CCN(C)CC1,2.020995855331421,2.020995855331421,21.5402889251709
Cc1ncccc1CCc1ccc2c(c1)OCCO2,2.020939826965332,2.020939826965332,8.952648162841797
N#Cc1ccc(-c2cnn3c2OCCC3)cc1Cl,2.0207486152648926,2.0207486152648926,23.465404510498047
Cn1ncn(N2CCC[C@](C)(O)CC2)c1=O,2.020632266998291,2.020632266998291,9.837983131408691
C[C]1CN(CCCON2CCC[C@](C)(O)CC2)C[C@@H]1O,2.0197322368621826,2.0197322368621826,16.563995361328125
Cc1nc(CCCS(=O)(=O)C(C)C)oc1C,2.01971697807312,2.01971697807312,14.858500480651855
Nc1c([N+](=O)[O-])cnn1-c1ccc(F)cc1F,2.019712209701538,2.019712209701538,7.37935733795166
Cc1nnccc1C1(C#N)CCN(C)CC1,2.0197057723999023,2.0197057723999023,42.92258834838867
Cc1nc2n(n1)C[C@H](N1CCOC[C@H](C)C1)CC2,2.0189077854156494,2.0189077854156494,1.1909449100494385
C[C@H](O)CCCc1cc2ccccc2c(=O)o1,2.018768787384033,2.018768787384033,3.4806747436523438
C[C]1CN(c2cnn3c2OCCC3)C[C@@H]1O,2.018393039703369,2.018393039703369,14.372756958007812
CC1CCN(CCCc2ccc3c(c2)OCCO3)CC1,2.0182199478149414,2.0182199478149414,25.73875617980957
Cc1cc(-c2c(F)cccc2F)c(C)nn1,2.018136978149414,2.018136978149414,6.93269157409668
Cn1cnc(-c2ccc3c(c2)OCCO3)c1,2.0180366039276123,2.0180366039276123,11.740840911865234
CN1CCC(C#N)(CCCCCCS(C)(=O)=O)CC1,2.0178732872009277,2.0178732872009277,41.58173370361328
O[C]1CN(CCCc2cnn3c2OCCC3)C[C@@H]1O,2.0178587436676025,2.0178587436676025,26.035184860229492
CC(C)[C@@H](O)C[C@@H](C)C[C@@H](C)c1ncccc1F,2.01781964302063,2.01781964302063,0.9735575318336487
C[C@@H]1COCCCN1CCc1ccc2c(c1)OCCO2,2.017808437347412,2.017808437347412,9.449441909790039
C[C]1CN(c2nccn3ccnc23)C[C@@H]1O,2.0176444053649902,2.0176444053649902,6.359777927398682
Clc1cnccc1N1[C@@H]2CO[C@H]3[C@@H]2OC[C@H]31,2.01749587059021,2.01749587059021,5.258479118347168
C[C@@H](CCCCN)N1CCC[C@](C)(O)CC1,2.0174810886383057,2.0174810886383057,11.681951522827148
CCC[C](N)CCC(O)CN1CCC[C@@](C)(O)CC1,2.017449378967285,2.017449378967285,8.311393737792969
C=CC[C@H](CO)CN1CCC[C@](C)(O)CC1,2.0174012184143066,2.0174009799957275,54.34990310668945
CN1C[C@@H]2CN(c3ccc(C#N)o3)C[C@@H]2C1,2.0169777870178223,2.0169777870178223,22.68022918701172
C=CC[C@H](CO)CC1(C#N)CCN(C)CC1,2.01692533493042,2.01692533493042,43.472782135009766
CCC(C)(C)C(=O)N1CCC[C@H]2CN(C)CC[C@H]21,2.016873836517334,2.016873836517334,9.997274398803711
Cc1nn(-c2cnn3c2OCCC3)nc1[N+](=O)[O-],2.016641855239868,2.016641855239868,28.892805099487305
Cn1ccnc1CCCCCCS(C)(=O)=O,2.016341209411621,2.016341209411621,18.937223434448242
C[C@H]1COCCN(c2ccc([N+](=O)[O-])o2)C1,2.016261577606201,2.0162618160247803,48.42354965209961
Cc1cc(-n2cnn3c([N+](=O)[O-])nnc23)co1,2.0160129070281982,2.0160131454467773,13.994111061096191
CS(=O)(=O)c1ccc(-c2cc3n(n2)CCO3)s1,2.015630006790161,2.015630006790161,17.120939254760742
O=c1ccn(-c2ccc3c(c2)OCCO3)cc1[N+](=O)[O-],2.015568971633911,2.015568971633911,10.638571739196777
CC1CCN(CCN2CCC[C@](C)(O)CC2)CC1,2.0154991149902344,2.0154991149902344,34.887271881103516
CC(C)C[C](CC(=O)O)Cc1ccc(S(C)(=O)=O)s1,2.015123128890991,2.015123128890991,15.889410972595215
CCCCC[C@@H](C)N1CCC[C@](C)(O)CC1,2.0150794982910156,2.0150794982910156,36.5379753112793
C[C@@H]1C[C@H](C)CN(CCc2cnn3c2OCCC3)C1,2.0150418281555176,2.0150418281555176,27.23227310180664
C[C@H]1COCCN(c2cccc([S@](C)=O)c2)C1,2.014732837677002,2.014732837677002,11.638843536376953
Cc1ncc(Br)n1-c1cc(Br)cnc1[N+](=O)[O-],2.0143656730651855,2.0143656730651855,6.594291687011719
Cc1nc(OOC2(C#N)CCN(C)CC2)oc1C,2.0142815113067627,2.0142815113067627,42.31373596191406
C[C@H]1CCCN(c2cnn3c2OCCC3)C1,2.014225482940674,2.0142252445220947,12.677579879760742
Cn1nc2c(c1N1CCC[C@](C)(O)CC1)CCCC2,2.0139763355255127,2.0139763355255127,48.603065490722656
C[C@@H]1CCCN(c2cnn3c2OCCC3)C1,2.013815402984619,2.013815402984619,9.951753616333008
CN1CC[C@@H]2[C@@H](CCCN2c2cnn3c2OCCC3)C1,2.0138120651245117,2.0138120651245117,13.641040802001953
c1cc2c(cc1Oc1cnn3c1OCCC3)OCCO2,2.0136234760284424,2.0136234760284424,39.44186782836914
C[C@H](O)C[C@@H](C)N1C(=O)N[C@]2(CCOC2)C1=O,2.0134778022766113,2.0134778022766113,5.658010482788086
C[C]1CN(c2cnn3c2OCCC3)C[C@H]1O,2.013458013534546,2.013458013534546,11.842267036437988
CC(C)S(=O)(=O)CCC[C@@H](C)CCS(C)(=O)=O,2.012885332107544,2.012885332107544,4.46587610244751
CS(=O)(=O)c1ccc(Oc2ccc(S(C)(=O)=O)s2)s1,2.012573003768921,2.012573003768921,18.401939392089844
c1nn2c(c1N1C[C@H]3CNC[C@H]3C1)OCCC2,2.0125598907470703,2.0125598907470703,17.818378448486328
CS(=O)(=O)c1ccc(N2C[C@H](O)[C@@H](O)C2)s1,2.0122251510620117,2.0122251510620117,20.697444915771484
C=CC[C@H](CO)CN1CCC[C@@](C)(O)CC1,2.012073516845703,2.012073516845703,14.150736808776855
C[C@H]1N(N2CCC[C@](C)(O)CC2)CCOC1(C)C,2.0120513439178467,2.0120513439178467,12.747089385986328
C=CC[C@H](CO)Cc1ccc(S(C)(=O)=O)s1,2.0119194984436035,2.0119194984436035,15.740864753723145
C[C@H]1COCCN(CCN2CC[C@@]3(CCOC3=O)C2)C1,2.0118234157562256,2.0118234157562256,35.299949645996094
Cc1noc(C)c1C1(C#N)CCN(C)CC1,2.011815071105957,2.011815071105957,29.198192596435547
C=CC[C@H](CO)CCCC(C)(C)S(C)(=O)=O,2.0118088722229004,2.0118088722229004,19.494827270507812
C[C@H]1COCCN([C@H]2CCCC23OCCO3)C1,2.011533737182617,2.011533737182617,19.246721267700195
c1cc(-c2cnn3c2OCCC3)n2nccc2n1,2.011080265045166,2.011080265045166,16.53885841369629
O=C1OCC[C@@]12CCN(c1ccc(Cl)s1)C2,2.0110456943511963,2.0110456943511963,18.868772506713867
C[C@@H]1CN(c2nccc(C#N)c2[N+](=O)[O-])CCO1,2.010788917541504,2.010788917541504,0.6050215363502502
C[C@]1(O)CCCN(Oc2cnn3c2OCCC3)CC1,2.0107762813568115,2.0107762813568115,20.3647518157959
CN1CCC(C#N)(c2ccc(C#N)c(Cl)c2)CC1,2.010666847229004,2.010666847229004,61.67919921875
C[C@@]1(O)CCCN(Oc2cnn3c2OCCC3)CC1,2.010664224624634,2.010664224624634,13.311371803283691
C[C@H]1COCCN(c2cccc([S@@](C)=O)c2)C1,2.0105574131011963,2.0105574131011963,7.809340953826904
C[C@@H]1COCCCN1c1nnc2n1CCCC2,2.0103237628936768,2.0103237628936768,5.9322404861450195
C[C@@H]1CN(CCC2(C#N)CCN(C)CC2)C[C@H]1O,2.009915828704834,2.009915828704834,28.068618774414062
C[C@H]1COCCN(OCCN2CCC[C@](C)(O)CC2)C1,2.009885787963867,2.009885787963867,16.970346450805664
CC(C)C[C](CC(=O)O)CN1CCOC(C)(C)[C@H]1C,2.0096776485443115,2.0096776485443115,9.29216194152832
CN1CCC(C#N)(Cc2cnn(C)c2Cl)CC1,2.0096611976623535,2.0096609592437744,13.92233657836914
Cn1ncc(N2CCC3(CCNC3)CC2)c1[N+](=O)[O-],2.009506940841675,2.009506940841675,9.379928588867188
CN1CCC(C#N)(Oc2c3c(nn2C)CCCC3)CC1,2.009303569793701,2.009303569793701,28.24403190612793
Clc1cccnc1Oc1cnn2c1OCCC2,2.009176731109619,2.009176731109619,13.941226959228516
CC1CCN(CCCCCCCC#N)CC1,2.0088706016540527,2.0088706016540527,2.275120496749878
CC[C@@H](C)N(OC)C(=O)CC1(C#N)CCN(C)CC1,2.008498191833496,2.008498191833496,31.918216705322266
Cn1cnc([N+](=O)[O-])c1-c1ccc(S(C)(=O)=O)s1,2.008216381072998,2.008216381072998,9.385055541992188
CC(C)S(=O)(=O)CCC[C@@H]1[C]2CCO[C@H]2C12CCC2,2.008082628250122,2.008082628250122,6.213329792022705
CCCCC[C@@H](C)[C@@H]1CC=C[C@@H](N2CCOC2=O)C1,2.008065700531006,2.008065700531006,10.24000358581543
O=c1ccn(-c2c(F)ccnc2F)cc1[N+](=O)[O-],2.0079753398895264,2.0079753398895264,24.0185489654541
CC(C)CC[C@H]1CCCN(c2cncc(F)c2)[C@@H]1C,2.00787353515625,2.00787353515625,9.961543083190918
Cc1ccc(N2CC[C@@]3(CCOC3=O)C2)o1,2.007810592651367,2.007810592651367,7.959874153137207
CON(C)CCN1CCC[C@H]2CN(C)CC[C@H]21,2.0074782371520996,2.0074782371520996,8.79677963256836
C=CC[C@H](CO)CCCCc1sccc1C#N,2.0074000358581543,2.0074000358581543,8.826447486877441
CN1CCC(C#N)(ON2CC[C@@]3(CCOC3=O)C2)CC1,2.0072286128997803,2.0072286128997803,31.415071487426758
Cc1ncc(Br)n1-c1ccc(S(C)(=O)=O)s1,2.0070419311523438,2.0070419311523438,15.203852653503418
CC(C)(CCN1CC[C@@]2(CCOC2=O)C1)S(C)(=O)=O,2.006882667541504,2.006882667541504,19.590787887573242
C[C@@H](CC(C)(C)O)c1ccc2c(c1)OCCO2,2.00677227973938,2.00677227973938,9.613228797912598
C[C@H]1N(N2CCC[C@@](C)(O)CC2)CCOC1(C)C,2.006685733795166,2.006685733795166,13.097582817077637
O=C(Nn1c(O)nnc1O)c1cnn2c1OCCC2,2.0064456462860107,2.0064456462860107,12.322549819946289
c1cc2c(cc1CC[C]1CCCSC1)OCCO2,2.006425380706787,2.006425380706787,9.624062538146973
O=C(O)[C](O)CCCCc1nonc1[N+](=O)[O-],2.0063412189483643,2.0063412189483643,5.445132255554199
Cn1nc([N+](=O)[O-])n(-c2ccc(S(C)(=O)=O)s2)c1=O,2.0062575340270996,2.0062575340270996,6.876626014709473
C[C@@H]1C[C@H](C)CN(N2CCOC[C@H](C)C2)C1,2.006173610687256,2.006173610687256,27.208086013793945
O=[N+]([O-])c1nn(-c2ccnc(F)c2F)c2ncnn12,2.005821466445923,2.005821466445923,2.431126117706299
C[C@H]1CN(c2cnn3c2OCCC3)CCN1,2.005638599395752,2.005638599395752,26.132232666015625
Cn1nc2c(c1N1CCC[C@@](C)(O)CC1)CCCC2,2.0050644874572754,2.0050644874572754,8.048699378967285
Cc1nc([N+](=O)[O-])c(C2(C#N)CCN(C)CC2)n1C,2.0048813819885254,2.0048813819885254,35.950950622558594
Cc1cnc(N2CC[C@@]3(CCOC3=O)C2)o1,2.0045626163482666,2.0045626163482666,10.887012481689453
Cc1nc(OC2(C#N)CCN(C)CC2)oc1C,2.0045547485351562,2.0045547485351562,48.0229377746582
C=CC[C](CO)CCCc1cnc(N)cn1,2.004451036453247,2.004451036453247,10.745243072509766
O[C]1CN(c2cnn3c2OCCC3)C[C@@H]1O,2.004389524459839,2.004389524459839,21.209203720092773
C[C@H]1COCCN(CCCc2cnn3c2OCCC3)C1,2.0041983127593994,2.0041983127593994,29.116737365722656
C[C@H]1N(c2ccc(N)nc2)CCOC1(C)C,2.004016160964966,2.004016160964966,4.250796318054199
Cn1ncn(-c2cnn3c2OCCC3)c1=O,2.0040054321289062,2.0040054321289062,27.580020904541016
CC(C)C[C](CC(=O)O)CN1CCn2nccc2C1,2.003807306289673,2.003807306289673,9.187064170837402
CCCCC[C@@H](C)CCc1cnn2c1OCCC2,2.003772735595703,2.003772735595703,23.173898696899414
C#Cc1ccc(N2CCOC[C@@H](C)C2)nc1,2.003582000732422,2.003582000732422,0.34149837493896484
CCC(C)(C)C(=O)c1ccc(S(C)(=O)=O)s1,2.0034642219543457,2.0034642219543457,15.051483154296875
CS(=O)(=O)c1ccc(-c2ccc(S(C)(=O)=O)s2)s1,2.003260850906372,2.003260850906372,41.33812713623047
Cc1noc(C)c1-c1ccc2c(c1)OCCO2,2.0029425621032715,2.0029425621032715,22.524181365966797
C[C@H]1COCCN(CCc2cnnc(O)c2)C1,2.0027713775634766,2.0027713775634766,12.123048782348633
CS(=O)(=O)c1ccc(Cc2cnn3c2OCCC3)s1,2.00234055519104,2.00234055519104,32.25175094604492
Clc1ccc(CCc2cnn3c2OCCC3)nc1,2.0022964477539062,2.0022964477539062,14.571736335754395
CCS(=O)(=O)C[C@@H](C)CCSc1nccs1,2.0020928382873535,2.0020928382873535,5.797637939453125
C[C@H]1COCCN(O[C@H]2CCCC23OCCO3)C1,2.002020835876465,2.002020835876465,16.00335121154785
CN1C[C]2CN(c3ccc(Cl)cn3)C[C@H]2C1,2.0020134449005127,2.0020134449005127,16.60904312133789
Cc1cc(-c2cnn3c2OCCC3)c(C)n1C,1.9998457431793213,1.9998457431793213,19.63282585144043
CC[C@@](C)(CCO)c1ccc2c(c1)OCCO2,1.999745488166809,1.999745488166809,16.93401336669922
CS(=O)(=O)c1ccc(-c2ccc([N+](=O)[O-])s2)s1,1.999359369277954,1.9993594884872437,14.643836975097656
CN1CCC(C#N)(CCC2(C#N)CCN(C)CC2)CC1,1.9992541074752808,1.9992541074752808,32.11915588378906
C[C@@H]1C[C@H](C)CN(N2CCC[C@](C)(O)CC2)C1,1.9988024234771729,1.9988024234771729,61.31801223754883
CC1CCN(OC2(C#N)CCN(C)CC2)CC1,1.998451590538025,1.998451590538025,15.072724342346191
C[C@]1(O)CCCN(n2cnc(C#N)cc2=O)CC1,1.9982547760009766,1.9982547760009766,26.862842559814453
CS(=O)(=O)c1ccc(Oc2ccc3c(c2)OCCO3)s1,1.9977248907089233,1.9977248907089233,23.066143035888672
Cc1nocc1CCCCCCS(C)(=O)=O,1.9973890781402588,1.9973890781402588,0.8699207305908203
NC1CCN(CCc2cnn3c2OCCC3)CC1,1.9969741106033325,1.9969741106033325,29.943769454956055
C[C@@H]1CN(C2(C#N)CCN(C)CC2)CCS1,1.996958613395691,1.996958613395691,44.402435302734375
C[C@H]1CCOCCN1c1ccc(O)c(O)c1,1.9967849254608154,1.9967849254608154,6.17725133895874
Cc1cc(CCCCS(C)(=O)=O)c(C)n1C,1.9966795444488525,1.9966795444488525,9.312427520751953
Cn1cnc([N+](=O)[O-])c1-c1ccc(C#N)c(Cl)c1,1.9966477155685425,1.9966477155685425,32.81673812866211
CN1C[C@@H]2CN(n3cnc(C#N)cc3=O)C[C@@H]2C1,1.9965215921401978,1.9965215921401978,15.782308578491211
Fc1ccnc(F)c1CCc1ccc2c(c1)OCCO2,1.9964202642440796,1.9964202642440796,34.6608772277832
Cc1cc(-c2ccc(C)o2)c2cnn(C)c2n1,1.9963730573654175,1.9963730573654175,1.43863844871521
C=CC[C@H](CO)Cc1c2c(nn1C)CCCC2,1.9963293075561523,1.9963293075561523,34.37345886230469
CN1CCC(C#N)(Cc2cnn3c2OCCC3)CC1,1.9962881803512573,1.9962881803512573,40.05826187133789
C[C@@H]1OC(=O)N[C]1CCC1(C#N)CCN(C)CC1,1.9956250190734863,1.9956250190734863,12.59624195098877
Cc1c(N2C[C@H]3CN(C)C[C@H]3C2)cnn1C,1.9955850839614868,1.9955850839614868,9.80917739868164
N#Cc1ccc(ON2CC[C@@]3(CCOC3=O)C2)cc1Cl,1.995558261871338,1.995558261871338,41.71982192993164
Clc1cnn(CCc2cnn3c2OCCC3)c1,1.9955207109451294,1.9955207109451294,15.368895530700684
C[C@]1(O)CCCN(CCc2c(F)ccnc2F)CC1,1.9952936172485352,1.9952936172485352,15.953180313110352
O[C@H]1CN(c2cnn3c2OCCC3)C[C@@H]1O,1.995286226272583,1.995286226272583,16.127239227294922
Clc1cnccc1Oc1cnn2c1OCCC2,1.9948456287384033,1.9948456287384033,17.19469451904297
C[C@H]1CCCCN1c1cnn2c1OCCC2,1.9947034120559692,1.9947034120559692,31.434711456298828
C[C@@H](O)CCCCCc1cc2cccnc2s1,1.9946173429489136,1.9946173429489136,12.325864791870117
CN1CCC(C#N)(c2c([N+](=O)[O-])ncn2C)CC1,1.9944733381271362,1.9944733381271362,28.366893768310547
Cc1cc(-c2ccc(C#N)c(Cl)c2)c(C)nn1,1.9940800666809082,1.9940800666809082,12.744950294494629
CC(C)C[C@@H](CC(=O)O)Cc1ccc(S(C)(=O)=O)s1,1.9940779209136963,1.9940779209136963,17.906890869140625
N#Cc1ccc(-c2ccc(C#N)c(Cl)c2)o1,1.9940069913864136,1.9940069913864136,34.580875396728516
C[C@H](O)CCCOc1ccc(S(C)(=O)=O)s1,1.9939141273498535,1.9939141273498535,20.63972282409668
N#Cc1ccc(CCc2c(F)ccnc2F)cc1Cl,1.9938464164733887,1.9938464164733887,17.077125549316406
O=[N+]([O-])c1ccc(-c2cnn3c2OCCC3)s1,1.993586778640747,1.993586778640747,22.986635208129883
c1cc2c(cc1N1CC[C@H]3CCN[C@H]3C1)OCCO2,1.9928146600723267,1.9928146600723267,4.449286937713623
CCC(C)(C)C(=O)CCN1CC[C@@]2(CCOC2=O)C1,1.9928019046783447,1.9928019046783447,34.70555877685547
Cn1ncc(-c2ccc(S(C)(=O)=O)s2)c1Cl,1.992624044418335,1.992624044418335,19.996227264404297
CN1CCC(C#N)(ON2CCC[C@](C)(O)CC2)CC1,1.9925413131713867,1.9925414323806763,49.82030487060547
Clc1ccc(CCCCc2cnn3c2OCCC3)nc1,1.9921163320541382,1.9921163320541382,9.616668701171875
CC(C)C[C](CC(=O)O)CC1(C#N)CCN(C)CC1,1.991956114768982,1.991956114768982,22.40596580505371
CN1CCC(C#N)(CCc2cc3n(n2)CCO3)CC1,1.9919195175170898,1.9919195175170898,43.960575103759766
C[C@H]1N(CCc2ccc(S(C)(=O)=O)s2)CCOC1(C)C,1.9918317794799805,1.9918317794799805,19.283605575561523
CC[C](O)CCC(C)(C)c1cnn2c1OCCC2,1.9918313026428223,1.9918313026428223,10.038463592529297
Cc1ccc(-c2c([N+](=O)[O-])c([N+](=O)[O-])nn2C)o1,1.9908792972564697,1.9908792972564697,8.102082252502441
Cc1nc(-c2ccc(C#N)c(Cl)c2)oc1C,1.9908736944198608,1.9908736944198608,10.437626838684082
N#Cc1ccc(N2C[C](O)[C@@H](O)C2)cc1Cl,1.9907341003417969,1.9907341003417969,12.471896171569824
CS(=O)(=O)c1ccc(Oc2ccc([N+](=O)[O-])o2)s1,1.9905297756195068,1.9905297756195068,13.051427841186523
C[C@H]1COCCN(N2CCCOC[C@@H]2C)C1,1.9904448986053467,1.9904448986053467,10.495750427246094
Cc1cc(N2CCOC(C)(C)[C@H]2C)c2cnn(C)c2n1,1.990373134613037,1.990373134613037,0.15731240808963776
C[C@@]1(O)CCCN(n2cnc(C#N)cc2=O)CC1,1.990297555923462,1.990297555923462,10.180055618286133
Cn1nc2c(c1N1CC[C@@]3(CCOC3=O)C1)CCCC2,1.9900455474853516,1.9900455474853516,48.73207473754883
Cc1nc([N+](=O)[O-])c(-c2ccc3c(c2)OCCO3)n1C,1.9900420904159546,1.9900420904159546,9.070381164550781
C[C@@H]1C[C@H](C)CN(N2CCOC(C)(C)[C@H]2C)C1,1.9900028705596924,1.9900028705596924,8.853909492492676
C[C@@H]1C[C@H](C)CN(CCCN2CCC[C@](C)(O)CC2)C1,1.9900015592575073,1.9900015592575073,18.981143951416016
Cc1ncc(Br)n1-c1cnn2c1OCCC2,1.9899978637695312,1.9899978637695312,14.43685245513916
C#CCCCS(=O)(=O)c1cc(C)sc1[N+](=O)[O-],1.9898087978363037,1.9898086786270142,5.9924445152282715
Nc1c([N+](=O)[O-])cnn1-c1cnn2c1OCCC2,1.9896913766860962,1.9896913766860962,17.460216522216797
c1cc2c(cc1N1CC[C@H]3CCN[C@@H]3C1)OCCO2,1.9896798133850098,1.9896798133850098,7.021563529968262
C=CC[C](CO)CCC(O)CN1CCOC[C@H](C)C1,1.9895837306976318,1.9895837306976318,22.88699722290039
CC1(C)CN(c2nc(O)cc(=O)[nH]2)CC(C)(C)O1,1.9893654584884644,1.9893654584884644,3.5917439460754395
Cc1nnc(-c2ccc3c(c2)OCCO3)o1,1.9891489744186401,1.9891489744186401,8.561436653137207
N#Cc1cc(=O)n(-c2c(F)ccnc2F)cn1,1.9890581369400024,1.9890581369400024,16.661605834960938
N#Cc1ccc(-c2sccc2C#N)cc1Cl,1.9889951944351196,1.9889951944351196,7.491332530975342
Cc1nc([N+](=O)[O-])c(C(=O)C(F)(F)F)n1C,1.9886834621429443,1.9886834621429443,2.1064865589141846
CC[C@H](C)N(OC)C(=O)c1ccc2c(c1)OCCO2,1.988612174987793,1.988612174987793,9.977008819580078
C[C@H]1CN(C2(C#N)CCN(C)CC2)CCO1,1.9884763956069946,1.9884763956069946,39.65053176879883
CN1CCC[C](CCc2ccc(S(C)(=O)=O)s2)C1,1.98841392993927,1.98841392993927,8.99567985534668
CC(C)(CCc1c(F)ccnc1F)S(C)(=O)=O,1.9884120225906372,1.9884120225906372,50.27933120727539
CCCCC[C@@H](C)c1c([N+](=O)[O-])nc(C)n1C,1.9883769750595093,1.9883769750595093,1.2523729801177979
Cc1nonc1CCN1CCC[C@H]2CN(C)CC[C@H]21,1.9882761240005493,1.9882761240005493,14.36115837097168
CC(C)S(=O)(=O)CCCN1CCC[C@](C)(O)CC1,1.9881126880645752,1.9881126880645752,7.2556071281433105
Cc1ncsc1CCc1c([N+](=O)[O-])ncn1C,1.988112211227417,1.988112211227417,0.5481346249580383
CC[C](Cc1ccc2c(c1)OCCO2)C(=O)O,1.9878737926483154,1.9878737926483154,12.039566040039062
CN1CCC[C@H](C(=O)c2cnn(C)c2Cl)C1,1.987683653831482,1.987683653831482,9.799513816833496
CC[C@@H](C)N(OC)C(=O)c1ccc2c(c1)OCCO2,1.9876017570495605,1.9876017570495605,18.550283432006836
N#Cc1ncn(CCc2ccc([N+](=O)[O-])o2)n1,1.987374186515808,1.987374186515808,11.739701271057129
CS(=O)(=O)c1ccc(-c2ccc(C#N)o2)s1,1.9872299432754517,1.9872299432754517,18.938304901123047
O=[N+]([O-])c1ccc(-c2c(F)ccnc2F)o1,1.9872297048568726,1.9872297048568726,35.689815521240234
Cc1nonc1ON1CC[C@@]2(CCOC2=O)C1,1.9872063398361206,1.9872063398361206,19.454410552978516
CN1CCC(C#N)([C@@H]2CC(C)(C)CO2)CC1,1.9870989322662354,1.9870989322662354,16.22222137451172
C[C@H]1COCCN(CC[C@H]2CCCC23OCCO3)C1,1.9870941638946533,1.9870941638946533,42.68610763549805
CC[C](C#N)CCCc1cnn2c1OCCC2,1.9869850873947144,1.9869850873947144,11.007208824157715
c1ccc2c(c1)CCN2c1ccc2c(c1)OCCO2,1.986971139907837,1.986971139907837,15.897818565368652
N#Cc1c(F)cc(CCCCC(=O)O)cc1F,1.986833095550537,1.986833095550537,3.7883381843566895
C=CC[C](CO)CC1(C#N)CCN(C)CC1,1.9866969585418701,1.9866969585418701,56.66268539428711
Cc1nc(CCN2CC[C@@]3(CCOC3=O)C2)oc1C,1.9866623878479004,1.9866623878479004,40.23622131347656
C[C@H]1COCCN(CCCC(C)(C)CN)C1,1.9861414432525635,1.9861414432525635,12.712966918945312
CC(C)C[C@@H](CC(=O)O)CN1CCOC(C)(C)[C@H]1C,1.985876441001892,1.985876441001892,3.809664726257324
CC(C)C[C](CC(=O)O)CN1C[C](O)[C@@H](O)C1,1.9852384328842163,1.9852384328842163,9.270318031311035
CC(C)(CCCCc1cnn2c1OCCC2)S(C)(=O)=O,1.985116720199585,1.985116720199585,20.54709243774414
CCS(=O)(=O)C[C@H](C)CCc1cnn2c1OCCC2,1.9851129055023193,1.9851129055023193,12.085000038146973
O=[N+]([O-])c1ccc(-c2c(F)ccnc2F)s1,1.985074520111084,1.985074520111084,45.3824577331543
C[C@]1(O)CCCN(CCc2cc3n(n2)CCO3)CC1,1.9850529432296753,1.9850529432296753,21.18222427368164
c1cc2c(cc1ON1CCCC1)OCCO2,1.9850149154663086,1.9850149154663086,12.153388023376465
CN1C[C]2CN(c3cc([N+](=O)[O-])no3)C[C@H]2C1,1.9848650693893433,1.9848650693893433,12.75458812713623
C#CCCCCOCCc1cnn2c1OCCC2,1.98470938205719,1.98470938205719,15.800281524658203
C[C@H]1CN(C(=O)Nn2c(O)nnc2O)CCO1,1.9845309257507324,1.9845309257507324,9.189360618591309
CN1CCC(C#N)(CCN2C[C@H]3CN(C)C[C@H]3C2)CC1,1.9842684268951416,1.9842684268951416,32.85282516479492
CN1CCC(C#N)(CCCc2ccc([N+](=O)[O-])s2)CC1,1.9838823080062866,1.9838823080062866,22.57264518737793
CN1CCC(C#N)(Oc2ncn(C)n2)CC1,1.983867883682251,1.983867883682251,23.083614349365234
CCCCC[C](C)CCCc1cnn2c1OCCC2,1.9829342365264893,1.9829342365264893,7.701870918273926
C[C]1COCCN(CCOC2(C#N)CCN(C)CC2)C1,1.982782244682312,1.9827821254730225,23.400571823120117
C#CCCCCCCC(=O)C(C)(C)C(=O)O,1.9826887845993042,1.9826887845993042,0.46885785460472107
C[C@@H]1CNCCN1c1cnn2c1OCCC2,1.9826781749725342,1.9826781749725342,8.432276725769043
CC(C)(Cc1cnn2c1OCCC2)c1ccccc1,1.9826390743255615,1.9826390743255615,12.509360313415527
Cc1nnc(N2[C]3CC[C@@H]2CN(C)CC3)s1,1.9821468591690063,1.9821468591690063,8.541159629821777
C=CC[C](CO)CCCC(C)(C)S(C)(=O)=O,1.9819458723068237,1.9819458723068237,6.620155334472656
C[C@H]1N(n2ccc(=O)c([N+](=O)[O-])c2)CCOC1(C)C,1.9814037084579468,1.9814037084579468,12.670955657958984
CN1CCC(C#N)(CCc2cnn3c2OCCC3)CC1,1.981364369392395,1.9813642501831055,26.57637596130371
CC(C)[C](O)CCCN1CCOC[C@H](C)C1,1.9809824228286743,1.9809824228286743,13.376984596252441
O[C@H]1CN(CCc2cnn3c2OCCC3)C[C@@H]1O,1.9809634685516357,1.9809634685516357,15.556374549865723
CN1C[C@@H]2CN(c3c([N+](=O)[O-])ncn3C)C[C@@H]2C1,1.9809130430221558,1.9809130430221558,63.49455261230469
CC(C)(CCc1ccc(S(C)(=O)=O)s1)S(C)(=O)=O,1.9806321859359741,1.9806321859359741,31.98641014099121
C[C@H]1COCCN(N2CCCOC[C@H]2C)C1,1.980494737625122,1.980494737625122,9.909113883972168
C[C@@H](C#N)CN1CCN(c2ccc([N+](=O)[O-])s2)C[C@@H]1C,1.9804913997650146,1.9804913997650146,4.697988033294678
CN1CCC(C#N)(CC2(C#N)CCN(C)CC2)CC1,1.9804275035858154,1.9804275035858154,50.86879348754883
Cc1nc(N2C[C@H]3CN(C)C[C@H]3C2)oc1C,1.9801222085952759,1.9801222085952759,17.947832107543945
CN1CCC(C#N)(N2CCC(N)CC2)CC1,1.9799277782440186,1.9799277782440186,57.460296630859375
C[C@@H]1C[C@H](C)CN(c2cc3n(n2)CCO3)C1,1.9796016216278076,1.9796016216278076,34.236175537109375
CN1CCC(C#N)(CCC(C)(C)S(C)(=O)=O)CC1,1.97938072681427,1.97938072681427,33.90717697143555
CCC(C)(C)C(=O)CCCCc1cnn2c1OCCC2,1.9791797399520874,1.9791797399520874,14.464164733886719
CS(=O)(=O)c1ccc(-c2ccc([N+](=O)[O-])o2)s1,1.9791709184646606,1.9791709184646606,34.87234878540039
Cn1cnc([N+](=O)[O-])c1N1CCC[C@](C)(O)CC1,1.9791240692138672,1.9791240692138672,16.586750030517578
O[C@@H]1CCCN(c2cnn3c2OCCC3)C1,1.979012131690979,1.979012131690979,10.76572322845459
Cc1cc([N+](=O)[O-])sc1-c1cc(C)n(C)c1C,1.9789477586746216,1.9789477586746216,2.7307424545288086
Cc1nc(-n2c([N+](=O)[O-])nn(C)c2=O)cs1,1.9781185388565063,1.9781185388565063,8.25793170928955
[O-][n+]1ccccc1-c1cnn2c1OCCC2,1.9780995845794678,1.9780995845794678,5.486008167266846
CN1CCC(C#N)(c2ccc([N+](=O)[O-])s2)CC1,1.9779911041259766,1.9779911041259766,60.22053909301758
Fc1ccnc(F)c1-c1c(F)ccnc1F,1.977433443069458,1.977433443069458,45.00985336303711
CCC[C](N)CN1CC[C@@]2(CCOC2=O)C1,1.977138876914978,1.977138876914978,7.84674072265625
C[C@@H]1CN(c2cc3oc(=O)n(C)c3cc2F)C[C@H]1N,1.977135181427002,1.977135181427002,2.131499767303467
C[C@@H](O)CCCOc1cnn2c1OCCC2,1.9762938022613525,1.9762938022613525,13.458712577819824
Cc1cc([N+](=O)[O-])sc1-c1cnn2c1OCCC2,1.976291537284851,1.9762914180755615,12.595734596252441
CCCCC[C](C)CCc1ccc2c(c1)OCCO2,1.9762136936187744,1.9762136936187744,14.322042465209961
CCCCC[C@@H](C)c1ccc(C#N)c(Cl)c1,1.976178765296936,1.976178765296936,47.484169006347656
C[C@H]1COCCN(c2onc3ncnc(Cl)c23)C1,1.9756827354431152,1.9756827354431152,2.4182045459747314
CN1CCC(C#N)(n2ncc([N+](=O)[O-])c2N)CC1,1.9755349159240723,1.9755349159240723,55.222900390625
N#Cc1ccsc1-c1cnn2c1OCCC2,1.9752697944641113,1.9752697944641113,12.848455429077148
c1cc2c(cc1O[C@H]1CCCC13OCCO3)OCCO2,1.975084662437439,1.975084662437439,21.30759620666504
Cc1cnc(-n2ncc(C#N)c2[N+](=O)[O-])o1,1.9744410514831543,1.9744410514831543,7.680344104766846
Cc1nc(CCc2cnn3c2OCCC3)oc1C,1.974363923072815,1.974363923072815,17.148170471191406
C[C@H]1COCCN(N2CCOC[C@H](C)C2)C1,1.9742659330368042,1.9742659330368042,44.50847625732422
Cc1noc2ncc(-n3ncc([N+](=O)[O-])c3N)cc12,1.9742478132247925,1.9742478132247925,10.943047523498535
N#CC1(CC[C](O)[C](CO)CC(F)F)CCC1,1.974186658859253,1.974186658859253,1.3325698375701904
C[C@H]1COCCN(N2CCC[C@H]3CN(C)CC[C@H]32)C1,1.9740113019943237,1.9740113019943237,23.62469482421875
C[C@H]1CN(N2CCC[C@](C)(O)CC2)CCO1,1.973540186882019,1.973540186882019,12.928187370300293
Cn1nc([N+](=O)[O-])n(-c2ccc([N+](=O)[O-])s2)c1=O,1.9735352993011475,1.9735352993011475,10.374481201171875
Cc1cc(-c2nn(C)cc2[N+](=O)[O-])c(C)nn1,1.973097801208496,1.973097801208496,6.518681049346924
N#Cc1ccccc1-c1cc2n(n1)CCO2,1.973061442375183,1.973061442375183,10.198270797729492
C[C@H]1COCCN(N2C[C@H]3CN(C)C[C@H]3C2)C1,1.9729706048965454,1.9729706048965454,38.15932846069336
CC(C)C[C](CC(=O)O)Cn1ncc([N+](=O)[O-])c1N,1.9729317426681519,1.9729317426681519,15.936838150024414
CN1CCC(C#N)(O[C]2CCCC23OCCO3)CC1,1.9728971719741821,1.9728971719741821,34.44234848022461
CN1CCC(C#N)(CCc2ccc([N+](=O)[O-])o2)CC1,1.9726347923278809,1.9726347923278809,17.482681274414062
O=[N+]([O-])c1ccc(CCc2ccc3c(c2)OCCO3)o1,1.972042441368103,1.972042441368103,23.350738525390625
C[C@H]1COCCN(N2CC[C@@]3(CCOC3=O)C2)C1,1.9719997644424438,1.9719997644424438,45.28781509399414
c1cnc2nc(-c3cnn4c3OCCC4)nn2c1,1.9719637632369995,1.9719637632369995,7.2715559005737305
CS(=O)(=O)CCCc1cc(F)c(O)c(F)c1,1.971619963645935,1.971619963645935,4.747438907623291
N#Cc1ccc(ON2CC[C@@]3(CCOC3=O)C2)o1,1.9710636138916016,1.9710636138916016,18.533203125
C[C]1C[C@H](C)CN(N2CCOC[C@H](C)C2)C1,1.9708960056304932,1.9708960056304932,46.922454833984375
Fc1ccnc(F)c1CCc1cnn2c1OCCC2,1.9708609580993652,1.9708609580993652,60.334896087646484
Cc1nc(-c2ccc(S(C)(=O)=O)s2)oc1C,1.970793604850769,1.970793604850769,18.790021896362305
O=[N+]([O-])c1ccc(CCc2cnn3c2OCCC3)s1,1.9704387187957764,1.9704387187957764,21.443147659301758
Cc1csc(CCCCS(C)(=O)=O)c1C#N,1.9703545570373535,1.9703545570373535,13.98099136352539
C[C@H]1CN(c2cnn3c2OCCC3)C[C@@H]1O,1.9701348543167114,1.9701348543167114,42.88828659057617
Cc1nc2n(n1)C[C@@H](N1CCC[C@@](C)(O)CC1)CC2,1.9699209928512573,1.9699209928512573,5.48379373550415
CC(=O)CCCN1CC[C@H]([C@@H]2CCOC2)C1,1.9698315858840942,1.9698315858840942,0.23668210208415985
Cc1ncccc1-c1ccc2c(c1)OCCO2,1.9697731733322144,1.9697731733322144,10.481550216674805
CS(=O)(=O)CCCCc1ccc(S(C)(=O)=O)s1,1.9693785905838013,1.9693785905838013,49.711204528808594
C[C@@]1(O)CCCN(c2nonc2[N+](=O)[O-])CC1,1.9692895412445068,1.9692895412445068,2.1403770446777344
O[C]1CN(CCc2cnn3c2OCCC3)C[C@@H]1O,1.9690511226654053,1.9690511226654053,12.256705284118652
C[C@H]1CN(CCc2cnn3c2OCCC3)CCO1,1.9688693284988403,1.9688694477081299,25.76096534729004
CC1CCN(CCc2ccc(S(C)(=O)=O)s2)CC1,1.9685083627700806,1.9685083627700806,11.448460578918457
CS(=O)(=O)c1ccc(Oc2cnn3c2OCCC3)s1,1.9684906005859375,1.9684906005859375,11.078352928161621
NC1CCN(C(=O)C2=NN3CCCN=C3N2)CC1,1.968350887298584,1.968350887298584,2.691537857055664
Cc1nc(CCc2ccc3c(c2)OCCO3)oc1C,1.9683303833007812,1.9683303833007812,25.948802947998047
Clc1ccc(CCc2cnn3c2OCCC3)s1,1.9682345390319824,1.968234658241272,12.7738676071167
C[C@H]1CC(=O)NCCN1c1ccc2c(c1)OCCO2,1.967974066734314,1.967974066734314,6.759373188018799
C[C@H](O)CCCN1C[C]2CCN(C)C[C@@H]2C1,1.9678813219070435,1.9678813219070435,5.982450485229492
CN1CCC(C#N)(CCc2ccc(S(C)(=O)=O)s2)CC1,1.967705249786377,1.967705249786377,35.1809196472168
CN1CCC(C#N)(CCCCC(C)(C)S(C)(=O)=O)CC1,1.9676624536514282,1.9676625728607178,57.34435272216797
C[C@H]1CN(Oc2cnn3c2OCCC3)CCO1,1.9676313400268555,1.967631220817566,25.435497283935547
C[C@]1(O)CCCN(CCc2ccncc2Cl)CC1,1.9675780534744263,1.9675780534744263,13.215971946716309
O=C1OCC[C@@]12CCN(CCc1ccc([N+](=O)[O-])s1)C2,1.9670982360839844,1.9670982360839844,18.002765655517578
Cc1csc(N2CCC3(CCO3)CC2)c1C#N,1.9670727252960205,1.9670727252960205,0.16830243170261383
CCCCC[C@@H](C)N1CCC[C@H]2CN(C)CC[C@H]21,1.9670569896697998,1.9670569896697998,59.52740478515625
Clc1cnc(-c2cnn3c2OCCC3)c(Cl)n1,1.9668447971343994,1.9668447971343994,15.69991397857666
CN1CCC(C#N)([C@@H]2[C@H]3CCO[C@@H]3C23CCC3)CC1,1.966794490814209,1.966794490814209,61.48637771606445
CN1CCC(C#N)(CCCCS(C)(=O)=O)CC1,1.9665366411209106,1.9665366411209106,29.848669052124023
CS(=O)(=O)c1ccc(CCc2ccc(Cl)cn2)s1,1.9664902687072754,1.9664902687072754,14.202112197875977
N#Cc1ccc(CCc2cnn3c2OCCC3)o1,1.9664788246154785,1.9664788246154785,22.294469833374023
CN1CCC(C#N)([C@@H]2CCOC2(C)C)CC1,1.966342568397522,1.966342568397522,41.661094665527344
N#Cc1ccc(-c2c[n+]([O-])ccc2[N+](=O)[O-])o1,1.9662178754806519,1.9662178754806519,1.3873281478881836
CC1(F)CN(CCc2ccc3c(c2)OCCO3)C1,1.9661694765090942,1.9661693572998047,6.603822708129883
CN1CC[C]2CC[C@H](C1)N2c1ccc(S(C)(=O)=O)s1,1.9660454988479614,1.9660454988479614,4.444217205047607
Cc1nc(-n2c([N+](=O)[O-])nn(C)c2=O)oc1C,1.96578049659729,1.96578049659729,14.783724784851074
CCC(C)(C)C(=O)CCC1(C#N)CCN(C)CC1,1.9657193422317505,1.9657193422317505,54.59200668334961
N#Cc1ccc(CCc2ccc(Cl)nn2)cc1Cl,1.9656834602355957,1.9656834602355957,5.938711643218994
CS(=O)(=O)c1ccc(CCc2c(F)ccnc2F)s1,1.9654818773269653,1.9654818773269653,63.427589416503906
CCC(C)(C)C(=O)N1CCOC[C@H](C)C1,1.9652180671691895,1.9652180671691895,43.909393310546875
Cc1nc([N+](=O)[O-])c(-c2ccc(S(C)(=O)=O)s2)n1C,1.9648942947387695,1.9648942947387695,7.555112838745117
Cn1cnc(-c2cnn3c2OCCC3)cc1=O,1.9647297859191895,1.9647297859191895,0.9016761779785156
N#Cc1ccc(-c2cnn3c2OCCC3)o1,1.9646449089050293,1.9646449089050293,27.887954711914062
C[C@H]1COCCN(n2c(=O)cnc3ccccc32)C1,1.9645484685897827,1.9645484685897827,10.057065963745117
C[C@@H]1CN(c2cnn3c2OCCC3)C[C@H]1O,1.964165449142456,1.964165449142456,38.664512634277344
Cc1nonc1-c1ccc2c(c1)OCCO2,1.9641363620758057,1.9641363620758057,14.903270721435547
CN1CCC(C#N)(N2CC[C@H]([C@@H]3CCOC3)C2)CC1,1.963989019393921,1.963989019393921,63.5765495300293
c1cn2ccnc2c(-c2ccc3c(c2)OCCO3)n1,1.9639790058135986,1.9639790058135986,7.43253755569458
O[C@H]1CN(CC[C]2CCCC23OCCO3)C[C@@H]1O,1.9638454914093018,1.9638454914093018,10.902256965637207
Cn1nc2c(c1N1CCC(N)CC1)CCCC2,1.9634993076324463,1.9634993076324463,15.286789894104004
O=[N+]([O-])c1ccc(-c2c(F)cccc2F)s1,1.9634495973587036,1.9634495973587036,0.9429190754890442
Cc1nnccc1CCc1ccc(C#N)c(Cl)c1,1.9633338451385498,1.9633338451385498,39.212554931640625
C[C@H](CCc1cnn2c1OCCC2)CCS(C)(=O)=O,1.9632775783538818,1.9632775783538818,36.3610725402832
CN1CC[C@@H]2[C@H](CCCN2c2cc(F)c(O)c(F)c2)C1,1.9631459712982178,1.9631459712982178,4.53298807144165
Cn1nccc1CCc1cnn2c1OCCC2,1.963051199913025,1.9630510807037354,12.516199111938477
CC1CCN(c2c3c(nn2C)CCCC3)CC1,1.9629812240600586,1.9629812240600586,29.615612030029297
Cc1cccc(CCc2c(F)ccnc2F)n1,1.9628838300704956,1.9628838300704956,12.30285358428955
CC1CCN(Oc2cnn3c2OCCC3)CC1,1.9625083208084106,1.9625083208084106,18.760631561279297
C[C@@H]1C[C@@H](C)CN(c2c([N+](=O)[O-])cnn2C)C1,1.9624372720718384,1.9624372720718384,9.062980651855469
C[C@H]1COCCN(N2CCC[C@@H]3CN(C)CC[C@@H]32)C1,1.961862564086914,1.961862564086914,3.1763734817504883
Cn1cnc(-c2ccc3c(c2)OCCO3)n1,1.9618219137191772,1.9618219137191772,10.596729278564453
CN1CCC(C#N)(NC2=NCCS2)CC1,1.9616715908050537,1.9616715908050537,17.143796920776367
Cc1nn(-n2c([N+](=O)[O-])nn(C)c2=O)cc1[N+](=O)[O-],1.9615652561187744,1.961565375328064,7.15801477432251
C[C@H]1COCCN(ON2C[C@H]3CN(C)C[C@H]3C2)C1,1.9612126350402832,1.9612126350402832,30.47730255126953
CC(C)(CCc1cnn2c1OCCC2)S(C)(=O)=O,1.9609781503677368,1.9609781503677368,22.63556480407715
CC(C)(CCCCCc1nnc(Cl)nn1)S(C)(=O)=O,1.9608463048934937,1.9608463048934937,5.2355570793151855
CC(C)[C@@H](O)C[C@H](C)C[C@H](C)C(=O)C(F)(F)F,1.9608286619186401,1.9608286619186401,2.1507012844085693
C[C@H]1C(=O)NCCN1c1cnn2c1OCCC2,1.960811734199524,1.960811734199524,25.176950454711914
c1nn2c(c1Oc1cnn3c1OCCC3)OCCC2,1.9607964754104614,1.9607964754104614,19.980619430541992
CN1C[C@@H]2CN(N3CCC[C@](C)(O)CC3)C[C@@H]2C1,1.96048104763031,1.96048104763031,10.602323532104492
CN1CCC(C#N)(CC[C]2CCCC23OCCO3)CC1,1.9604642391204834,1.9604642391204834,56.946739196777344
C[C@@H]1C[C@@H](C2(C#N)CCN(C)CC2)[C@H](C)O1,1.9604463577270508,1.9604463577270508,18.07158851623535
CN1CCN(c2ccccc2F)CC1(C)C,1.9596195220947266,1.9596195220947266,3.171733856201172
CC1CCN(CCCCCCCS(C)(=O)=O)CC1,1.9595060348510742,1.9595060348510742,14.444540023803711
O=c1c(Cl)c(Cl)cnn1-c1ccc([N+](=O)[O-])s1,1.9594426155090332,1.9594426155090332,7.9526495933532715
C[C@H]1COCCN([C@@H]2[C@H]3CCO[C@@H]3C23CCC3)C1,1.9593682289123535,1.9593682289123535,7.863898277282715
C#CCCCCC(O)Cn1ncc([N+](=O)[O-])n1,1.95930016040802,1.95930016040802,7.434874534606934
C[C]1C[C@@H](C2(C#N)CCN(C)CC2)[C@H](C)O1,1.9592280387878418,1.9592280387878418,18.01175880432129
CC[C@@H](C)N(OC)C(=O)c1c(F)ccnc1F,1.959128499031067,1.959128499031067,48.470767974853516
C[C@@H]1C(=O)NCCN1c1cnn2c1OCCC2,1.9590160846710205,1.9590160846710205,9.33336353302002
Cc1nc(N2CC[C@H]([C@@H]3CCOC3)C2)oc1C,1.958953857421875,1.958953857421875,37.088348388671875
CN1CCC[C@H](c2ccc3c(c2)OCCO3)C1,1.9588367938995361,1.9588367938995361,1.3719505071640015
CC[C@H](C)N(OC)C(=O)OC1(C#N)CCN(C)CC1,1.9588223695755005,1.9588223695755005,55.614341735839844
O[C@H]1CN(c2nc3nonc3nc2Cl)C[C@@H]1O,1.958719253540039,1.958719253540039,11.158466339111328
CC[C@H](C)N(OC)C(=O)c1c(F)ccnc1F,1.9586577415466309,1.9586577415466309,38.10628128051758
C[C@H]1N(c2cccc([N+](=O)[O-])c2)CCOC1(C)C,1.9586007595062256,1.9586007595062256,5.526255130767822
CC(C)C[C](CC(=O)O)CN1CC[C@@]2(CCOC2=O)C1,1.958516240119934,1.958516240119934,5.686798095703125
Cc1nc(CCN2C(=O)CN(C)C2=O)oc1C,1.9583516120910645,1.9583516120910645,10.19357681274414
C[C@H]1CN(C(=O)C2=NN3CCCN=C3N2)CCN1,1.9583306312561035,1.9583306312561035,9.171538352966309
Cc1nc([N+](=O)[O-])c(-c2ccc([N+](=O)[O-])s2)n1C,1.958308458328247,1.958308458328247,9.588525772094727
Cc1ncc(Br)n1CCN1CCOC[C@H](C)C1,1.9581434726715088,1.9581434726715088,20.3425350189209
N#Cc1ccc(CCc2cc3n(n2)CCO3)cc1Cl,1.9580661058425903,1.9580661058425903,23.617835998535156
C[C@@H]1C[C@@H](C)CN([C@H]2CCCC23OCCO3)C1,1.9578871726989746,1.9578871726989746,7.517648220062256
CC[C](Cc1ccc(S(C)(=O)=O)s1)C(=O)O,1.9576053619384766,1.9576053619384766,14.571741104125977
Cc1nc(CCCCc2cnn3c2OCCC3)oc1C,1.9573012590408325,1.9573012590408325,15.761863708496094
C[C@H]1N(CCc2ccncc2C#N)CCOC1(C)C,1.9572579860687256,1.9572579860687256,18.025070190429688
CC1CCN(C2(C#N)CCN(C)CC2)CC1,1.9570860862731934,1.9570860862731934,59.01271438598633
C[C@]1(O)CCCN(CCCc2ccccc2F)CC1,1.956751823425293,1.956751823425293,10.69814682006836
Cc1cc(-c2nonc2C)c2cnn(C)c2n1,1.9566539525985718,1.9566539525985718,4.5842180252075195
CN1CCC(C#N)(c2snc3c(Cl)ncnc23)CC1,1.9566198587417603,1.9566198587417603,13.842180252075195
O=C1N[C@H]2CN(c3cnn4c3OCCC4)CC[C@@H]2CO1,1.9564965963363647,1.9564965963363647,10.04871654510498
C[C@H]1COCCN(c2cccnc2[N+](=O)[O-])C1,1.9564369916915894,1.9564369916915894,25.083955764770508
CC(C)CC(=O)C[C@@H](C)CCCCC(=O)O,1.9563977718353271,1.9563977718353271,1.3844746351242065
C[C@H]1COCCN(N2CCOC(C)(C)[C@H]2C)C1,1.9561134576797485,1.9561134576797485,10.79687213897705
C[C@H]1N(c2ncc(Cl)n2C)CCOC1(C)C,1.9560225009918213,1.9560225009918213,3.7639503479003906
C[C]1COCCN(OCCC2(C#N)CCN(C)CC2)C1,1.9559708833694458,1.9559708833694458,36.05228805541992
Cc1nonc1N1CC[C@@]2(CCOC2=O)C1,1.9557987451553345,1.9557987451553345,49.027732849121094
Cc1nc(N2C[C]3CCN(C)C[C@@H]3C2)oc1C,1.9557788372039795,1.9557788372039795,42.392425537109375
CON(C)C(=O)N1CCC[C@H]2CN(C)CC[C@H]21,1.9557383060455322,1.9557383060455322,3.2129080295562744
CC(C)(CCc1ccc([N+](=O)[O-])s1)S(C)(=O)=O,1.9552664756774902,1.9552664756774902,33.26373291015625
C=CC[C@H](CO)CCCCC(=O)N(OC)[C@H](C)CC,1.9552640914916992,1.9552640914916992,11.390905380249023
C[C@]1(O)CCCN(c2ccc([N+](=O)[O-])s2)CC1,1.955228567123413,1.9552286863327026,25.215547561645508
C[C@H]1COCCN(c2ccc(Cl)cn2)C1,1.9550275802612305,1.9550275802612305,8.153626441955566
Cc1nc(-n2ncc([N+](=O)[O-])c2N)oc1C,1.9549823999404907,1.9549823999404907,16.847272872924805
CS(=O)(=O)c1ccc(CCc2ccc(S(C)(=O)=O)s2)s1,1.9546799659729004,1.9546799659729004,17.587844848632812
C[C@H]1CNCCN1c1cnn(C)c1[N+](=O)[O-],1.9542425870895386,1.9542425870895386,2.781759262084961
Cc1nnccc1N1CCOC[C@H](C)C1,1.9542152881622314,1.9542152881622314,25.664934158325195
O=C(O)CCCCc1cnn2c1OCCC2,1.9542127847671509,1.9542127847671509,4.033895969390869
C[C](O)CCCc1cnc(CCC(C)C)cc1C,1.9541213512420654,1.9541213512420654,3.9243364334106445
Cn1cnc(N2CCC[C@](C)(O)CC2)c1,1.953969120979309,1.953969120979309,15.016526222229004
NS(=O)(=O)CCC[C@@H]1[C]2CCO[C@@H]2C12CCC2,1.9535926580429077,1.9535926580429077,8.64732837677002
CC[C@@](C)(CCO)c1ccc(S(C)(=O)=O)s1,1.9535529613494873,1.9535529613494873,9.29110336303711
CS(=O)(=O)c1ccc(CCc2cc3n(n2)CCO3)s1,1.9534984827041626,1.9534984827041626,10.072372436523438
CC(C)(Cc1ccc(S(C)(=O)=O)s1)[N+](=O)[O-],1.953498125076294,1.953498125076294,5.712904930114746
CN1CCC(C#N)(ON2CCC3(CCNC3)CC2)CC1,1.9533178806304932,1.9533178806304932,28.2987003326416
C[C]1C[C@@H](O)CN(N2CCOC[C@H](C)C2)C1,1.9532004594802856,1.9532004594802856,12.753331184387207
Cn1cnc([N+](=O)[O-])c1Oc1ccc(S(C)(=O)=O)s1,1.9531669616699219,1.9531669616699219,21.201141357421875
C[C@@H]1COCCN(c2ncc(F)cc2[N+](=O)[O-])C1,1.9530142545700073,1.9530142545700073,10.970569610595703
C[C@H]1COCCN(c2cncc(F)c2)C1,1.9526773691177368,1.9526773691177368,4.435891151428223
N#Cc1cc(=O)n(-n2cnc(C#N)n2)cn1,1.9525984525680542,1.9525984525680542,11.062722206115723
Cc1cc(C#N)cnc1N1CC[C@@]2(CCOC2=O)C1,1.952564001083374,1.952564001083374,30.773548126220703
O=C1OCC[C@@]12CCN(CCc1c(F)ccnc1F)C2,1.9525244235992432,1.9525244235992432,54.500648498535156
C[C@@H](CCC[C]1CCNC12CCC2)C(N)=O,1.952501654624939,1.952501654624939,10.704262733459473
C[C@H]1COCCN(N2CCc3ccccc32)C1,1.9524253606796265,1.9524253606796265,41.981204986572266
c1cc2c(cc1CCc1cnoc1)OCCO2,1.9523530006408691,1.9523530006408691,14.078729629516602
Cc1nc(N2CC[C@H]([C@H]3CCOC3)C2)oc1C,1.9522075653076172,1.9522075653076172,9.266314506530762
CN1CCC(C#N)([C@@H]2OC[C@@H]3CCC[C@@H]32)CC1,1.9519706964492798,1.9519706964492798,13.708306312561035
Cn1cnc([N+](=O)[O-])c1Oc1ccc2c(c1)OCCO2,1.9515928030014038,1.9515928030014038,22.800033569335938
Fc1ccnc(F)c1CCCc1cnn2c1OCCC2,1.9514681100845337,1.9514681100845337,37.41658020019531
CC1CCN(CCCCc2ccc(S(C)(=O)=O)s2)CC1,1.951418399810791,1.951418399810791,14.962676048278809
CN1CCC(C#N)(CCc2cnc([N+](=O)[O-])s2)CC1,1.951308012008667,1.951308012008667,14.737462997436523
CN1C[C@@H]2CN(c3cc4n(n3)CCO4)C[C@@H]2C1,1.9511817693710327,1.9511817693710327,15.606696128845215
Cn1nc2c(c1-c1cnn3c1OCCC3)CCCC2,1.9509588479995728,1.9509588479995728,27.996742248535156
C[C@]1(O)CCCN(CCCCCCS(C)(=O)=O)CC1,1.950919508934021,1.950919508934021,21.784528732299805
Cn1cnc([N+](=O)[O-])c1Oc1ccc([N+](=O)[O-])s1,1.9508161544799805,1.9508161544799805,30.736875534057617
C[C@]1(O)CCCN(c2sc([N+](=O)[O-])cc2Cl)CC1,1.9503930807113647,1.9503930807113647,19.17995262145996
c1cc2c(cc1[C@H]1CCNC13CCC3)OCCO2,1.9503254890441895,1.9503254890441895,30.615825653076172
C[C@]1(O)CCCN(Oc2ccc(S(C)(=O)=O)s2)CC1,1.9497973918914795,1.9497973918914795,16.705062866210938
C1CSC(NN2CC[C@H]([C@@H]3CCOC3)C2)=N1,1.9497241973876953,1.9497241973876953,13.655200958251953
C[C@H]1COCCN(ON2CCC[C@H](O)CC2)C1,1.9492167234420776,1.9492168426513672,12.254279136657715
C=CC[C@H](CO)Cc1ccc(C#N)c(Cl)c1,1.9491840600967407,1.9491840600967407,56.32777786254883
Cc1nnccc1N1CCOC[C@@H](C)C1,1.9490511417388916,1.9490511417388916,0.6294916272163391
C[C@]1(O)CCCN(CCc2cnn3c2OCCC3)CC1,1.9486833810806274,1.9486833810806274,20.678478240966797
Cn1cnc([N+](=O)[O-])c1-c1ccc([N+](=O)[O-])s1,1.9478615522384644,1.9478615522384644,61.383148193359375
Nc1c([N+](=O)[O-])cnn1-c1ccc([N+](=O)[O-])s1,1.9477876424789429,1.9477876424789429,23.688125610351562
C[C@H]1COCCN(N2C[C@H]3CCC[C@@H](C3)C2)C1,1.9467653036117554,1.9467653036117554,15.144465446472168
Cn1cnc([N+](=O)[O-])c1-c1ccc([N+](=O)[O-])o1,1.946292519569397,1.946292519569397,21.385854721069336
Cn1c(=O)oc2c(-n3ncc([N+](=O)[O-])c3N)cccc21,1.946280837059021,1.946280837059021,5.885581970214844
O=[N+]([O-])c1ncnn1-c1nccn2ccnc12,1.945859670639038,1.945859670639038,4.291985988616943
Cc1nc(Oc2c3c(nn2C)CCCC3)oc1C,1.9456615447998047,1.9456615447998047,34.832401275634766
C[C@@H](CC(C)(C)O)c1ccc(C#N)c(Cl)c1,1.9454350471496582,1.9454350471496582,13.926352500915527
NC1CCN(Oc2c(F)ccnc2F)CC1,1.945108413696289,1.945108413696289,28.899686813354492
C[C@H]1COCCN(Oc2ccc(C=O)o2)C1,1.9450823068618774,1.9450823068618774,14.934494018554688
Cc1noc2ncc(-c3cnn4c3OCCC4)cc12,1.9449753761291504,1.9449753761291504,12.633479118347168
c1ccc2c(c1)CCN(c1cnn3c1OCCC3)CC2,1.944705843925476,1.944705843925476,11.706741333007812
Cc1cc(C#N)cnc1N1CCn2nccc2C1,1.9445956945419312,1.9445958137512207,12.957695960998535
C[C]1C[C@H](C)CN(N2C[C@H]3CN(C)C[C@H]3C2)C1,1.9444791078567505,1.9444791078567505,11.250246047973633
N#Cc1ccc(CCn2cncn2)cc1Cl,1.944477915763855,1.944477915763855,16.95155906677246
C[C@@]1(O)CCCN(n2nc([N+](=O)[O-])nc2Br)CC1,1.9443607330322266,1.9443607330322266,5.983851909637451
CC(C)(CCCCCC(=O)O)c1ccc(S(C)(=O)=O)s1,1.9439077377319336,1.9439077377319336,12.581642150878906
Cn1cnc([N+](=O)[O-])c1CCc1c(F)ccnc1F,1.9438283443450928,1.9438283443450928,13.553414344787598
Fc1cccnc1N1CCn2nccc2C1,1.9435193538665771,1.9435193538665771,4.3305535316467285
Cc1nc(CCc2c3c(nn2C)CCCC3)oc1C,1.9434536695480347,1.9434536695480347,22.036279678344727
CC1CCN(N2CC[C@@]3(CCOC3=O)C2)CC1,1.9433828592300415,1.9433828592300415,44.5900764465332
C[C@@H](O)CCCCCc1c(F)ccnc1F,1.9432157278060913,1.9432157278060913,15.27731704711914
Cc1nc(N2CCN(C)C(C)(C)C2)oc1C,1.9430619478225708,1.9430619478225708,10.762019157409668
N#CC1(c2ccc3c(c2)OCCO3)CC1,1.942947268486023,1.942947268486023,20.326534271240234
CCCCC[C@@H](C)N1CC[C@@]2(CCOC2=O)C1,1.942839503288269,1.942839503288269,12.790926933288574
C[C@H]1COCCN(CCc2ccccc2)C1,1.9427751302719116,1.9427751302719116,11.154542922973633
C[C@]1(O)CCCN(c2cnc(N)cn2)CC1,1.942767858505249,1.942767858505249,9.33948802947998
C[C@@]1(O)CCCN(CCc2cnn3c2OCCC3)CC1,1.9426828622817993,1.9426828622817993,18.237560272216797
C[C@@H](c1ccc2c(c1)OCCO2)C(F)(F)F,1.9425382614135742,1.9425382614135742,8.82247543334961
C[C@]1(O)CCCN([C@H]2CCCC23OCCO3)CC1,1.9425313472747803,1.9425313472747803,29.460716247558594
C[C]1CN(C2(C#N)CCN(C)CC2)C[C@@H]1O,1.9424530267715454,1.9424530267715454,42.94947814941406
CN1C[C](CCN2CCC[C@](C)(O)CC2)CC1=O,1.9422309398651123,1.9422309398651123,10.139663696289062
CC1(CCCn2ncc([N+](=O)[O-])c2N)COC1,1.942107081413269,1.942107081413269,8.535490036010742
CCC(C)(C)C(=O)CCCCN1CCC[C@](C)(O)CC1,1.9421043395996094,1.9421043395996094,15.972692489624023
C[C@H]1COCCN(N2CCOCC[C@@H]2C)C1,1.9420785903930664,1.9420785903930664,14.925009727478027
C=CCCCCCCC(=O)C(C)(C)CC,1.9419399499893188,1.9419399499893188,1.679141879081726
CN1CCC(C#N)(CCN2C[C@H]3CNC[C@H]3C2)CC1,1.941738486289978,1.941738486289978,9.899625778198242
CN1CC(=O)N(c2cnn3c2OCCC3)C1=O,1.9415388107299805,1.9415388107299805,31.674293518066406
CC[C@H](CO)[C@@H]1CCCN(c2nccn2C)C1,1.9414156675338745,1.9414156675338745,0.411521315574646
C[C@H]1COCCN(c2c(Br)cncc2[N+](=O)[O-])C1,1.9412169456481934,1.9412169456481934,44.840904235839844
C[C@H]1COCCN(c2ccccc2Cl)C1,1.940631628036499,1.940631628036499,0.03222297877073288
CC(C)(CCCCc1ccc(S(C)(=O)=O)s1)S(C)(=O)=O,1.9405763149261475,1.9405763149261475,24.77487564086914
CC(=O)Cc1occc1N1CCC[C@](C)(O)CC1,1.9405560493469238,1.9405561685562134,12.135916709899902
c1ncn(-c2ccc3c(c2)OCCO3)n1,1.9404948949813843,1.9404948949813843,7.748363018035889
CC(C)(CCn1cnc(C#N)n1)S(C)(=O)=O,1.9403694868087769,1.9403694868087769,9.196104049682617
Cn1ncc(-c2cnn3c2OCCC3)c1Cl,1.9403302669525146,1.9403302669525146,21.571035385131836
C[C@H]1N(CC(C)(C)CC#N)CCOC1(C)C,1.9400920867919922,1.9400920867919922,2.175741672515869
CCC(C)(C)C(=O)C1(C#N)CCN(C)CC1,1.939633846282959,1.939633846282959,30.360755920410156
CCC(=O)[C@@H](C)CC(C)(C)CN1CCOC(C)(C)[C@H]1C,1.939263939857483,1.939263939857483,1.2986347675323486
O=C1OCC[C@@]12CCN(c1cc3n(n1)CCO3)C2,1.9390286207199097,1.9390286207199097,41.624053955078125
O=C1OCC[C@@]12CCN(Oc1cnn3c1OCCC3)C2,1.9388105869293213,1.9388105869293213,28.63692283630371
O=C(c1cnn2c1OCCC2)C(F)(F)F,1.9386909008026123,1.9386909008026123,11.543736457824707
C#CCCCCc1cn(C2(C#N)CC2)cn1,1.9385731220245361,1.9385731220245361,8.461241722106934
C[C@H]1COCCN([C@H]2CCNC23CCC3)C1,1.9382529258728027,1.9382529258728027,15.048971176147461
C[C@]1(O)CCCN(N2CC[C@@]3(CCOC3=O)C2)CC1,1.9381687641143799,1.9381687641143799,59.1552848815918
Cn1ncc(C(=O)[C@H]2CSc3ccccc32)c1Cl,1.9381064176559448,1.9381064176559448,0.28706496953964233
CS(=O)(=O)CCCCc1cc2n(n1)CCO2,1.9381037950515747,1.9381037950515747,11.066679000854492
CC[C@@H](Cn1nc(C)c([N+](=O)[O-])c1[N+](=O)[O-])C(=O)O,1.9380038976669312,1.9380038976669312,1.573757529258728
C[C]1C[C@@H](N2CCC[C@](C)(O)CC2)[C@H](C)O1,1.9376258850097656,1.9376258850097656,13.719192504882812
CCC[C@@H](N)CN1CCC[C@@](C)(O)CC1,1.9374233484268188,1.9374233484268188,4.6525559425354
CN1CCC(C#N)(O[C]2CCCSC2)CC1,1.9369107484817505,1.9369107484817505,25.406190872192383
CCCCC[C](C)CCc1cnn2c1OCCC2,1.936814546585083,1.936814546585083,32.19413757324219
Cc1nonc1-n1c([N+](=O)[O-])nn(C)c1=O,1.9368042945861816,1.9368042945861816,11.503000259399414
O=[N+]([O-])c1ccc(CCCc2cnn3c2OCCC3)s1,1.936774492263794,1.936774492263794,17.065471649169922
Cc1nc(CCC(C)(C)S(C)(=O)=O)cnc1Cl,1.9367189407348633,1.9367189407348633,2.0006632804870605
Cn1cnc(N2CCC[C@](C)(O)CC2)n1,1.9365326166152954,1.9365324974060059,13.100198745727539
CCCCC[C@@H](C)C[C@H](CC(=O)O)CC(C)C,1.9364477396011353,1.9364477396011353,6.864029407501221
Cn1ncc(Oc2cnn3c2OCCC3)c1Cl,1.9363163709640503,1.9363163709640503,13.158575057983398
O=[N+]([O-])c1nncn1-c1cnn2c1OCCC2,1.9361190795898438,1.9361190795898438,11.826621055603027
Oc1ncccc1N1CC[C@H]([C@@H]2CCOC2)C1,1.9356966018676758,1.9356966018676758,5.023404598236084
CCC(C)(C)C(=O)CCc1cnn2c1OCCC2,1.935302495956421,1.935302495956421,14.5481538772583
C[C@H]1COCCN(CCCCN2CCC[C@](C)(O)CC2)C1,1.935243010520935,1.935243010520935,22.136962890625
C=CC[C](CO)Cc1ccc2c(c1)OCCO2,1.9349427223205566,1.9349427223205566,20.03080177307129
CS(=O)(=O)CCCCCCCc1ccc(S(C)(=O)=O)s1,1.9349017143249512,1.9349017143249512,8.28143310546875
CC[C@@](C)(CCO)C[C@H](CC(=O)O)CC(C)C,1.934808611869812,1.934808611869812,4.7129597663879395
CCCCC[C@@H](C)c1cnn2c1OCCC2,1.9346306324005127,1.9346306324005127,45.111534118652344
Cn1nnc(-n2ncc(C#N)c2[N+](=O)[O-])n1,1.9345859289169312,1.9345859289169312,2.8170549869537354
Cc1nnccc1-c1cnn2c1OCCC2,1.9345457553863525,1.9345457553863525,13.677571296691895
CN1CCC(C#N)(CCN2CCC[C@](C)(O)CC2)CC1,1.9344230890274048,1.9344230890274048,47.044517517089844
O=[N+]([O-])c1cc(-c2cnn3c2OCCC3)on1,1.9343253374099731,1.9343253374099731,31.894691467285156
C#Cc1cncc(N2CCOC[C@H](C)C2)c1,1.9343138933181763,1.9343138933181763,16.304048538208008
CCC(C)(C)C(=O)c1ncc(C#N)cc1C,1.9342622756958008,1.9342622756958008,13.96031665802002
CC[C@H](C)N(OC)C(=O)CCN1CCOC[C@H](C)C1,1.9341880083084106,1.9341880083084106,39.953521728515625
C[C@H]1COCCN(CCCCC2(C#N)CCN(C)CC2)C1,1.9341105222702026,1.9341105222702026,31.998123168945312
Cc1nonc1C1(C#N)CCN(C)CC1,1.9340788125991821,1.9340788125991821,50.88497543334961
Nc1ccc(-c2ccc3c(c2)OCCO3)cn1,1.9340384006500244,1.9340384006500244,15.22020435333252
c1cc2c(cc1[C@H]1CCCC13OCCO3)OCCO2,1.9339113235473633,1.9339113235473633,7.613888740539551
CCCCCc1ccc2c(c1)OCCO2,1.933699607849121,1.933699607849121,13.388648986816406
CN1CCC(C#N)(CC(C)(C)c2cnn(C)c2Cl)CC1,1.9330836534500122,1.9330836534500122,14.328224182128906
C[C](CCCCCCc1coc(C)c1)C(F)(F)F,1.9329941272735596,1.9329941272735596,6.001256465911865
C[C](CCC[C@H]1CCCC12OCCO2)C[S@@](C)=O,1.9328978061676025,1.9328978061676025,12.189525604248047
CN1CCC(C#N)(N2C[C](O)[C@@H](O)C2)CC1,1.9326282739639282,1.9326282739639282,6.842314720153809
Cn1cc(-c2cnn3c2OCCC3)c(=O)n(C)c1=O,1.9324703216552734,1.9324703216552734,12.720293045043945
Cn1nc2c(c1-c1cc3n(n1)CCO3)CCCC2,1.9324145317077637,1.9324145317077637,47.6577033996582
Cc1nnc(C2(C#N)CCN(C)CC2)o1,1.9323480129241943,1.9323480129241943,33.67705154418945
Cc1nc(-c2cnn3c2OCCC3)oc1C,1.932166337966919,1.932166337966919,21.206768035888672
C[C@]1(O)CCCN(N2CCC[C@](C)(O)CC2)CC1,1.932056188583374,1.932056188583374,18.412328720092773
C=CC[C@H](CO)Cc1cnn2c1OCCC2,1.9316314458847046,1.9316314458847046,35.6331672668457
Cc1nc([N+](=O)[O-])c(-c2ccc(C#N)c(Cl)c2)n1C,1.931613802909851,1.931613802909851,8.135977745056152
CS(=O)(=O)c1ccc(CCc2cnn3c2OCCC3)s1,1.9315333366394043,1.9315333366394043,11.745017051696777
CCC[C@@H](N)CC(C)(C)CN1C[C@H]2CNC[C@H]2C1,1.9313606023788452,1.9313606023788452,4.106870174407959
C[C]1CN(c2ncccc2F)C[C@H](C)S1,1.9313349723815918,1.9313349723815918,3.2868459224700928
O=C1CN(c2cnn3c2OCCC3)CCN1,1.9313318729400635,1.9313318729400635,9.844735145568848
N#Cc1nccc(-c2cnn3c2OCCC3)n1,1.9307664632797241,1.9307664632797241,7.568296432495117
Cc1cnc(C2(C#N)CCN(C)CC2)o1,1.930676817893982,1.930676817893982,34.765045166015625
Fc1cncc(-c2ccc3c(c2)OCCO3)c1,1.930565595626831,1.930565595626831,11.5993013381958
Cc1nc(CCC(C)(C)S(C)(=O)=O)oc1C,1.9304124116897583,1.9304124116897583,9.746456146240234
CCCCCOCCN1CCC[C@H](C)C1,1.930366039276123,1.930366039276123,11.726689338684082
C[C@]1(O)CCCN(c2ccc(Cl)cn2)CC1,1.9302335977554321,1.9302335977554321,29.980144500732422
O=[N+]([O-])c1cc(N2CC[C@H]([C@@H]3CCOC3)C2)on1,1.9302091598510742,1.9302091598510742,4.6160078048706055
C[C@H](C[S@@](C)=O)c1ccc2c(c1)OCCO2,1.9299358129501343,1.9299358129501343,9.5478515625
Fc1ccnc(F)c1-c1cc2n(n1)CCO2,1.929917812347412,1.929917812347412,33.53324890136719
CN1CCC(C#N)(c2cc(Cl)no2)CC1,1.929875135421753,1.929875135421753,13.974692344665527
CC(C)(CCCCCCS(C)(=O)=O)S(C)(=O)=O,1.929640531539917,1.929640531539917,36.651397705078125
C[C]1CN(N2CCC[C@](C)(O)CC2)C[C@@H]1O,1.92936372756958,1.92936372756958,37.44882583618164
C[C@H]1COCCN(CCn2ccc(=O)c([N+](=O)[O-])c2)C1,1.9293557405471802,1.9293557405471802,12.101804733276367
Cc1nonc1CCCCC(=O)c1cc(Cl)no1,1.929267168045044,1.929267168045044,7.31986141204834
CC[C@@H](C)N(OC)C(=O)CCN1CCOC[C@H](C)C1,1.929259181022644,1.929259181022644,51.9286994934082
CN1CCC(C#N)(n2cc(Cl)cn2)CC1,1.9291839599609375,1.9291839599609375,14.341337203979492
C[C]1CN(c2c([N+](=O)[O-])ncn2C)C[C@H]1O,1.9289696216583252,1.9289696216583252,16.950212478637695
O=Cc1ccc(F)c(Cc2cc3n(n2)CCO3)c1,1.9288538694381714,1.9288538694381714,11.117104530334473
CON(C)C(=O)N1CCOC(C)(C)[C@H]1C,1.928832769393921,1.928832769393921,0.6091482639312744
Cc1nc(N2CCC[C@@](C)(O)CC2)no1,1.9287134408950806,1.9287134408950806,7.273483753204346
CC(C)[C](O)Cc1ccc2c(c1)OCCO2,1.9282962083816528,1.9282962083816528,3.3577661514282227
Cc1cc(S(=O)(=O)N2CC[C@@]3(CCOC3=O)C2)sn1,1.9281376600265503,1.9281376600265503,20.869314193725586
C[C@@H](Cc1cnn(C)c1Cl)N1CCC(N)CC1,1.927801489830017,1.927801489830017,7.465191841125488
C[C@H]1COCCN(c2ccc(C#N)o2)C1,1.927751064300537,1.927751064300537,30.979021072387695
Cc1cc(-c2ccc(C#N)o2)c2cnn(C)c2n1,1.9276695251464844,1.9276695251464844,5.7184576988220215
Cn1cnc([N+](=O)[O-])c1-c1cc([N+](=O)[O-])no1,1.9275953769683838,1.9275953769683838,22.860641479492188
CCC(=O)[C@H](C)c1ccc2c(c1)OCCO2,1.9275528192520142,1.9275528192520142,9.308533668518066
Cn1cnc([N+](=O)[O-])c1N1CC[C@H]([C@@H]2CCOC2)C1,1.927381157875061,1.927381157875061,20.945785522460938
CC(C)(CCc1ccc(C#N)c(Cl)c1)S(C)(=O)=O,1.9273698329925537,1.9273698329925537,9.773703575134277
N#Cc1ccccc1-c1cnn2c1OCCC2,1.9273337125778198,1.9273337125778198,9.409423828125
Cn1cc(-c2ccc3c(c2)OCCO3)c(O)nc1=O,1.9272840023040771,1.9272840023040771,14.689475059509277
c1nn2c(c1NC1=NCCS1)OCCC2,1.9272515773773193,1.9272515773773193,3.4050676822662354
C[C@H](O)CCC[C](C#N)Cc1ccc2c(c1)OCCO2,1.927224040031433,1.927224040031433,6.210728645324707
Cc1nnccc1CCc1ccc(C#N)o1,1.9272127151489258,1.9272127151489258,13.776152610778809
CC[C@H](C)N(OC)C(=O)[C@H]1CCCN(C)C1,1.9271527528762817,1.9271527528762817,44.069610595703125
CN1CCC(C#N)(OOC2(C#N)CCN(C)CC2)CC1,1.9270174503326416,1.9270174503326416,43.32482147216797
C#CCCCCc1c2c(nn1C)CCCC2,1.9269534349441528,1.9269534349441528,11.349102973937988
C[C@H]1COCCN(N2CC[C@H]([C@@H]3CCOC3)C2)C1,1.9269375801086426,1.9269375801086426,23.652921676635742
Cc1noc2ncc(C[C@@H](C)C(=O)O)cc12,1.9268907308578491,1.9268907308578491,2.2385056018829346
N#Cc1ccc(-c2ccc(C#N)c(Cl)c2)cc1Cl,1.9267852306365967,1.9267852306365967,50.459720611572266
Cc1c(N2CC[C@@H]3CCN[C@H]3C2)cnn1C,1.9267350435256958,1.9267350435256958,0.4396896958351135
C[C@H](O)CCCCCn1cnc(C#N)cc1=O,1.9266047477722168,1.9266047477722168,14.18869686126709
C[C@@H](C#N)C(=O)c1cnn2c1OCCC2,1.9265612363815308,1.9265612363815308,14.779341697692871
Nc1c([N+](=O)[O-])cnn1Oc1ccc2c(c1)OCCO2,1.9265145063400269,1.9265145063400269,8.614204406738281
Cc1nc(CC(O)Cc2ccc(S(C)(=O)=O)s2)oc1C,1.9262009859085083,1.9262009859085083,2.5540525913238525
C[C@]1(O)CCCN(N2CCC[C@@](C)(O)CC2)CC1,1.9259575605392456,1.925957441329956,12.806549072265625
Cc1ccc(-c2cnn3c2OCCC3)nn1,1.9253123998641968,1.9253123998641968,14.828730583190918
CCC(C)(C)C(=O)c1c(F)ccnc1F,1.9246160984039307,1.9246160984039307,28.42597198486328
Cc1nonc1-n1ccc(=O)c([N+](=O)[O-])c1,1.9244228601455688,1.9244228601455688,28.051027297973633
CC(C)C[C@@H](CC(=O)O)CN1CCN[C@@H](C)C1,1.9242711067199707,1.9242711067199707,8.336158752441406
C#CCCCCC1(C#N)CCN(C)CC1,1.924185037612915,1.9241851568222046,30.53314971923828
Cn1cnc([N+](=O)[O-])c1-c1c([N+](=O)[O-])ncn1C,1.924058198928833,1.924058198928833,21.85481071472168
O=C(C[C@@H]1CCCCO1)N1CCOCCN1,1.923933506011963,1.923933506011963,3.906802177429199
C[C@H]1COCCN(c2ncccc2F)C1,1.9237420558929443,1.9237420558929443,18.885122299194336
CCCCC[C@@H](C)c1ccc(F)cc1F,1.923671841621399,1.923671841621399,6.698475360870361
O=[N+]([O-])c1cccc(Oc2ccc3c(c2)OCCO3)c1,1.9236695766448975,1.9236695766448975,17.650793075561523
Cc1cnc(N2CC[C@H]([C@@H]3CCOC3)C2)o1,1.9235681295394897,1.9235681295394897,8.496853828430176
Cn1nccc1N1CCC[C@](C)(O)CC1,1.9235175848007202,1.9235175848007202,12.903426170349121
C[C@]1(O)CCCN(CCc2ccc(S(C)(=O)=O)s2)CC1,1.9234510660171509,1.9234510660171509,15.94360065460205
CC[C@@](C)(CCO)CCCCCC1(C#N)CCN(C)CC1,1.9233120679855347,1.9233120679855347,16.21753692626953
C[C@@H](CC(O)Cc1cncc(F)c1)CC(C)(C)O,1.9231494665145874,1.9231494665145874,5.758727073669434
CC(C)C[C@@H](CN)CCCCC(=O)CC#N,1.9230130910873413,1.9230130910873413,6.466609477996826
O=[N+]([O-])c1ccc(-c2cc3n(n2)CCO3)s1,1.9228168725967407,1.9228168725967407,10.094595909118652
C[C@]1(O)CCCN(Cc2ccc(C#N)c(Cl)c2)CC1,1.922717571258545,1.922717571258545,15.86253547668457
CC[C@@H](C)N(OC)C(=O)[C@H]1CCCC12OCCO2,1.9225232601165771,1.9225232601165771,26.556093215942383
Cc1nc([C@@H]2[C@H]3CCO[C@@H]3C23CCC3)oc1C,1.922471046447754,1.922471046447754,24.584081649780273
C#CCCCCc1cc(N2CCC[C](C)C2)n(C)n1,1.9223506450653076,1.9223506450653076,4.712647438049316
O=C1OCCN1c1cnn(N2CCOC2=O)n1,1.9222216606140137,1.9222216606140137,4.43232536315918
C[C@H]1CN(c2ccc([N+](=O)[O-])s2)CCO1,1.922048807144165,1.922048807144165,53.283302307128906
Cn1cnc(CCc2cnn3c2OCCC3)n1,1.9219881296157837,1.9219881296157837,15.495172500610352
Fc1ccnc(F)c1OCCN1CCC=N1,1.9219695329666138,1.9219695329666138,14.114243507385254
C=CCCCCCC(=O)N(OC)[C@@H](C)CC,1.9216973781585693,1.9216973781585693,10.672918319702148
O=[N+]([O-])c1ccc(-c2cnn3c2OCCC3)o1,1.921635627746582,1.921635627746582,52.20749282836914
CC1(C)OCC[C@H]1Oc1cnn2c1OCCC2,1.921573519706726,1.921573519706726,16.428068161010742
NS(=O)(=O)CCCc1cnn2c1OCCC2,1.9213166236877441,1.9213166236877441,12.73317813873291
C[C]1COCCN(CCCCC2(C#N)CCN(C)CC2)C1,1.9211612939834595,1.9211612939834595,31.926944732666016
O=[N+]([O-])c1ncc(CCc2cnn3c2OCCC3)s1,1.9207746982574463,1.9207746982574463,13.826860427856445
C[C@@H]1C[C@@H](C)CN(c2c(F)ccnc2F)C1,1.9204508066177368,1.9204508066177368,9.883275985717773
C[C@H]1CCOCCN1CCCCC(=O)O,1.9204319715499878,1.9204319715499878,5.269323825836182
C[C@H]1C[C@@H](O)CN([C@H]2CCCC23OCCO3)C1,1.9203068017959595,1.9203068017959595,16.944564819335938
C[C@@H]1CCOCCN1N1CC[C@]2(CCOC2=O)C1,1.9202179908752441,1.9202179908752441,1.4271948337554932
CN1CCC(C#N)(c2ccc(Cl)cn2)CC1,1.920201301574707,1.920201301574707,59.6892204284668
CC[C@H](C)N(OC)C(=O)[C@H]1CCCC12OCCO2,1.9200232028961182,1.9200232028961182,10.272649765014648
N#Cc1ccc(Oc2cc3n(n2)CCO3)cc1Cl,1.919867753982544,1.919867753982544,14.559335708618164
c1nn2c(c1N1C[C]3CNC[C@H]3C1)OCCC2,1.919697880744934,1.919697880744934,21.510995864868164
CN1CCC(C#N)(n2cnc(C#N)cc2=O)CC1,1.9196487665176392,1.9196487665176392,45.92669677734375
O=C1OCC[C@@]12CCN(c1ccccc1)C2,1.9195703268051147,1.9195703268051147,13.128355026245117
CN1CCC(C#N)(c2cncn2C)CC1,1.9194549322128296,1.9194549322128296,0.8872752785682678
CC1CCN(CCCCc2c(F)ccnc2F)CC1,1.9192545413970947,1.9192545413970947,20.146413803100586
CC(C)(CCN1CC[C@H]([C@@H]2CCOC2)C1)S(C)(=O)=O,1.9189139604568481,1.9189139604568481,18.598526000976562
C=CC[C](CO)Cc1c2c(nn1C)CCCC2,1.9188615083694458,1.9188615083694458,41.73683547973633
Cc1ncc(Br)n1-c1nn(C)cc1[N+](=O)[O-],1.9187973737716675,1.9187973737716675,17.4523983001709
Cc1nonc1N1CCC[C@](C)(O)CC1,1.9186457395553589,1.9186457395553589,8.937496185302734
CC[C@](C)(C#N)c1cnc(C(=O)N(C)OC)s1,1.9186006784439087,1.9186006784439087,1.1777708530426025
Cc1cc(-c2nc([N+](=O)[O-])n(C)n2)c(C)nn1,1.9185113906860352,1.9185113906860352,0.9747447371482849
C[C@@H](CCc1cnn2c1OCCC2)C[C@H](C)O,1.9182506799697876,1.9182506799697876,13.799409866333008
CCCCC[C@@H](C)c1c([N+](=O)[O-])ncn1C,1.9179803133010864,1.9179803133010864,28.063499450683594
Fc1cncc(-c2cnn3c2OCCC3)c1,1.9177805185317993,1.9177805185317993,14.611132621765137
C#CCCCc1ccc2c(c1)OCCO2,1.917743444442749,1.917743444442749,10.735615730285645
Cc1cnc(-n2nc([N+](=O)[O-])n3ncnc23)o1,1.9176965951919556,1.9176965951919556,1.2013403177261353
CCCC[C@H](C(=O)O)C1(C#N)CCN(C)CC1,1.9176334142684937,1.9176334142684937,20.489839553833008
Cc1ccc(-c2c([N+](=O)[O-])c(C)nn2C)nn1,1.917493224143982,1.917493224143982,5.595456123352051
CN1CCC(C#N)(N2C[C@H](O)[C@@H](O)C2)CC1,1.9172182083129883,1.9172182083129883,12.098976135253906
C[C@H]1COCCN(c2cc3nccnc3cc2F)C1,1.9170650243759155,1.9170650243759155,49.903411865234375
Cn1cnc([N+](=O)[O-])c1CCCCC(C)(C)S(C)(=O)=O,1.9170136451721191,1.9170136451721191,11.773849487304688
Clc1cnn(-c2nccn3ccnc23)c1,1.9165458679199219,1.9165458679199219,12.70285415649414
c1nn2c(c1O[C@H]1CCCC13OCCO3)OCCC2,1.9163650274276733,1.9163650274276733,20.963720321655273
Cc1nc(CCCOc2cnn3c2OCCC3)oc1C,1.9163177013397217,1.9163177013397217,20.592788696289062
C[C@H]1CCOCCN1c1ncccc1Cl,1.9162328243255615,1.9162328243255615,1.7144396305084229
Cc1nc(N2C[C@H](C)C[C@H](C)C2)oc1C,1.9160943031311035,1.9160943031311035,23.672147750854492
Clc1cnccc1-c1cnn2c1OCCC2,1.9160441160202026,1.9160441160202026,17.425947189331055
CC(C)C[C](CC(=O)O)C[C@@H]1CCCCO1,1.9158762693405151,1.9158762693405151,8.680137634277344
CC(C)(C)C(=O)CN1CCn2nccc2C1,1.9157190322875977,1.9157190322875977,9.432787895202637
C=C(CC)CN1CC[C@@]2(CCOC2=O)C1,1.915704607963562,1.915704607963562,19.76691436767578
N#Cc1ccc(CCc2ccc([N+](=O)[O-])s2)cc1Cl,1.9156031608581543,1.9156031608581543,25.384056091308594
CC[C@H](C)N(OC)C(=O)CCCCS(C)(=O)=O,1.915502905845642,1.915502905845642,11.750449180603027
CCCCC[C@@H](C)Oc1cnn2c1OCCC2,1.9154499769210815,1.9154499769210815,61.39765930175781
FC(F)(Br)Cc1ccc2c(c1)OCCO2,1.91524076461792,1.91524076461792,8.010809898376465
CC[C](C)CCN1CCC[C@](C)(O)CC1,1.9151495695114136,1.9151495695114136,10.306015014648438
Cc1nnccc1CCN1C[C@H](O)[C@@H](O)C1,1.915140151977539,1.915140151977539,11.55470085144043
Cn1nnc(N2CCC[C@](C)(O)CC2)n1,1.915126085281372,1.915126085281372,5.312746047973633
CON(C)CCCCC(C)(C)S(C)(=O)=O,1.914831519126892,1.914831519126892,3.596844434738159
C[C](CCC[C@@H]1C[C]1C)CCC1(C#N)CCN(C)CC1,1.914770483970642,1.914770483970642,8.878362655639648
C[C]1C[C](C)CN(CCCCC2(C#N)CCN(C)CC2)C1,1.9145190715789795,1.9145190715789795,17.63999366760254
CCCCC(=O)c1cnn2c1OCCC2,1.9143929481506348,1.9143929481506348,8.925737380981445
Cn1cnc([N+](=O)[O-])c1CCCCS(C)(=O)=O,1.9139264822006226,1.9139264822006226,36.36381530761719
C[C@H](C(F)(F)F)C1(C#N)CCN(C)CC1,1.9138708114624023,1.9138708114624023,61.470611572265625
O=Cc1ccc(-c2cnn3c2OCCC3)o1,1.9134100675582886,1.9134100675582886,11.924525260925293
CCCCC[C@@H](C)N1CCc2ccccc21,1.9133620262145996,1.9133620262145996,10.526126861572266
C[C@]1(O)CCCN(n2ncc([N+](=O)[O-])c2N)CC1,1.9132983684539795,1.9132983684539795,15.631671905517578
Nc1cnc(N2CC[C@H]([C@H]3CCOC3)C2)cn1,1.9132758378982544,1.9132758378982544,12.13277530670166
Cn1c(Cl)cnc1-c1cnn2c1OCCC2,1.9130818843841553,1.9130818843841553,9.412206649780273
N#Cc1ccc(-c2ccc([N+](=O)[O-])o2)cc1Cl,1.9130630493164062,1.9130630493164062,11.417051315307617
NC1CCN(CCc2cc3n(n2)CCO3)CC1,1.9130516052246094,1.9130516052246094,10.593095779418945
C#CCCCc1ccc(C[C@@H](C)C#N)cc1,1.9129515886306763,1.9129515886306763,5.2640910148620605
C[C@H]1N(CCCN2CCC[C@](C)(O)CC2)CCOC1(C)C,1.9128667116165161,1.9128667116165161,11.292837142944336
C[C@]1(O)CCCN(n2cc(Cl)cn2)CC1,1.912794828414917,1.912794828414917,11.966534614562988
C[C@]1(O)CCCN(CCN2CCC[C@](C)(O)CC2)CC1,1.912667155265808,1.912667155265808,19.447263717651367
N#Cc1ccc(S(=O)(=O)c2ccc3c(c2)OCCO3)s1,1.9125490188598633,1.9125490188598633,17.649953842163086
CCCCC[C@@H](C)CCCCS(C)(=O)=O,1.9123790264129639,1.9123790264129639,25.172409057617188
CN1CCC(C#N)([C@@H]2[C]3CCO[C@@H]3C23CCC3)CC1,1.912296175956726,1.912296175956726,10.920086860656738
C[C@H]1CNCCN1Sc1ccc(S(C)(=O)=O)s1,1.9119375944137573,1.9119375944137573,1.3856209516525269
N#CCCCCc1cc(F)c(O)c(F)c1,1.9116578102111816,1.9116578102111816,9.074018478393555
C[S@](=O)c1cccc(N2CC[C@@]3(CCOC3=O)C2)c1,1.911643624305725,1.911643624305725,44.6873664855957
CC[C@@H](C)N(OC)C(=O)c1ccc(C#N)c(Cl)c1,1.9112660884857178,1.9112660884857178,25.73553466796875
Cc1nnc(CCc2cnn3c2OCCC3)n1C,1.9112582206726074,1.9112582206726074,11.954455375671387
CC(C)N1CCN(N2CCOC[C@H](C)C2)C[C@@H]1C,1.9110431671142578,1.9110431671142578,2.8826630115509033
Cc1nonc1CCN1CCOC[C@H](C)C1,1.9109677076339722,1.9109677076339722,12.558698654174805
C[C@H]1COCCN(c2cccc([N+](=O)[O-])c2)C1,1.9109262228012085,1.9109262228012085,10.653066635131836
Cc1ncc(Br)n1-c1c([N+](=O)[O-])ncn1C,1.910862922668457,1.910862922668457,26.680696487426758
N#Cc1nccc(-c2ccnc(F)c2F)n1,1.9106769561767578,1.9106768369674683,7.220753192901611
CC[C@@H](C)N(OC)C(=O)CCN1CCC(C)CC1,1.9105849266052246,1.9105849266052246,18.804914474487305
C[C@@H]1COCCN(c2cccnc2Cl)C1,1.9105604887008667,1.9105604887008667,5.177865028381348
C[C@@H](CN1CCC[C@](C)(O)CC1)c1nc(Cl)ccc1F,1.9104833602905273,1.9104833602905273,1.6334997415542603
C[C@]1(O)CCCN(c2cncc(F)c2)CC1,1.9104682207107544,1.9104682207107544,8.991722106933594
Cc1cc(C#N)cnc1N1CCC[C@](C)(O)CC1,1.9102585315704346,1.9102585315704346,18.416027069091797
CS(=O)(=O)c1ccc(N2CCC(N)CC2)s1,1.9102376699447632,1.9102376699447632,10.520048141479492
CCCC[C@@H](CCCCC[C@@H](CN)CC(C)C)C(=O)O,1.9100806713104248,1.9100806713104248,9.302966117858887
C#CCCCN1CC[C@@]2(CCN(C)C2)C1,1.91007399559021,1.91007399559021,5.576155662536621
O=C1OCCN1c1cnn2c1OCCC2,1.9100106954574585,1.9100106954574585,17.561992645263672
CC[C@@H](CC1(C#N)CCN(C)CC1)C(=O)O,1.909632921218872,1.9096328020095825,25.45758819580078
C[C@@]1(O)CCCN(c2ccc(S(C)(=O)=O)nc2)CC1,1.9095467329025269,1.9095467329025269,0.21693500876426697
C[C]1CN(CC(O)Cc2ncc(C)o2)CCO1,1.9091678857803345,1.909168004989624,12.486456871032715
Clc1cnn(-c2cnn3c2OCCC3)c1,1.9091455936431885,1.9091455936431885,14.919265747070312
C[C]1CN(c2c(F)ccnc2F)C[C@H]1N,1.9089648723602295,1.908964991569519,6.876580238342285
Cc1nc(Oc2cnn3c2OCCC3)oc1C,1.908903956413269,1.908903956413269,15.576742172241211
O=Cc1ccc(F)c(-c2cnn3c2OCCC3)c1,1.908841609954834,1.908841609954834,8.79990005493164
C#CCCCCN1C[C@H]2CN(C)C[C@H]2C1,1.908807396888733,1.908807396888733,23.12458038330078
CS(=O)(=O)CCCCc1ccc([N+](=O)[O-])s1,1.9085049629211426,1.9085049629211426,35.51903533935547
CC[C@H](C)N(OC)C(=O)c1ccc(C#N)c(Cl)c1,1.9084773063659668,1.9084773063659668,61.40580749511719
CCCC[C@H](C(=O)O)c1ccc2c(c1)OCCO2,1.9084597826004028,1.9084597826004028,26.07863426208496
Cn1cnc(Oc2cnn3c2OCCC3)c1,1.908431887626648,1.908431887626648,10.633832931518555
CS(=O)(=O)CCCC[C](O)CCCCC[N+](=O)[O-],1.908357858657837,1.908357858657837,6.419604778289795
Cn1nc2c(c1ON1CCC[C@](C)(O)CC1)CCCC2,1.9082708358764648,1.9082708358764648,16.68274688720703
Fc1ccnc(F)c1Oc1nnc(Cl)nn1,1.9082139730453491,1.9082139730453491,11.516300201416016
Cn1cnc([N+](=O)[O-])c1-c1cnn2c1OCCC2,1.9081878662109375,1.9081878662109375,16.773958206176758
C[C@H]1N(c2cc3n(n2)CCC3)CCOC1(C)C,1.908098816871643,1.908098816871643,8.526473045349121
CC(C)(C(=O)C1(C#N)CCC1)c1ccc(Cl)s1,1.9080692529678345,1.9080692529678345,3.7429847717285156
CN1C[C@@H](c2ccc3c(c2)OCCO3)CC1=O,1.9079954624176025,1.9079954624176025,15.330156326293945
CC(C)[C](CCCCC(=O)O)CN1CCC[C@H](O)CC1,1.907967209815979,1.907967209815979,5.419745922088623
C[C@]1(O)CCCN(CCCCCCCS(C)(=O)=O)CC1,1.9079442024230957,1.9079442024230957,12.72097110748291
NC(=O)CCCN1CC[C@@]2(CCOC2=O)C1,1.9077320098876953,1.9077320098876953,10.578842163085938
C[C@@H](C(=O)C(C)(C)C(=O)O)c1ccc2c(c1)OCCO2,1.907623529434204,1.907623529434204,10.29090404510498
CCC(C)(C)C(=O)N1CCC[C@](C)(O)CC1,1.9075982570648193,1.9075982570648193,12.219293594360352
CC[C@@H](CON1CCC[C@](C)(O)CC1)C(=O)O,1.9075794219970703,1.9075794219970703,31.108884811401367
C=CC[C](CO)Cc1ccc(C#N)c(Cl)c1,1.9075713157653809,1.9075714349746704,27.951993942260742
Cn1cnc([N+](=O)[O-])c1CCN1C[C@H](O)[C@@H](O)C1,1.9075026512145996,1.9075026512145996,19.196256637573242
Cn1cnc([N+](=O)[O-])c1CCC(C)(C)S(C)(=O)=O,1.907435417175293,1.907435417175293,22.890216827392578
c1ccc2c(c1)CCN(c1cnon1)CC2,1.907423973083496,1.907423973083496,15.843428611755371
N#CCCCCN1CCn2nccc2C1,1.907386302947998,1.907386302947998,6.010595798492432
O=c1ccn(-c2cnn3c2OCCC3)cc1[N+](=O)[O-],1.907319188117981,1.907319188117981,26.541702270507812
C=CC[C](CO)CCCCCCCc1c(F)ccnc1F,1.906827688217163,1.906827688217163,17.172077178955078
Cc1nc(-c2c3c(nn2C)CCCC3)oc1C,1.906654953956604,1.906654953956604,17.577999114990234
C[C@H]1CN(c2c(F)ccnc2F)CCO1,1.9065369367599487,1.9065369367599487,4.836516380310059
N#Cc1ccc(CC[C]2CCCC23OCCO3)o1,1.9064044952392578,1.9064044952392578,9.403458595275879
CC[C@@H](Cc1cnc2onc(C)c2c1)C(=O)O,1.9061931371688843,1.9061931371688843,6.993393421173096
Cc1cc(C#N)cnc1N1CCC[C@@](C)(O)CC1,1.905998945236206,1.905998945236206,6.804069995880127
Cc1nn(-c2cnc(Cl)c([N+](=O)[O-])n2)cc1[N+](=O)[O-],1.905495285987854,1.905495285987854,2.3062996864318848
CC(C)S(=O)(=O)CCCCCCN1CCOC(C)(C)[C@H]1C,1.9054601192474365,1.9054601192474365,4.415956497192383
O=[N+]([O-])c1cccc(F)c1-c1ccc2c(c1)OCCO2,1.905443787574768,1.905443787574768,18.094749450683594
Fc1ccccc1-c1cnn2c1OCCC2,1.9054205417633057,1.9054205417633057,21.213388442993164
N#Cc1ccc(N2C[C@H](O)[C@@H](O)C2)cc1Cl,1.9053269624710083,1.9053269624710083,14.868976593017578
Cc1noc(C)c1CCc1cnn2c1OCCC2,1.9050966501235962,1.9050966501235962,19.911279678344727
C[C@H]1COCCN(CCc2ccc(C#N)cn2)C1,1.904871940612793,1.904871940612793,27.339080810546875
OC[C@@H](CCc1cnn2c1OCCC2)CC(F)F,1.9048340320587158,1.9048340320587158,21.450441360473633
O=[N+]([O-])c1ncc(-c2cnn3c2OCCC3)s1,1.9047924280166626,1.9047924280166626,15.34792423248291
CC[C@H](C)N(OC)C(=O)N1CCOC[C@H](C)C1,1.9046308994293213,1.9046308994293213,48.48704147338867
C[C@]1(O)CCCN(N2CC[C@H]([C@@H]3CCOC3)C2)CC1,1.90461266040802,1.90461266040802,9.020360946655273
C[C@H]1COCCN(CCc2cc3n(n2)CCO3)C1,1.9045295715332031,1.9045295715332031,17.54780387878418
C[C@H]1COCCN(c2ccc(O)cc2)C1,1.9045159816741943,1.9045159816741943,13.42025375366211
Cc1cnc(N2CCC[C@](C)(O)CC2)o1,1.9044526815414429,1.9044526815414429,21.821001052856445
N#Cc1cnccc1-c1cnn2c1OCCC2,1.9044339656829834,1.9044339656829834,28.435941696166992
N#Cc1ccc(S(=O)(=O)c2cnn3c2OCCC3)s1,1.9043304920196533,1.9043304920196533,8.846901893615723
Cc1cn2ccc(-c3nccnc3F)cc2n1,1.90415620803833,1.90415620803833,3.36510968208313
C#CCCCCN1CC[C@H]([C@@H]2CCOC2)C1,1.9036437273025513,1.9036437273025513,16.149925231933594
CN1CCC(C#N)(c2ccc([N+](=O)[O-])o2)CC1,1.9035711288452148,1.9035711288452148,43.53349685668945
CCC(C)(C)C(=O)CCN1CCC[C@](C)(O)CC1,1.9035499095916748,1.9035499095916748,14.940070152282715
CC[C@H](C)N(OC)C(=O)CCC(C)(C)S(C)(=O)=O,1.903296709060669,1.903296709060669,43.51277160644531
CC[C@@H](C)N(OC)C(=O)N1CCOC[C@H](C)C1,1.903293251991272,1.903293251991272,17.938518524169922
O=Cc1cc(N2CC[C@H]([C@H]3CCOC3)C2)c(Br)cn1,1.903066635131836,1.903066635131836,7.085963249206543
C[C@]1(O)CCCN(N2CC[C@@H]([C@@H]3CCOC3)C2)CC1,1.9030022621154785,1.9030022621154785,16.54605484008789
CC#CCCCC1(C#N)CCN(C)CC1,1.9028065204620361,1.9028065204620361,8.792049407958984
Cn1cnc([N+](=O)[O-])c1-c1ccc(C#N)o1,1.9027589559555054,1.9027589559555054,52.913055419921875
CC(C)C[C@@H](CC(=O)O)Cc1cnn2c1OCCC2,1.9023957252502441,1.9023957252502441,8.345170974731445
CN1CCC(C#N)(CCc2ccc3c(c2)OCCO3)CC1,1.9022839069366455,1.9022839069366455,59.15645217895508
C#CCCCCCCC(C)(C)S(C)(=O)=O,1.9022226333618164,1.9022226333618164,15.38442325592041
CN1CCC(C#N)(CCCCC#N)CC1,1.9021239280700684,1.9021239280700684,60.92826843261719
Cn1cc(-c2ccc(S(C)(=O)=O)s2)cn1,1.9016841650009155,1.9016841650009155,11.286844253540039
O=c1ccn(N2CC[C@H]([C@@H]3CCOC3)C2)cc1[N+](=O)[O-],1.901591181755066,1.901591181755066,5.138307094573975
CC[C@@](C)(CCO)N1CCC[C@](C)(O)CC1,1.9015241861343384,1.9015241861343384,10.341143608093262
C[C@]1(O)CCCN(c2cc(Cl)no2)CC1,1.9014087915420532,1.9014087915420532,13.471195220947266
Cc1nc(-c2cnn3c2OCCC3)nn1C,1.9014081954956055,1.9014081954956055,5.359963893890381
CN1CCC(C#N)(N2CCc3ccccc32)CC1,1.9014012813568115,1.9014012813568115,28.308027267456055
C[C@@H](O)CCCN1CC[C@H]([C@@H]2CCOC2)C1,1.9013633728027344,1.9013633728027344,18.936256408691406
C[C@]1(O)CCCN(N2CC[C@H]([C@H]3CCOC3)C2)CC1,1.901237964630127,1.901237964630127,9.113276481628418
CC[C](CN1CCC[C@H](CCCF)[C@H]1C)C(=O)O,1.9010941982269287,1.9010941982269287,13.05400562286377
C[C@@]1(O)CCCN(n2ncc([N+](=O)[O-])c2N)CC1,1.9009352922439575,1.9009352922439575,12.872549057006836
C[C]1C[C@@H](C)CN(c2cc(Br)cnc2[N+](=O)[O-])C1,1.9009015560150146,1.9009015560150146,4.473760604858398
C[C@H](O)CCCC1(C#N)CCN(C)CC1,1.900557279586792,1.900557279586792,60.66473388671875
C#CCCCCc1ccc(S(C)(=O)=O)s1,1.9002121686935425,1.9002121686935425,15.822802543640137
C[C@H]1COCCN(On2ncc([N+](=O)[O-])c2N)C1,1.9000385999679565,1.9000385999679565,10.894830703735352
CCCCC[C@@H](C)c1ccnc(F)c1F,1.8999524116516113,1.8999524116516113,0.11318816989660263
Cn1cnc(CCCc2c(F)cccc2F)cc1=O,1.8999359607696533,1.8999359607696533,1.7325413227081299
Clc1ccc(-c2cnn3c2OCCC3)nc1,1.8998926877975464,1.8998926877975464,9.044095993041992
CS(=O)(=O)c1ccc(CCCCC#N)s1,1.8998440504074097,1.8998440504074097,12.71077823638916
C[C@@H](O)CCCC1(C#N)CCN(C)CC1,1.8998361825942993,1.8998361825942993,33.65274429321289
Cn1cc([N+](=O)[O-])c(-c2cnn3c2OCCC3)n1,1.8995530605316162,1.8995530605316162,14.515094757080078
N#Cc1ccc(-c2c(F)ccnc2F)o1,1.8995423316955566,1.8995423316955566,46.34864807128906
C[C@@]1(O)CCCN(N2CC[C@H]([C@@H]3CCOC3)C2)CC1,1.899503469467163,1.899503469467163,8.651246070861816
C[C@H]1COCCN(CC(C)(C)c2ccc(C#N)c(Cl)c2)C1,1.8992271423339844,1.8992271423339844,14.397086143493652
C[C@H]1COCCN([C@@H]2OC[C@@H]3CCC[C@@H]32)C1,1.899135947227478,1.899135947227478,15.458659172058105
N#Cc1ccc(N2CCC3(CCNC3)CC2)cc1Cl,1.8989166021347046,1.8989166021347046,13.494853973388672
Cc1cnc([C](C#N)Cc2ccc(C#N)c(Cl)c2)o1,1.8988853693008423,1.8988853693008423,7.682139873504639
CN1CCC(C#N)(CCc2c([N+](=O)[O-])ncn2C)CC1,1.8988193273544312,1.8988193273544312,24.24525260925293
C[C@H]1COCCN(CC(C)(C)CC#N)C1,1.8987324237823486,1.8987324237823486,19.09241485595703
CC[C@H](CCO)CC(=O)c1ncc(F)cn1,1.8980989456176758,1.8980989456176758,6.334788799285889
O=[N+]([O-])c1ccc(CCc2cnn3c2OCCC3)o1,1.8978607654571533,1.8978607654571533,16.19792938232422
CS(=O)(=O)c1ccc(N2CCOC2=O)s1,1.8975825309753418,1.8975826501846313,12.650690078735352
CCCC[C@H](C(=O)O)N1CCOC[C@H](C)C1,1.8975712060928345,1.8975712060928345,18.180341720581055
O=[N+]([O-])c1ccc(-c2ccc([N+](=O)[O-])s2)s1,1.8974968194961548,1.8974968194961548,8.944503784179688
CC(C)(CCc1cc2n(n1)CCO2)S(C)(=O)=O,1.8970383405685425,1.8970383405685425,17.98416519165039
Cc1nc(-c2nc3nonc3nc2Cl)oc1C,1.8970271348953247,1.8970271348953247,11.900238990783691
CN1CCC(C#N)(CC[C@H]2CCCC23OCCO3)CC1,1.896993637084961,1.896993637084961,29.682632446289062
C[C@@H](O)CCCN1CC[C@@H]([C@@H]2CCOC2)C1,1.8969699144363403,1.8969699144363403,3.333353281021118
C[C@H]1COCCN(CC(O)Cc2c(F)ccnc2F)C1,1.8966550827026367,1.8966550827026367,61.722442626953125
C[C@H]1N(CCc2cnn3c2OCCC3)CCOC1(C)C,1.896623969078064,1.896623969078064,12.723614692687988
Cc1noc(C)c1-c1cnn2c1OCCC2,1.896606683731079,1.896606683731079,34.323577880859375
CN1C[C@@H]2CN(c3cnc(Cl)cn3)C[C@@H]2C1,1.896592617034912,1.896592617034912,7.835626125335693
CC[C@H](C)N(OC)C(=O)CCC1(C#N)CCN(C)CC1,1.8965660333633423,1.8965660333633423,43.97861862182617
CCS(=O)(=O)C[C@H](C)c1cnn2c1OCCC2,1.8965247869491577,1.8965247869491577,21.135005950927734
CC[C@@H](C)CCc1ccc(S(C)(=O)=O)s1,1.8964930772781372,1.8964930772781372,12.294921875
Cn1cnc([N+](=O)[O-])c1C(=O)[C@@H](O)C(C)(C)C,1.8957788944244385,1.8957788944244385,9.029367446899414
CC[C@@H](C)N(OC)C(=O)c1ccc2c(c1)OCO2,1.8955720663070679,1.8955720663070679,7.339074611663818
CN1CCC(C#N)(n2ccc(=O)c([N+](=O)[O-])c2)CC1,1.8955519199371338,1.8955519199371338,54.167625427246094
CC[C@@H](C)N(OC)C(=O)c1ccc(S(C)(=O)=O)s1,1.8955433368682861,1.8955433368682861,16.66041374206543
C[C@H](CC(=O)c1cnn2c1OCCC2)c1cn(C)cn1,1.8954708576202393,1.8954708576202393,13.699036598205566
CN1CCC(C#N)(ON2CC[C@H]([C@@H]3CCOC3)C2)CC1,1.8954309225082397,1.8954309225082397,36.7515983581543
CC[C@H](C)N(OC)C(=O)c1ccc(S(C)(=O)=O)s1,1.8954272270202637,1.8954272270202637,21.027841567993164
C[C@@H]1CCCN(N2CC[C@@H]([C@@H]3CCOC3)C2)C1,1.8952335119247437,1.8952335119247437,8.896172523498535
C[C@H]1CN(ON2CC[C@@]3(CCOC3=O)C2)CCN1,1.8950340747833252,1.8950340747833252,9.372052192687988
C#CCCCCN1CCC[C@](C)(O)CC1,1.895018458366394,1.895018458366394,54.609130859375
CN1C[C@@H]2CN(Oc3cnn4c3OCCC4)C[C@@H]2C1,1.8949646949768066,1.8949646949768066,13.313789367675781
CC1CCN(CCCc2c(F)ccnc2F)CC1,1.8949553966522217,1.8949553966522217,15.280238151550293
C[C@H]1C(=O)NCCN1c1ccc2c(c1)OCCO2,1.8946855068206787,1.8946855068206787,9.344583511352539
C[C](O)CCCOc1c(F)ccnc1F,1.89466392993927,1.89466392993927,36.23440170288086
CC[C@@H](C)N(OC)C(=O)CCC(C)(C)S(C)(=O)=O,1.8945512771606445,1.8945512771606445,19.263591766357422
CC[C@@H](C)N(OC)C(=O)CCC1(C#N)CCN(C)CC1,1.8941259384155273,1.8941259384155273,23.281347274780273
N#Cc1ccc(-c2nonc2[N+](=O)[O-])cc1Cl,1.8936854600906372,1.8936854600906372,12.270638465881348
Cn1nc([N+](=O)[O-])n(CC(C)(C)C#N)c1=O,1.8936620950698853,1.8936620950698853,11.121504783630371
CCCCC[C@@H](C)c1c(F)ccnc1F,1.893348217010498,1.893348217010498,22.714460372924805
N#CCCCCCCc1ccc(Cl)cn1,1.8931670188903809,1.8931670188903809,15.652740478515625
Cn1nc2c(c1N1CC[C@H]([C@H]3CCOC3)C1)CCCC2,1.8930977582931519,1.8930977582931519,14.590923309326172
Cc1cnc(CCCS(=O)(=O)C(C)C)o1,1.8929579257965088,1.8929579257965088,9.439105033874512
c1nn2c(c1-c1cc3n(n1)CCO3)OCCC2,1.8929402828216553,1.8929402828216553,54.51119613647461
C[C@H]1COCCN(CCOc2cnn3c2OCCC3)C1,1.8926401138305664,1.8926401138305664,33.50653839111328
Cc1cc(C#N)cnc1Oc1cnn2c1OCCC2,1.892369031906128,1.892369031906128,15.522065162658691
Cc1nnc(-c2cnn3c2OCCC3)n1C,1.8923250436782837,1.8923250436782837,10.95998477935791
Cn1cc(Oc2ccc3c(c2)OCCO3)c(O)nc1=O,1.8922878503799438,1.8922878503799438,28.781455993652344
C[C@H]1CCOCCN1c1nc2ccc(Cl)cc2[n+]([O-])n1,1.892240285873413,1.892240285873413,1.7784676551818848
c1nn2c(c1Cc1cnn3c1OCCC3)OCCC2,1.8921829462051392,1.8921829462051392,16.921432495117188
C[C@H]1COCCN(CCCCc2cnn3c2OCCC3)C1,1.892109751701355,1.8921096324920654,13.499455451965332
CC1CCN(N2CC[C@H]([C@@H]3CCOC3)C2)CC1,1.8918825387954712,1.8918825387954712,16.181537628173828
CCS(=O)(=O)C[C@H](C)N1CC[C@@]2(CCOC2=O)C1,1.8917748928070068,1.8917748928070068,12.134390830993652
Cc1cccc(C(=O)c2ccc(C#N)o2)n1,1.89175283908844,1.89175283908844,6.991875171661377
C[C@@H](O)CCCc1ccc(S(C)(=O)=O)s1,1.891739845275879,1.891739845275879,18.85585594177246
C#CCCC(C)(C)Cn1ccc(CC(=O)O)cc1=O,1.8915085792541504,1.8915085792541504,1.3989198207855225
Cc1nnc(N2CCOC[C@H](C)C2)n1C,1.8912692070007324,1.8912692070007324,9.624454498291016
CN1CCC(C#N)(CCCc2cnn3c2OCCC3)CC1,1.8910510540008545,1.8910510540008545,24.253372192382812
Fc1ccnc(F)c1-c1ccc(Cl)cn1,1.8909119367599487,1.8909119367599487,26.69306182861328
C[C@@H]1CCCN(c2cc3n(n2)CCO3)C1,1.8905664682388306,1.8905664682388306,8.021324157714844
CN1CCC(C#N)(CCn2ncc([N+](=O)[O-])c2N)CC1,1.890468955039978,1.890468955039978,61.263084411621094
Cn1ncc(-c2ccc(C#N)c(Cl)c2)n1,1.8903177976608276,1.8903177976608276,23.867204666137695
CC[C@H](CCO)C1(C#N)CCN(C)CC1,1.889844536781311,1.889844536781311,12.37147045135498
O=C([C]1CSc2ccccc21)c1ccoc1,1.8897075653076172,1.8897075653076172,0.23162688314914703
CCC(C)(C)C(=O)Cc1ccc(C#N)c(Cl)c1,1.8896629810333252,1.8896629810333252,2.2208807468414307
Cn1nc2c(c1N1CC[C@H]([C@@H]3CCOC3)C1)CCCC2,1.889540433883667,1.889540433883667,26.37724494934082
O=C([C@@H](O)c1ccc(Cl)nc1)N1CCOC1,1.8895364999771118,1.8895364999771118,0.5119885206222534
C[C@]1(O)CCCN(CCCCS(C)(=O)=O)CC1,1.8891688585281372,1.8891688585281372,28.11868667602539
CCC(C)(C)C(=O)c1ccc(C#N)c(Cl)c1,1.8891535997390747,1.8891535997390747,34.09053421020508
CN1CCC(C#N)(CCCC2(C#N)CCN(C)CC2)CC1,1.8890936374664307,1.8890936374664307,53.26792526245117
O=[N+]([O-])c1ccc(CC[C]2CCCC23OCCO3)s1,1.8890830278396606,1.8890830278396606,34.88249969482422
CC(C)(CCCCN1CC[C@@]2(CCOC2=O)C1)S(C)(=O)=O,1.8883147239685059,1.8883147239685059,17.988290786743164
C[C]1CN(CCCCc2ccc3c(c2)OCCO3)C[C@H]1O,1.8879789113998413,1.8879789113998413,8.717109680175781
CN1CCC(C#N)(N2C[C]3CN(C)C[C@@H]3C2)CC1,1.8879526853561401,1.8879525661468506,50.97526931762695
Fc1cc(-c2cnn3c2OCCC3)ccn1,1.8879241943359375,1.8879241943359375,10.669614791870117
CC1CCN([C@H]2CCCC23OCCO3)CC1,1.8875609636306763,1.8875609636306763,27.15092658996582
c1c(N2CC[C@H]([C@@H]3CCOC3)C2)nn2c1OCC2,1.8871824741363525,1.8871824741363525,12.776839256286621
CN1CCC(C#N)(OOc2cnn3c2OCCC3)CC1,1.8870831727981567,1.8870831727981567,31.711101531982422
N#Cc1cnccc1CCc1cnn2c1OCCC2,1.886855125427246,1.886855125427246,17.98390769958496
O=[N+]([O-])c1ccc(Oc2cnn3c2OCCC3)s1,1.8865703344345093,1.8865704536437988,14.559293746948242
C[C@H](O)CCCc1ccc(S(C)(=O)=O)s1,1.8862956762313843,1.8862956762313843,23.589862823486328
C[C]1CCCN(Oc2ccc(S(C)(=O)=O)s2)C1,1.8860806226730347,1.8860806226730347,14.046736717224121
C#Cc1ccc(N2CC[C@H]([C@H]3CCOC3)C2)nc1,1.885984182357788,1.885984182357788,12.476278305053711
Cc1cnc(-c2cnn3c2OCCC3)cn1,1.8859226703643799,1.8859226703643799,10.16845989227295
O=C(Nn1c(O)nnc1O)c1ccc2c(c1)OCCO2,1.8858163356781006,1.8858163356781006,18.09503936767578
C[C@H]1COCCN([C@@H]2CC(C(N)=O)=NO2)C1,1.885549545288086,1.885549545288086,20.984153747558594
CC(Cc1ccnc(O)n1)Cc1c(F)cccc1F,1.8850364685058594,1.885036587715149,6.737775802612305
CS(=O)(=O)c1ccc(O[C@H]2CCCC23OCCO3)s1,1.884887933731079,1.8848880529403687,12.848221778869629
CCCC[C@H](C(=O)O)C(=O)N(OC)[C@@H](C)CC,1.8846046924591064,1.8846046924591064,17.005020141601562
CCS(=O)(=O)N1CC[C@H]2OCCN(CCCO)[C]2C1,1.8845576047897339,1.8845576047897339,4.770677089691162
Cc1nocc1-c1cnc(Cl)c([N+](=O)[O-])n1,1.884473204612732,1.8844733238220215,3.412008762359619
CCS(=O)(=O)C[C@H](C)c1ccc([N+](=O)[O-])s1,1.884310245513916,1.884310245513916,6.807311534881592
Fc1ccccc1-c1cc2n(n1)CCO2,1.8842147588729858,1.8842147588729858,12.926271438598633
Cc1nc(CCCCS(C)(=O)=O)oc1C,1.8842092752456665,1.884209394454956,26.817663192749023
Cn1cncc1-c1ccc(S(C)(=O)=O)s1,1.8842047452926636,1.8842047452926636,9.129548072814941
c1nn2c(c1[C@H]1CCCC13OCCO3)OCCC2,1.8841825723648071,1.8841825723648071,42.25721740722656
N#CC1(CCc2cnn3c2OCCC3)CC1,1.8841297626495361,1.8841296434402466,15.305291175842285
Cn1nncc1-c1cc([N+](=O)[O-])c([N+](=O)[O-])cc1Cl,1.8836623430252075,1.883662462234497,3.499143362045288
CN1CC(=O)N(c2ccc(S(C)(=O)=O)s2)C1=O,1.8833762407302856,1.8833762407302856,4.110874176025391
CN1CCC(C#N)(CCN2CC[C@@]3(CCOC3=O)C2)CC1,1.8833117485046387,1.8833117485046387,33.56666564941406
CS(=O)(=O)c1ccc(CCc2ccc3c(c2)OCCO3)s1,1.8829426765441895,1.8829426765441895,15.310063362121582
c1cn2ccnc2c(N2C[C]3CNC[C@H]3C2)n1,1.8824366331100464,1.882436752319336,7.504863739013672
CCC(C)(C)C(=O)c1c2c(nn1C)CCCC2,1.8823989629745483,1.8823989629745483,17.46076774597168
CC1(F)CN(c2cnn3c2OCCC3)C1,1.8823933601379395,1.8823933601379395,10.412818908691406
Cn1nc2c(c1-c1c(F)ccnc1F)CCCC2,1.882338523864746,1.882338523864746,32.91309356689453
C[C@@H]1C[C@H](C)CN(CCC(C)(C)S(C)(=O)=O)C1,1.8821001052856445,1.8821001052856445,32.72771072387695
C[C@]1(O)CCCN(c2ccc(C#N)cn2)CC1,1.8819576501846313,1.8819576501846313,16.721372604370117
Cc1nnc(CCC(C)(C)S(C)(=O)=O)n1C,1.8818484544754028,1.8818484544754028,8.38100814819336
CN1CCC[C@H](N2CC[C@@]3(CCOC3=O)C2)C1,1.8816795349121094,1.8816795349121094,6.492602825164795
N[C]1CCN(CCc2cnn3c2OCCC3)C1,1.8816072940826416,1.8816072940826416,10.636025428771973
C[C@H]1COCCN(CC(C)(C)N2CCC[C@@](C)(O)CC2)C1,1.8814969062805176,1.881496787071228,13.455607414245605
N#CCCCCc1cnn2c1OCCC2,1.8814480304718018,1.8814480304718018,21.50462532043457
CN1C[C]2CN(c3nc4nonc4nc3Cl)C[C@H]2C1,1.8812484741210938,1.8812484741210938,11.792784690856934
c1c([C@H]2CCCC23OCCO3)nn2c1OCC2,1.8811734914779663,1.8811734914779663,11.635560989379883
CN1CCC(C#N)(CC[C@H]2CCCN2C=O)CC1,1.8811590671539307,1.8811590671539307,17.271181106567383
c1cc2n(n1)CCN(c1cc3n(n1)CCO3)C2,1.8810954093933105,1.8810954093933105,3.960540771484375
C[C@]1(O)CCCN(CCc2ccc3c(c2)OCCO3)CC1,1.8810129165649414,1.8810129165649414,10.686775207519531
CCCCC[C@@H](C)c1ccc([N+](=O)[O-])s1,1.8806662559509277,1.8806661367416382,6.962789535522461
Cc1nc(-c2c([N+](=O)[O-])c([N+](=O)[O-])nn2C)oc1C,1.8806174993515015,1.8806174993515015,9.938484191894531
C[C@H]1COCCN(C(=O)[C@H]2CSc3ccccc32)C1,1.8805718421936035,1.8805718421936035,18.922807693481445
C[C@]1(O)CCCN(c2ncccc2F)CC1,1.8805179595947266,1.8805179595947266,7.666080951690674
Cn1c(=O)n(C)c2cc(N3CCn4nccc4C3)ccc21,1.8803850412368774,1.8803850412368774,5.82466459274292
c1nnc(-c2ccc3c(c2)OCCO3)o1,1.8801645040512085,1.8801645040512085,0.2696077227592468
Cc1nc([N+](=O)[O-])c(-c2cnn3c2OCCC3)n1C,1.8800685405731201,1.8800685405731201,32.796363830566406
c1cc2n(n1)CCN(CCc1cnn3c1OCCC3)C2,1.8798623085021973,1.8798623085021973,11.526535034179688
Cc1nn(-c2nc(C)c(C)o2)nc1[N+](=O)[O-],1.8797733783721924,1.8797733783721924,11.039931297302246
CON(C)CCSC1(C#N)CCN(C)CC1,1.8797298669815063,1.8797298669815063,10.09924030303955
CC(C)(C)CC(=O)Cc1cnn2c1OCCC2,1.879556655883789,1.879556655883789,4.173783302307129
C[C@H]1N([C@H]2CCCC23OCCO3)CCOC1(C)C,1.8787533044815063,1.8787533044815063,5.038103103637695
C[C@H]1CCCCN1c1c2c(nn1C)CCCC2,1.878450870513916,1.878450870513916,39.48836135864258
Clc1nc2nonc2nc1N1CCc2ccccc21,1.8782308101654053,1.8782308101654053,10.325387001037598
CC(C)CCN1CC[C@@]2(CCOC2=O)C1,1.878198504447937,1.878198504447937,7.6790080070495605
Cc1nc(-c2c([N+](=O)[O-])ncn2C)oc1C,1.8781455755233765,1.8781455755233765,34.1297607421875
C[C@@H]1C[C@@H](N2CCC[C@H]3CN(C)CC[C@H]32)[C@H](C)O1,1.8781421184539795,1.8781421184539795,25.617109298706055
CCC(C)(C)C(=O)C[C@@H]1OC[C@@H]2CCC[C@@H]21,1.877402424812317,1.877402424812317,4.661128044128418
Cc1ccc(C2(C3(C#N)CCN(C)CC3)CCOC2)o1,1.877266526222229,1.877266526222229,9.228885650634766
C[C@]1(O)CCCN(c2ccc([N+](=O)[O-])o2)CC1,1.8771042823791504,1.8771042823791504,46.05360794067383
CN1CCC(C#N)(CCOC2(C#N)CCN(C)CC2)CC1,1.8769104480743408,1.8769104480743408,41.22222137451172
Cc1cc(C#N)cnc1N1CC[C@H]([C@@H]2CCOC2)C1,1.8768267631530762,1.8768267631530762,14.526642799377441
CN1CCC[C@H](N2CC[C@]3(CCOC3=O)C2)C1,1.8765904903411865,1.8765904903411865,6.953178882598877
O[C@H]1CN(Oc2cnn3c2OCCC3)C[C@@H]1O,1.876274585723877,1.876274585723877,22.932676315307617
N#Cc1cc(=O)n(-c2ccc(C#N)o2)cn1,1.8758281469345093,1.8758281469345093,10.314695358276367
CCC(C)(C)C(=O)CCc1cc2n(n1)CCO2,1.8756589889526367,1.8756589889526367,23.007301330566406
Cc1cc(-c2ccc(S(C)(=O)=O)s2)co1,1.875247597694397,1.875247597694397,29.02427101135254
C[C@@H](CCS(C)(=O)=O)c1cnn2c1OCCC2,1.8750953674316406,1.8750953674316406,19.021331787109375
Cc1cc(CCCCc2ccc(C#N)c(Cl)c2)c(C)n1C,1.87493097782135,1.87493097782135,8.812891960144043
O=[N+]([O-])c1ccc(-c2ccc([N+](=O)[O-])s2)o1,1.874648094177246,1.874648094177246,9.369056701660156
C=CC[C@H](CO)CN1CCOC[C@H](C)C1,1.8744744062423706,1.8744744062423706,48.596961975097656
C[C@H]1CCOCCN1c1cnc(Cl)cn1,1.8743922710418701,1.8743922710418701,6.254697322845459
CS(=O)(=O)CCCC[C@H]1CCCC12OCCO2,1.8738758563995361,1.8738758563995361,21.732542037963867
CC1CCN(N2CCOC[C@H](C)C2)CC1,1.8738701343536377,1.8738701343536377,47.15412521362305
C[C@@H]1CNCCN1n1cnc(C#N)cc1=O,1.8737894296646118,1.8737894296646118,10.70567512512207
C[C@@H]1CN(CC[C](O)CN2CCC2)C[C@H](C)S1,1.8736846446990967,1.8736846446990967,3.434231996536255
CC(C)S(=O)(=O)CCCN1CCC(N)CC1,1.8736355304718018,1.8736355304718018,4.459532737731934
CC1CCN(c2ccc(S(C)(=O)=O)s2)CC1,1.873375415802002,1.873375415802002,24.195636749267578
C=CC[C@@H](CO)Cc1ccc([N+](=O)[O-])s1,1.8732928037643433,1.8732928037643433,1.5094901323318481
C[C]1CN(c2ccc([N+](=O)[O-])s2)C[C@@H]1O,1.8732515573501587,1.8732515573501587,0.24290142953395844
C[C@H]1COCCN(CCN2CCC[C@H]3CN(C)CC[C@H]32)C1,1.8731244802474976,1.8731244802474976,28.31258773803711
C=CC[C@H](CO)Cc1ccc([N+](=O)[O-])s1,1.8729801177978516,1.8729801177978516,16.532119750976562
Cc1ncccc1[C@H](C)C[C@@H](C)c1c(C)noc1C,1.8729195594787598,1.8729195594787598,8.164090156555176
CC(=O)CCCCC[C@H](C)c1ccc(S(C)(=O)=O)s1,1.8728694915771484,1.8728694915771484,13.677960395812988
Cc1cc(N2C[C]3CNC[C@H]3C2)c(C)n1C,1.8728456497192383,1.8728456497192383,7.018000602722168
CCCCCOc1cnn2c1OCCC2,1.8721591234207153,1.8721591234207153,17.692529678344727
C[C@H]1N(CCC[N+](=O)[O-])CCOC1(C)C,1.8720375299453735,1.8720375299453735,4.930305480957031
O=C1OCC[C@@]12CCN(n1ccc(=O)c([N+](=O)[O-])c1)C2,1.8718438148498535,1.8718438148498535,33.40739440917969
CC(C)(C)[C](O)C(=O)N1C[C@H](O)[C@@H](O)C1,1.8713098764419556,1.8713098764419556,1.1130210161209106
C[C@@]1(O)CCCN(CC(F)(F)CO)CC1,1.87100350856781,1.87100350856781,6.234481334686279
Clc1cncc(-c2cnn3c2OCCC3)n1,1.870768427848816,1.8707685470581055,13.49474048614502
Clc1ccccc1CCCc1nncs1,1.8706365823745728,1.8706365823745728,7.978826522827148
Fc1ccc(-c2cnn3c2OCCC3)cc1,1.8705815076828003,1.8705815076828003,21.56114387512207
CC1CCN(CC(C)(C)c2ccc3c(c2)OCCO3)CC1,1.8704426288604736,1.8704426288604736,7.9448065757751465
O=C(Nn1c(O)nnc1O)N1CCn2nccc2C1,1.8702768087387085,1.8702768087387085,13.237348556518555
C[C@@]1(O)CCCN(c2ccc(N)nc2)CC1,1.869999647140503,1.869999647140503,10.40725326538086
Cc1nnccc1-c1c[n+]([O-])ccc1[N+](=O)[O-],1.8699325323104858,1.8699325323104858,9.361896514892578
N#Cc1ccc(CCc2ccc([N+](=O)[O-])o2)cc1Cl,1.8695372343063354,1.8695372343063354,36.96823501586914
Oc1c(F)cc(-c2cc(Cl)no2)cc1F,1.8694247007369995,1.8694247007369995,0.9519771337509155
CN1C[C@@H]2CN(CCCc3ccc(S(C)(=O)=O)s3)C[C@@H]2C1,1.8693257570266724,1.8693257570266724,29.985721588134766
CCC(C)(C)C(=O)CCc1ccc(F)cc1F,1.869221568107605,1.869221568107605,11.654438972473145
C[C@@]1(CCCCCc2ccc3c(c2)OCCO3)CC1(F)F,1.8691747188568115,1.8691747188568115,10.571399688720703
O=C1OCC[C@@]12CCN(Oc1ccc3c(c1)OCCO3)C2,1.8691152334213257,1.8691152334213257,19.779760360717773
C[C@H](CC(=O)c1ccc(Cl)s1)c1ccc(S(C)(=O)=O)s1,1.8689004182815552,1.8689004182815552,9.095657348632812
CC1CCN(Oc2ccc(S(C)(=O)=O)s2)CC1,1.8687912225723267,1.8687912225723267,17.190458297729492
C=CC[C@H](CO)Cc1c(F)ccnc1F,1.8684378862380981,1.8684378862380981,17.463043212890625
CN1CCC(C#N)(CCc2ccc(C#N)c(Cl)c2)CC1,1.8681230545043945,1.8681230545043945,61.67906188964844
Cc1nnccc1-c1ccc(S(C)(=O)=O)s1,1.8677635192871094,1.8677635192871094,15.213268280029297
C[C@]1(O)CCCN(CCCc2cnn3c2OCCC3)CC1,1.8675920963287354,1.8675920963287354,33.6707763671875
Cc1nn(N2CCc3ccccc32)c(C)c1[N+](=O)[O-],1.8674001693725586,1.8674001693725586,6.1148529052734375
Cc1cc(N2CCC(N)CC2)c2cnn(C)c2n1,1.866976022720337,1.866976022720337,9.248281478881836
Cn1cnc([N+](=O)[O-])c1N1C[C@H](O)[C@@H](O)C1,1.8668732643127441,1.8668732643127441,32.44207000732422
Cc1nc(Oc2ccc3c(c2)OCCO3)oc1C,1.8668603897094727,1.8668603897094727,18.072002410888672
Nc1c([N+](=O)[O-])cnn1N1C(=O)N[C@]2(CCOC2)C1=O,1.866753101348877,1.866753101348877,9.275291442871094
CC(C)C[C@@H](CC(=O)O)Cc1ccc(C#N)c(Cl)c1,1.866629958152771,1.866629958152771,14.139638900756836
CC1CCN(N2C[C@H]3CN(C)C[C@H]3C2)CC1,1.8666085004806519,1.8666085004806519,24.725818634033203
C[C@]1(O)CCCN(CCN2CC[C@@]3(CCOC3=O)C2)CC1,1.8665425777435303,1.8665425777435303,15.946426391601562
CCC(C)(C)C(=O)CCCCc1ccc(C#N)c(Cl)c1,1.8665194511413574,1.8665194511413574,14.864609718322754
CS(=O)(=O)c1ccc(Oc2cc3n(n2)CCO3)s1,1.8663372993469238,1.8663372993469238,33.59184265136719
O=[N+]([O-])c1ccc(-c2ncc(Cl)nc2Cl)s1,1.8662828207015991,1.8662828207015991,3.3197295665740967
[O-][n+]1nc(CCCF)nc2ccc(Cl)cc21,1.866159439086914,1.866159439086914,2.9214348793029785
Cc1cc(C2(C#N)CCN(C)CC2)cc(O)n1,1.8655339479446411,1.8655339479446411,27.870534896850586
C[C@]1(O)CCCN(N2CCC(N)CC2)CC1,1.8647584915161133,1.8647584915161133,26.492944717407227
Cc1cncc(ON2CC[C@@H]3COC(=O)N[C@H]3C2)c1,1.8647167682647705,1.8647167682647705,7.63294792175293
C[C@H](O)C[C@@H](C)c1ccc(S(C)(=O)=O)s1,1.86457359790802,1.86457359790802,12.138555526733398
C=CC[C@H](CO)C[C@H](C)CS(=O)(=O)CC,1.8644187450408936,1.8644187450408936,0.8324682712554932
Cc1ncncc1N1CCOC(C)(C)[C@H]1C,1.864233374595642,1.864233374595642,8.96197509765625
C[C]1COCCN(CCCCc2cnn3c2OCCC3)C1,1.863969326019287,1.863969326019287,20.69919204711914
C[C@H]1CN(c2ccc(S(C)(=O)=O)s2)CCN1,1.86378014087677,1.86378014087677,7.681105613708496
Cc1nc(N2CCOC[C@H](C)C2)oc1C,1.8637324571609497,1.8637324571609497,37.088600158691406
C[C@H]1COCCN(CCON2C[C@H]3CN(C)C[C@H]3C2)C1,1.8636857271194458,1.8636857271194458,16.969823837280273
C[C]1CN(CCc2nonc2[N+](=O)[O-])CCN1,1.8636164665222168,1.8636164665222168,14.461905479431152
C[C@H]1C(=O)NCCCN1CCCc1cnn(C)c1Cl,1.8635731935501099,1.8635731935501099,13.78280258178711
Cc1nc2n(n1)C[C@@H](c1c(F)cccc1F)CC2,1.8633167743682861,1.8633167743682861,5.106343746185303
Cn1ncn(-c2ccc([N+](=O)[O-])s2)c1=O,1.8630532026290894,1.8630532026290894,4.7785162925720215
C[C](C#N)C1(NC(=S)NN2CCNC[C@@H]2C)CCC1,1.8629461526870728,1.8629461526870728,7.721830368041992
Cn1cnc(-c2ccc(S(C)(=O)=O)s2)n1,1.8627907037734985,1.8627907037734985,18.9078426361084
Clc1ccc(-c2cnn3c2OCCC3)s1,1.8626290559768677,1.8626290559768677,17.687833786010742
N#Cc1ccc(CCc2ccc3c(c2)OCCO3)cc1Cl,1.862606406211853,1.862606406211853,15.2274169921875
CC(C)S(=O)(=O)CCCN1CC(C)(F)C1,1.8625251054763794,1.8625251054763794,8.167841911315918
O=C(O)CCCCCc1ccc([N+](=O)[O-])o1,1.8624844551086426,1.8624844551086426,0.669032096862793
Cc1cc(-c2cnn3c2OCCC3)co1,1.8624298572540283,1.8624298572540283,14.417001724243164
C1CSC[C@H]([C@@H]2CCN3CCC[C@@H]3C2)C1,1.862235188484192,1.862235188484192,7.0960001945495605
CON(C)C(=O)[C@H](C)c1c(F)cccc1[N+](=O)[O-],1.861710786819458,1.861710786819458,10.968446731567383
c1nn2c(c1[C@H]1CCNC13CCC3)OCCC2,1.8616986274719238,1.8616986274719238,17.09065055847168
CCC(CCCc1ncn(C)n1)[N+](=O)[O-],1.8616812229156494,1.8616812229156494,12.52370548248291
Cc1cc(C2(C#N)CCN(C)CC2)c2cnn(C)c2n1,1.8616427183151245,1.8616427183151245,7.010906219482422
Cn1cc(-c2cnn3c2OCCC3)cn1,1.8614636659622192,1.8614636659622192,9.964667320251465
c1nn2c(c1CCCN1C[C@H]3CNC[C@H]3C1)OCCC2,1.861354947090149,1.861354947090149,10.668190956115723
C#CCCCCn1ccc(=O)c([N+](=O)[O-])c1,1.8612674474716187,1.8612674474716187,14.94377613067627
Cn1ncc(CCCCS(C)(=O)=O)c1Cl,1.8611663579940796,1.8611663579940796,38.25013732910156
C[C@H]1COCCN(CCc2cn(C)c(=O)nc2O)C1,1.86106276512146,1.86106276512146,20.47317886352539
CN1CC[C@@H]2[C@@H](CCCN2c2ccc([N+](=O)[O-])s2)C1,1.8610186576843262,1.8610186576843262,33.8730583190918
Cc1nc(N2CCOC(C)(C)[C@@H]2C)oc1C,1.860970377922058,1.860970377922058,6.447732925415039
CON(C)CCN1CCC[C@](C)(O)CC1,1.860625982284546,1.860625982284546,12.250203132629395
CC(C)[C@](F)(Cc1ccc(Cl)cn1)C(=O)O,1.860485315322876,1.860485315322876,2.748674154281616
C[C@H](CCCCS(C)(=O)=O)CCS(C)(=O)=O,1.8603821992874146,1.8603821992874146,34.11628341674805
N[C@H]1CCN(c2cnn3c2OCCC3)C1,1.8600529432296753,1.8600529432296753,60.619590759277344
C[C@H]1COCCN(N2CCC(N)CC2)C1,1.8600257635116577,1.8600257635116577,18.036218643188477
Cn1ncn(CCCCS(C)(=O)=O)c1=O,1.8597391843795776,1.8597391843795776,16.704471588134766
C=CC[C](CO)Cn1c(Cl)cncc1=O,1.8596491813659668,1.8596491813659668,2.8179380893707275
C[C@@H](O)CCCCCCS(=O)(=O)c1cnn2c1OCCC2,1.8596442937850952,1.8596442937850952,9.022256851196289
Oc1cccnc1CCc1cnn2c1OCCC2,1.8595879077911377,1.8595879077911377,22.852191925048828
N#Cc1ccc(N2C[C]3CNC[C@H]3C2)cc1Cl,1.8593041896820068,1.8593041896820068,10.43159294128418
C[C]1CN(N2CC[C@@]3(CCOC3=O)C2)C[C@@H]1O,1.8592979907989502,1.8592979907989502,50.21036148071289
CC(C)(CCCCCc1cnn2c1OCCC2)S(C)(=O)=O,1.859163761138916,1.859163761138916,29.754638671875
Cc1cc(Oc2ccccn2)sc1[N+](=O)[O-],1.859110951423645,1.859110951423645,11.044295310974121
C[C@@H]1CCCN(N2CCOC(C)(C)[C@H]2C)C1,1.8586807250976562,1.8586807250976562,5.802842617034912
CCCCC[C@@H](C)c1cccc(=O)n1C,1.8586390018463135,1.8586390018463135,6.9637250900268555
C[C@H]1CN(Oc2ccc(Cl)cn2)CCO1,1.8586348295211792,1.8586348295211792,8.907249450683594
N#Cc1ccc(-c2cnn3c2OCCC3)nc1,1.8586293458938599,1.8586293458938599,31.462961196899414
CCC(C)(C)C(=O)c1ccc([N+](=O)[O-])s1,1.8583742380142212,1.8583742380142212,47.298606872558594
Cc1nc(N2CCOC(C)(C)[C@H]2C)oc1C,1.858270525932312,1.858270525932312,14.432753562927246
CC(C)[C@H](O)Cc1ccc(S(C)(=O)=O)s1,1.8582426309585571,1.8582426309585571,7.806657791137695
C[C@]1(O)CCCN(CCCCC#N)CC1,1.8580268621444702,1.8580268621444702,9.111977577209473
Cc1ccc(C(=O)C2=NN3CCCN=C3N2)nn1,1.8579648733139038,1.8579648733139038,5.913208484649658
CS(=O)(=O)CCCCn1ncc([N+](=O)[O-])c1N,1.8578038215637207,1.8578038215637207,10.701237678527832
CN1CC[C@@H]2[C@@H](CCCN2c2c(F)ccnc2F)C1,1.857772707939148,1.857772707939148,34.180965423583984
Cc1nc(ON2CCOC[C@H](C)C2)oc1C,1.857735514640808,1.857735514640808,34.19143295288086
C[C@@]1(O)CCCN(CCCCC#N)CC1,1.8575751781463623,1.8575751781463623,10.121851921081543
Cc1cc(-c2cnn(C)c2Cl)c2c(O)nn(C)c2n1,1.8572555780410767,1.8572555780410767,3.6488640308380127
CS(=O)(=O)c1ccc(CCc2ccc(C#N)c(Cl)c2)s1,1.857121229171753,1.857121229171753,20.367399215698242
c1ncn(N2CC[C@H]([C@H]3CCOC3)C2)n1,1.8568311929702759,1.8568311929702759,7.252445220947266
Cc1cnoc1N1CCC[C@](C)(O)CC1,1.856793761253357,1.856793761253357,7.9315996170043945
CC(C)S(=O)(=O)CCCN1C[C@H](C)[C@@H](O)C1,1.8566967248916626,1.856696605682373,7.445358753204346
Cc1cnc(-c2cc(F)c(O)c(F)c2)o1,1.8566296100616455,1.8566296100616455,7.4572434425354
c1nn2c(c1CCc1cnn3c1OCCC3)OCCC2,1.8566162586212158,1.8566162586212158,16.32243537902832
CC(C)(CCN1CCC[C@](C)(O)CC1)S(C)(=O)=O,1.8566107749938965,1.8566107749938965,18.304927825927734
CN1CCC(C#N)(c2cnc(Cl)cn2)CC1,1.8564614057540894,1.8564614057540894,9.325873374938965
N#CC1(c2cnn3c2OCCC3)CCC1,1.8563047647476196,1.8563047647476196,0.5655596852302551
N#Cc1ccc(CCc2cnn3c2OCCC3)cc1Cl,1.8561757802963257,1.8561757802963257,46.362693786621094
C[C@H]1COCCN(c2cnc(N)cn2)C1,1.856073260307312,1.8560731410980225,27.243770599365234
Cn1c(=O)oc2c(-c3cc4n(n3)CCO4)cccc21,1.8559595346450806,1.8559595346450806,11.559638977050781
C[C]1CCCN([C@@H](C)Cc2ccc(S(C)(=O)=O)s2)C1,1.855875849723816,1.855875849723816,8.653054237365723
CN1CCC(C#N)(c2cn(C)c(=O)nc2O)CC1,1.8557384014129639,1.8557384014129639,56.30190658569336
CS(=O)(=O)c1ccc(CCN2CC[C@@]3(CCOC3=O)C2)s1,1.8554604053497314,1.8554604053497314,36.26524353027344
Oc1ccc(-c2cc3n(n2)CCO3)cc1,1.8554433584213257,1.8554433584213257,1.3217166662216187
O=[N+]([O-])c1cn(-c2ccnc(O)n2)c([N+](=O)[O-])n1,1.855396032333374,1.855396032333374,1.3267334699630737
CC[C](C)CCc1ccc(S(C)(=O)=O)s1,1.8553863763809204,1.8553863763809204,13.444243431091309
Cc1nc(CC(C)(C)c2cnn3c2OCCC3)oc1C,1.8553863763809204,1.8553863763809204,16.00710678100586
O=[N+]([O-])c1cc(F)ccc1N1CC[C@H]([C@@H]2CCOC2)C1,1.8553519248962402,1.8553519248962402,3.2015891075134277
Cn1nccc1-c1cnn2c1OCCC2,1.8550366163253784,1.8550366163253784,22.80424690246582
CC1CCN(c2cc3n(n2)CCO3)CC1,1.8549703359603882,1.8549703359603882,8.143781661987305
CC[C@@H](C)N(OC)C(=O)c1ncc(F)cc1[N+](=O)[O-],1.8548160791397095,1.8548160791397095,5.040098190307617
Cc1cnc(-c2ccc(C#N)c(Cl)c2)o1,1.854454517364502,1.854454517364502,37.56977462768555
O=C1OCC[C@@]12CCN(N1C[C](O)[C@@H](O)C1)C2,1.854419469833374,1.854419469833374,13.816986083984375
CC[C](C)Cn1ncc(C#N)c1[N+](=O)[O-],1.8543269634246826,1.8543269634246826,6.180622100830078
C[C@H]1CCOCCN1Oc1cnc(N)cn1,1.8540959358215332,1.8540959358215332,7.6808695793151855
O=c1ccn(-c2ccc([N+](=O)[O-])s2)cc1[N+](=O)[O-],1.8539563417434692,1.8539563417434692,11.921688079833984
C[C@H]1CN(c2cc3n(n2)CCO3)C[C@@H]1O,1.8539084196090698,1.8539084196090698,12.902677536010742
Cc1ncccc1-c1cnn2c1OCCC2,1.8530850410461426,1.8530850410461426,16.479429244995117
CC[C@H](C(=O)c1ccc(F)cc1)N1CC(C)(F)C1,1.852909803390503,1.852909803390503,2.100224256515503
C[C]1C[C@H](C)CN(c2nc(C)c(C)o2)C1,1.8527450561523438,1.8527451753616333,14.331619262695312
Cc1cccc(N2CCC[C@](C)(O)CC2)n1,1.8525142669677734,1.8525142669677734,9.804303169250488
Clc1nnc(-c2cnn3c2OCCC3)nn1,1.8524360656738281,1.8524360656738281,22.587099075317383
CC[C@H](C)N(OC)C(=O)N1CC[C@@]2(CCOC2=O)C1,1.8522441387176514,1.8522441387176514,63.06602096557617
O=[N+]([O-])c1cc(-c2ccc([N+](=O)[O-])s2)on1,1.8521369695663452,1.8521369695663452,9.086155891418457
CN1CC[C@@H](N2CC[C@@]3(CCOC3=O)C2)C1,1.8520482778549194,1.8520482778549194,2.014409065246582
N#Cc1c(F)cc(-c2ccc(CC=O)cn2)cc1F,1.851992130279541,1.851992130279541,2.550837993621826
CC[C@H](C)N(OC)C(=O)c1cnn2c1OCCC2,1.8518946170806885,1.8518946170806885,8.547257423400879
C#Cc1ccc(C2(C#N)CCN(C)CC2)nc1,1.8518755435943604,1.8518755435943604,26.20168113708496
Cn1ncn(-n2cnc(C#N)cc2=O)c1=O,1.8516333103179932,1.8516333103179932,1.408735990524292
Fc1ccnc(F)c1CCCCc1cnn2c1OCCC2,1.8516026735305786,1.8516026735305786,12.092700958251953
CN1CCC(C#N)([C@@H]2COC[C@@H]2O)CC1,1.8515163660049438,1.8515163660049438,0.8451535701751709
Cc1nc([C@H]2CCCC23OCCO3)oc1C,1.8514349460601807,1.8514349460601807,38.42486572265625
C=CC[C@H](C)C(=O)[C](O)CN1CCOC1=O,1.851300597190857,1.851300597190857,1.0283303260803223
CC[C@@H](C)N(OC)C(=O)c1cnn2c1OCCC2,1.851295828819275,1.851295828819275,24.001754760742188
Cn1nc([N+](=O)[O-])n(-c2cnn3c2OCCC3)c1=O,1.851274847984314,1.851274847984314,11.137319564819336
C[C@H]1CN(N2CC[C@@]3(CCOC3=O)C2)CCN1,1.8509328365325928,1.8509328365325928,4.006025314331055
CS(=O)(=O)c1ccc(-c2ccc(C#N)c(Cl)c2)s1,1.8508929014205933,1.8508929014205933,30.61224937438965
C[C@]1(O)CCCN(CCc2ccc(C#N)c(Cl)c2)CC1,1.8507561683654785,1.8507561683654785,16.79881477355957
Cc1noc(C)c1[C@H]1CCCC12OCCO2,1.8507072925567627,1.8507072925567627,24.689695358276367
CC1CCN(N2CCC[C@](C)(O)CC2)CC1,1.8505059480667114,1.8505059480667114,13.035600662231445
C[C@H]1COCCN(c2ncnc3sc([N+](=O)[O-])cc23)C1,1.8502061367034912,1.8502061367034912,14.72397232055664
Clc1nnc(Oc2cnn3c2OCCC3)nn1,1.8499950170516968,1.8499950170516968,13.806419372558594
C[C@H](O)CCCN1CCC[C@](C)(O)CC1,1.849665641784668,1.849665641784668,11.286783218383789
Cc1cccc(-c2cnn3c2OCCC3)n1,1.8496431112289429,1.8496431112289429,24.8114013671875
C#CCCCCc1cnn2c1OCCC2,1.8495036363601685,1.8495036363601685,60.37520217895508
CC(C)(C)C(=O)c1cc(Br)sc1[N+](=O)[O-],1.8494237661361694,1.8494237661361694,2.2156784534454346
CN1CC[C@@H]2CC[C@H](C1)N2c1ccnc(C#N)n1,1.8494019508361816,1.8494019508361816,5.902740478515625
C[C@H]1COCCN(c2cnn(C)c2Cl)C1,1.8489776849746704,1.8489776849746704,9.529104232788086
C[C@H]1CN(C(=O)C(=NO)C(=O)C(F)(F)F)CCO1,1.8489065170288086,1.8489065170288086,2.5078890323638916
CC[C@@H](C)N(OC)C(=O)N1C[C](C)C[C@H](C)C1,1.848848819732666,1.848848819732666,26.994482040405273
CC[C@](C)(C#N)c1ccc(S(C)(=O)=O)s1,1.8487554788589478,1.8487554788589478,15.303547859191895
Cn1nc2c(c1-c1ccc(C#N)o1)CCCC2,1.8487021923065186,1.8487021923065186,50.4015007019043
CC[C@@H](C)CCN1CCC[C@@H](c2c(C)noc2C)CC1,1.8486120700836182,1.8486120700836182,2.9939424991607666
Cn1cnc(-c2cnn3c2OCCC3)c1,1.8485983610153198,1.8485983610153198,10.273895263671875
O=C1OCC[C@@]12CCN(N1CCc3ccccc31)C2,1.8485355377197266,1.8485355377197266,16.235639572143555
CC(C)(CC#N)Cc1cnc([N+](=O)[O-])s1,1.848311424255371,1.8483115434646606,13.893579483032227
C=CC[C@H](CO)Cc1ccc([N+](=O)[O-])o1,1.8482389450073242,1.8482389450073242,20.819244384765625
Cc1nonc1Oc1cnn2c1OCCC2,1.848230004310608,1.848230004310608,24.707679748535156
C[C@@]1(O)CCCN(N2CCC=C(Cl)C2)CC1,1.84794020652771,1.84794020652771,1.4976385831832886
CC1=NO[C@H](C(C)(C)C(=O)c2ccc(C)c(F)c2)C1,1.847912073135376,1.847912073135376,5.998285293579102
Cn1cnc([C@]2(F)CCN([C@@H]3CCCSC3)C2)n1,1.8478546142578125,1.8478546142578125,12.812762260437012
C[C@@H]1CN(C(C)(C)C(=O)CCCCC#N)CCS1,1.847830891609192,1.847830891609192,4.413589000701904
C[C@H]1CN(Oc2cnn3c2OCCC3)C[C@@H]1O,1.8473795652389526,1.8473795652389526,24.774625778198242
CC(C)C[C@H](CN)CCCCS(C)(=O)=O,1.8472963571548462,1.8472963571548462,7.9036054611206055
CC[C@@H](C)N(OC)C(=O)N1CCC[C@](C)(O)CC1,1.8472282886505127,1.8472282886505127,17.42753028869629
Cc1cc(CCN2CCC[C@@](C)(O)CC2)ncc1C#N,1.847024917602539,1.847024917602539,1.3048007488250732
CC[C@H](C)N(OC)C(=O)N1CCC[C@](C)(O)CC1,1.8467638492584229,1.8467638492584229,35.69443130493164
Oc1n[nH]c(-c2ccc3c(c2)OCCO3)n1,1.8467326164245605,1.8467326164245605,2.3420569896698
Cc1nc(-c2ccc(C#N)c(Cl)c2)no1,1.8466331958770752,1.8466331958770752,9.90113353729248
C[C@@H](O)CCCN1CCC[C@](C)(O)CC1,1.8465840816497803,1.8465840816497803,23.511856079101562
C[C@H]1CN(N2CCC[C@@](C)(O)CC2)CCN1,1.846529483795166,1.8465296030044556,6.786377429962158
Cn1cnc([N+](=O)[O-])c1ON1CCC[C@@](C)(O)CC1,1.846160888671875,1.846160888671875,14.27352523803711
CS(=O)(=O)CCCCCCc1ccc(C#N)c(Cl)c1,1.8460077047348022,1.8460077047348022,19.291738510131836
C[C]1CN(c2c(F)ccnc2F)C[C@@H]1O,1.8458786010742188,1.8458786010742188,34.456722259521484
Cn1ncc(S(=O)(=O)c2ccc(C#N)s2)n1,1.8455991744995117,1.8455991744995117,1.5118013620376587
Cc1nc([N+](=O)[O-])c(-c2c([N+](=O)[O-])ncn2C)n1C,1.8455559015274048,1.8455559015274048,15.851632118225098
C[C@@H](O)CCCCC[C](CO)CC(F)F,1.8455418348312378,1.8455418348312378,18.14078140258789
OC[C](O)Cc1ccc2c(c1)OCCO2,1.8454794883728027,1.8454794883728027,0.6540010571479797
CCC(C)(C)C(=O)CCC(C)(C)S(C)(=O)=O,1.845424771308899,1.845424771308899,17.895488739013672
C[C@@H](O)CCCn1ccc(=O)c([N+](=O)[O-])c1,1.8454017639160156,1.8454017639160156,9.316550254821777
C[C@H]1N(N2C[C@H]3CCC[C@@H](C3)C2)CCOC1(C)C,1.8451831340789795,1.8451831340789795,9.054215431213379
CN1CCC(C#N)(N2CC[C@H]3CCN[C@H]3C2)CC1,1.8450084924697876,1.8450084924697876,17.885421752929688
C[C@@H](O)CCCc1cnn2c1OCCC2,1.8449938297271729,1.8449938297271729,10.81093692779541
Cn1cnc([N+](=O)[O-])c1Oc1cnn2c1OCCC2,1.8448513746261597,1.8448513746261597,54.40584182739258
CCCC[C@@H](Oc1cnn2c1OCCC2)C(=O)O,1.8446669578552246,1.8446669578552246,11.06949520111084
CC(C)C[C](CC(=O)O)Cc1cnn2c1OCCC2,1.844643235206604,1.844643235206604,31.42790985107422
C[C](CCc1cnn2c1OCCC2)C(F)(F)F,1.8445119857788086,1.8445119857788086,19.79962730407715
CC(C)[C@H](C)C(=O)c1ccc([N+](=O)[O-])s1,1.8443328142166138,1.8443328142166138,6.747206687927246
C[C@@H](CC(C)(C)O)Oc1ccc2c(c1)OCCO2,1.8439210653305054,1.8439210653305054,15.693070411682129
CC(Cc1ccc(C#N)c(Cl)c1)CN1C[C@@H](C)S[C@H](C)C1,1.8438383340835571,1.8438383340835571,0.550402045249939
C[C@H](O)CCCc1cnn2c1OCCC2,1.8437474966049194,1.8437474966049194,17.18421745300293
CC[C@@H](C)CCc1ccc(C#N)c(Cl)c1,1.843692421913147,1.8436923027038574,28.129987716674805
O=[N+]([O-])c1nonc1-c1cnn2c1OCCC2,1.843682885169983,1.843682885169983,20.7370548248291
Cc1cc([N+](=O)[O-])sc1C(C)(C)C(=O)O,1.8436464071273804,1.8436464071273804,5.836174964904785
O=C1OCC[C@@]12CCN([C@H]1CCCC13OCCO3)C2,1.8434592485427856,1.8434592485427856,52.851505279541016
CC[C@@H](C)N(OC)C(=O)N1CCC[C@@](C)(O)CC1,1.8434431552886963,1.8434431552886963,2.543529510498047
Cc1cccc(-c2cc3n(n2)CCO3)n1,1.8434042930603027,1.8434042930603027,15.319005012512207
Cc1nc(-c2ccnc(F)c2F)oc1C,1.8431628942489624,1.8431628942489624,5.767169952392578
Fc1cccnc1-c1cnn2c1OCCC2,1.8431516885757446,1.8431516885757446,10.50101375579834
c1ncn(N2CCC3(CCNC3)CC2)n1,1.843092679977417,1.843092679977417,0.43074163794517517
C[C@@H](O)CCCN1CCC[C@@](C)(O)CC1,1.8430615663528442,1.8430615663528442,14.176036834716797
CC(C)(Cc1cnn2c1OCCC2)[N+](=O)[O-],1.8430471420288086,1.8430471420288086,6.825588703155518
C[C@]1(O)CCCN(ON2CC[C@@]3(CCOC3=O)C2)CC1,1.8430144786834717,1.8430144786834717,20.19422149658203
Cc1nc(N2CCc3ccccc32)oc1C,1.8428882360458374,1.8428882360458374,15.457515716552734
CS(=O)(=O)c1ccc(-n2cnc(C#N)cc2=O)s1,1.842868685722351,1.842868685722351,13.010644912719727
Cc1cc([N+](=O)[O-])sc1-c1ccnnc1C,1.8427894115447998,1.8427894115447998,5.157217502593994
CN1CC[C@@H]2[C@@H](CCCN2C(=O)C(F)(F)F)C1,1.8427612781524658,1.8427612781524658,0.5058704614639282
Cn1cnc(-c2ccc(C#N)c(Cl)c2)cc1=O,1.8426610231399536,1.8426610231399536,15.588129043579102
c1cnc2nc(Oc3cnn4c3OCCC4)nn2c1,1.8423348665237427,1.8423348665237427,11.19792652130127
C=CC[C](CO)Cc1ccc([N+](=O)[O-])s1,1.8421915769577026,1.8421915769577026,17.482406616210938
C[C]1CN([C@H]2CCCC23OCCO3)C[C@@H]1O,1.8421719074249268,1.8421719074249268,8.100711822509766
Cn1nnc2c(N3C[C@H](O)[C@@H](O)C3)ccnc21,1.8420977592468262,1.8420977592468262,9.906973838806152
Clc1ccc(-c2cc3n(n2)CCO3)nc1,1.842064619064331,1.842064619064331,19.2066650390625
O=Cc1cnc(N2CC[C@H]([C@@H]3CCOC3)C2)c(Br)c1,1.8417963981628418,1.8417963981628418,10.369843482971191
C=CC[C](CO)COc1cnn2c1OCCC2,1.8415534496307373,1.8415534496307373,23.609516143798828
O=Cc1cnc(N2CC[C@H]([C@H]3CCOC3)C2)c(Br)c1,1.8415356874465942,1.8415356874465942,9.818194389343262
C[C@H]1COCCN([C@@H]2[C]3CCO[C@@H]3C23CCC3)C1,1.8414775133132935,1.8414775133132935,35.73527526855469
C[C@H]1CN(CC(O)CC2(C#N)CCN(C)CC2)C[C@@H]1O,1.841293215751648,1.841293215751648,17.7768497467041
C[C](Cc1nc(C)n(C)n1)N1CCC(C)CC1,1.8412342071533203,1.8412342071533203,4.107398509979248
O=c1cnc2ccccc2n1-c1cnn2c1OCCC2,1.8408259153366089,1.8408259153366089,11.585246086120605
Cc1nnccc1-c1ccc(C#N)c(Cl)c1,1.8407739400863647,1.8407739400863647,25.897790908813477
CN1CCC(C#N)(N2CCC[C@H]3CN(C)CC[C@H]32)CC1,1.8406215906143188,1.8406215906143188,19.316116333007812
CC(C)(CCc1ccc(Cl)cn1)S(C)(=O)=O,1.8405179977416992,1.8405179977416992,11.555193901062012
CC[C@@](C)(CCO)c1c2c(nn1C)CCCC2,1.8404408693313599,1.8404408693313599,13.114065170288086
c1cc2c(cc1Oc1ccc3c(c1)OCCO3)OCCO2,1.8403877019882202,1.8403877019882202,24.02710723876953
c1n[nH]cc1N1CC[C@H]([C@@H]2CCOC2)C1,1.8401697874069214,1.8401697874069214,0.31206014752388
N#Cc1ccc(CCc2cnn3c2OCCC3)nc1,1.840060830116272,1.840060830116272,16.535259246826172
C#Cc1ccc(N2CCC[C@](C)(O)CC2)nc1,1.8400522470474243,1.8400522470474243,27.92829704284668
C[C@@H]1CN(C2(C#N)CCN(C)CC2)C[C@H]1O,1.8395636081695557,1.8395636081695557,14.261032104492188
CS(=O)(=O)c1ccc(CCCc2cnn3c2OCCC3)s1,1.8394241333007812,1.8394241333007812,29.189983367919922
CN1CC[C@@H]2[C@@H](CCCN2c2ccc3c(c2)OCCO3)C1,1.8392713069915771,1.8392713069915771,62.409645080566406
O=[N+]([O-])c1cnn(-c2nc3ncccn3n2)n1,1.8392436504364014,1.8392436504364014,9.462761878967285
O[C]1CN(c2c(F)ccnc2F)C[C@@H]1O,1.8390039205551147,1.8390039205551147,31.32778549194336
CS(=O)(=O)CCCCCc1ccc(C#N)c(Cl)c1,1.838899850845337,1.838899850845337,11.166043281555176
Cn1cnc([N+](=O)[O-])c1ON1CCC[C@](C)(O)CC1,1.8384668827056885,1.8384668827056885,9.32390308380127
CN1CCC(C#N)(C(=O)Nn2c(O)nnc2O)CC1,1.8383926153182983,1.8383926153182983,38.276615142822266
C=CC[C@H](C)c1ccc2c(c1)OCCO2,1.8381894826889038,1.8381894826889038,19.40625
Cc1cnc(CCc2ccc(Cl)cn2)o1,1.83817720413208,1.83817720413208,12.59931468963623
CN1CCC(C#N)([C@H]2CCCN(C)C2)CC1,1.8380062580108643,1.8380062580108643,12.436161994934082
C[C@]1(O)CCCN([C@@H]2OC[C@@H]3CCC[C@@H]32)CC1,1.8377406597137451,1.8377406597137451,9.801920890808105
CC1CCN(CCCCCN2CCC[C@@](C)(O)CC2)CC1,1.8374416828155518,1.8374416828155518,11.097356796264648
Clc1nc2nonc2nc1-c1cnn2c1OCCC2,1.837369680404663,1.837369680404663,12.24439525604248
C[C@H](CCS(C)(=O)=O)c1ccc([N+](=O)[O-])s1,1.837114691734314,1.837114691734314,0.22866509854793549
Cc1nc2ccc(-c3nncs3)cc2nc1C,1.8369134664535522,1.8369134664535522,4.08558988571167
CC[C@@H](C)N(OC)C(=O)c1ccnnc1C,1.836875319480896,1.836875319480896,30.295879364013672
C[C@@H]1CCCN([C@H]2CCCC23OCCO3)C1,1.8368468284606934,1.8368468284606934,7.547128677368164
CC(C)(C#N)Cc1cnn2c1OCCC2,1.8366124629974365,1.8366124629974365,2.2133800983428955
C[C@H]1CN(C2(C#N)CCN(C)CC2)C[C@@H]1O,1.8364194631576538,1.8364194631576538,47.24168395996094
Cc1nn(C)cc1-c1ccc([N+](=O)[O-])s1,1.8360004425048828,1.8360004425048828,1.50654137134552
C#CCCCCn1ncc([N+](=O)[O-])c1N,1.8359562158584595,1.8359562158584595,0.16445058584213257
N#Cc1ccc(-c2ccc([N+](=O)[O-])s2)o1,1.8359036445617676,1.8359036445617676,13.710639953613281
C=CC[C@H](CO)Cc1ncc(C#N)cc1C,1.8358298540115356,1.8358298540115356,7.1563191413879395
C=CC[C](CO)Cc1cnn2c1OCCC2,1.835810899734497,1.835810899734497,8.368492126464844
C[C@H]1C(=O)NCCN1CCc1cnn2c1OCCC2,1.835010051727295,1.835010051727295,15.67029094696045
c1cc2c(cc1CCc1cnn3c1OCCC3)OCCO2,1.8347675800323486,1.8347675800323486,23.10770034790039
Cn1nc2c(c1-c1ccc3c(c1)OCCO3)CCCC2,1.8347244262695312,1.8347244262695312,8.788012504577637
Cn1nnc(-c2ccc(S(C)(=O)=O)s2)n1,1.8346184492111206,1.8346184492111206,1.8860435485839844
C[C@H]1CCCN([C@H]2CCCC23OCCO3)C1,1.834537386894226,1.834537386894226,11.879068374633789
Clc1csc(-c2cnn3c2OCCC3)n1,1.8343777656555176,1.8343777656555176,13.834992408752441
C[C](C#N)Cc1ccc2c(c1)OCCO2,1.8343548774719238,1.8343548774719238,14.888786315917969
O=[N+]([O-])c1sc(Br)cc1-c1cnn2c1OCCC2,1.8343219757080078,1.8343219757080078,13.422548294067383
CS(=O)(=O)c1ccc(-n2ccc(=O)c([N+](=O)[O-])c2)s1,1.8343019485473633,1.8343019485473633,19.866104125976562
N#Cc1ccc(-c2ccc([N+](=O)[O-])s2)cc1Cl,1.834197759628296,1.834197759628296,11.139846801757812
Clc1cnc(CCCCCC[C@@H]2[C@H]3COC[C@@H]23)s1,1.8339354991912842,1.8339354991912842,3.4854514598846436
Cn1nc2c(c1Oc1cnn3c1OCCC3)CCCC2,1.8337488174438477,1.8337488174438477,42.86516571044922
c1nn2c(c1CCc1cc3n(n1)CCO3)OCCC2,1.833741545677185,1.833741545677185,20.543502807617188
CN1C[C@@H]2CN(CCc3cnn4c3OCCC4)C[C@@H]2C1,1.8336938619613647,1.8336938619613647,11.033863067626953
CC(C)[C](O)Cn1ncc([N+](=O)[O-])c1N,1.8333587646484375,1.8333587646484375,10.64163875579834
NN1C(=O)C(c2ccc3c(c2)OCCO3)SC1=S,1.8331286907196045,1.8331286907196045,26.52928924560547
C[C@H]1CN(Oc2cnn3c2OCCC3)CCN1,1.833106517791748,1.833106517791748,15.227616310119629
CC[C@@H](C)N(OC)C(=O)C1(C#N)CCC1,1.8330837488174438,1.8330837488174438,6.569552898406982
C#CCCCCn1cnn2c([N+](=O)[O-])nnc12,1.8328553438186646,1.8328553438186646,6.086854457855225
CCS(=O)(=O)C[C@H](C)CCCCS(C)(=O)=O,1.8327134847640991,1.8327134847640991,13.197322845458984
Cn1cnc([N+](=O)[O-])c1CCN1CCC[C@](C)(O)CC1,1.8325881958007812,1.8325881958007812,16.539011001586914
Cn1cnc([N+](=O)[O-])c1-c1cnn(C)c1Cl,1.8316105604171753,1.8316105604171753,20.751432418823242
CON(C)CC[C@@H]1[C]2CCO[C@@H]2C12CCC2,1.8314396142959595,1.8314396142959595,4.481384754180908
O=C1OCC[C@@]12CCN(c1noc3c1CCCC3)C2,1.831371784210205,1.831371784210205,8.057674407958984
C[C@H]1CCCN(N2CCOC[C@H](C)C2)C1,1.8313580751419067,1.8313580751419067,14.902243614196777
N#Cc1ccc(-c2c[n+]([O-])ccc2[N+](=O)[O-])cc1Cl,1.8313199281692505,1.8313199281692505,3.7514519691467285
CC(C)(C)[C](O)C(=O)N1CCC(N)CC1,1.8312890529632568,1.8312890529632568,9.001922607421875
C[C@H](Cc1cnn2c1OCCC2)C(=O)O,1.831243634223938,1.831243634223938,5.052377223968506
CC[C@@](C)(CCO)c1cnn2c1OCCC2,1.8310775756835938,1.8310775756835938,22.37396240234375
C[C@H]1CN(N2CC[C@@]3(CCOC3=O)C2)C[C@@H]1O,1.830812692642212,1.830812692642212,41.15415573120117
Cc1cnoc1N1CC[C@@H]2COC(=O)N[C@H]2C1,1.8303897380828857,1.8303897380828857,7.505632400512695
C1C[C@H]([C@H]2CCCC23OCCO3)C2(C1)OCCO2,1.8303000926971436,1.8303000926971436,12.39730167388916
CCCC[C@H](C(=O)O)N1CCC2(CCNC2)CC1,1.8301897048950195,1.8301897048950195,9.669720649719238
CC[C@@H](N)Cc1cnc2onc(C)c2c1,1.830161213874817,1.830161213874817,8.776025772094727
c1nn2c(c1C13CCCN1CCC3)OCCC2,1.829880714416504,1.829880714416504,16.37982177734375
Cc1cnc(-c2cnn3c2OCCC3)s1,1.8298622369766235,1.8298622369766235,9.552446365356445
C[C@H]1CN(c2ccc(S(C)(=O)=O)s2)C[C@@H]1O,1.829685926437378,1.829685926437378,19.984783172607422
CC[C@](C)(C#N)c1ccc(C#N)c(Cl)c1,1.8296438455581665,1.8296438455581665,20.775096893310547
Cn1cnc(OCCCc2ccc(S(C)(=O)=O)s2)cc1=O,1.8296184539794922,1.8296184539794922,14.678590774536133
CON(C)CCc1ccc(S(C)(=O)=O)s1,1.8296104669570923,1.8296104669570923,11.629731178283691
CC(C)(CCc1ccc(Cl)s1)S(C)(=O)=O,1.8295544385910034,1.8295544385910034,12.534096717834473
CN1CC[C@H]2[C@H](CCCN2C(C)(C)C)C1,1.8293499946594238,1.8293499946594238,0.043687596917152405
C[C@H](O)CCc1cnn(N2CCO[C@@H](C)C2)c1,1.8292840719223022,1.8292840719223022,0.8391475081443787
Cc1nnccc1-c1c(F)ccnc1F,1.8290581703186035,1.8290581703186035,21.520328521728516
Cn1cnc([N+](=O)[O-])c1-n1ccc(=O)c([N+](=O)[O-])c1,1.8288923501968384,1.8288923501968384,15.311285972595215
Cc1cnc(Oc2ccc(S(C)(=O)=O)s2)o1,1.828857660293579,1.828857660293579,18.74931526184082
Cc1noc(C)c1-c1c([N+](=O)[O-])nc(C)n1C,1.8287452459335327,1.8287452459335327,4.304471015930176
CCC(C)(C)C(=O)c1cc2n(n1)CCO2,1.8287410736083984,1.8287410736083984,9.711493492126465
Cc1cc(N2CC[C@H]3CCN[C@@H]3C2)c(C)nn1,1.8286564350128174,1.8286564350128174,1.6977580785751343
CN1CCC(C#N)(c2cc3n(n2)CCC3)CC1,1.8286466598510742,1.8286466598510742,5.771639823913574
C=CC[C](CO)CN1CCOC[C@H](C)C1,1.8280589580535889,1.8280589580535889,45.965538024902344
CON(C(=O)C1(C#N)CCN(C)CC1)C1CCCC1,1.8277705907821655,1.8277705907821655,33.02537536621094
C[C@]1(O)CCCN([C@@H]2[C@H]3CCO[C@@H]3C23CCC3)CC1,1.827760100364685,1.827760100364685,17.819570541381836
C[C@H]1COCCN(c2cc3n(n2)CCO3)C1,1.8277119398117065,1.8277119398117065,60.17771530151367
CC[C@H](C)N(OC)C(=O)CCCC1(C#N)CCN(C)CC1,1.827656626701355,1.827656626701355,62.21474075317383
CC(F)(F)C(=O)c1ccc(S(C)(=O)=O)s1,1.8272953033447266,1.8272953033447266,12.361135482788086
C[C@]1(O)CCCN(CCCCc2ccc([N+](=O)[O-])s2)CC1,1.8271613121032715,1.8271613121032715,14.641031265258789
Cn1ccnc1-c1cnn2c1OCCC2,1.827144742012024,1.827144742012024,8.623132705688477
CCCCC(=O)CC(O)C[C]1CCCC12OCCO2,1.8269721269607544,1.8269721269607544,15.487415313720703
O=Cc1cnc(N2CC[C@@]3(CCOC3=O)C2)c(Br)c1,1.8268375396728516,1.8268375396728516,8.44156265258789
Cc1cc(C#N)cnc1CCN1C[C](O)[C@@H](O)C1,1.8268059492111206,1.8268059492111206,10.263662338256836
CS(=O)(=O)CCCCC[C@@H]1CCNC12CCC2,1.8264062404632568,1.8264062404632568,0.8158764243125916
C[C@H]1N(CCON2CCC[C@@](C)(O)CC2)CCOC1(C)C,1.8263912200927734,1.8263912200927734,11.061059951782227
CC(CN1C[C@@H](C)[C@@H](O)C1)Cn1ncc(Cl)c(Cl)c1=O,1.826324224472046,1.826324224472046,1.3655976057052612
CC[C@@H](C)N(OC)C(=O)c1cccc(Cl)c1,1.8261677026748657,1.8261677026748657,1.4745393991470337
CC(C)CCc1c2c(nn1C)CCCC2,1.8259395360946655,1.8259395360946655,5.670027732849121
Cn1c(CCCC#N)ccc1-c1ccc2c(c1)OCCO2,1.8259040117263794,1.8259040117263794,6.5828166007995605
CN1CCC(C#N)(c2ccc(C#N)cn2)CC1,1.8252226114273071,1.8252226114273071,18.49475860595703
C[C@H]1COCCN(N2C[C@H](C)[C@@H](O)C2)C1,1.8252041339874268,1.8252041339874268,34.53559494018555
Fc1cccnc1-c1cc2n(n1)CCO2,1.8246312141418457,1.8246312141418457,18.431447982788086
Cc1noc(C)c1N1CCc2n[nH]cc2C1,1.824610710144043,1.824610710144043,7.831225872039795
CC(C)(CCn1cc(Cl)cn1)S(C)(=O)=O,1.8245923519134521,1.8245923519134521,44.22047805786133
O=[N+]([O-])c1ncc(Br)cc1N1C[C](O)[C@@H](O)C1,1.8244746923446655,1.8244746923446655,5.7752251625061035
Cn1cnc([N+](=O)[O-])c1CCCCC#N,1.8242871761322021,1.8242871761322021,13.52077865600586
Cc1nnc(-n2ncc([N+](=O)[O-])c2N)o1,1.8242859840393066,1.8242859840393066,8.466195106506348
C=CC[C@H](CO)C[C@@H]1CC(C(N)=O)=NO1,1.8241302967071533,1.8241302967071533,3.8230934143066406
Cc1nnccc1-n1ccc(=O)c([N+](=O)[O-])c1,1.8239930868148804,1.8239930868148804,8.490167617797852
CC(C)(C(=O)O)c1cnn2c1OCCC2,1.823887825012207,1.823887825012207,0.5296045541763306
C[C@]1(O)CCCN(CC[C]2CCNC2)CC1,1.8237829208374023,1.8237829208374023,16.627946853637695
c1cc2c(cc1CCc1cc3n(n1)CCO3)OCCO2,1.823222041130066,1.823222041130066,49.36701965332031
CN1CCC[C@H](c2cnn3c2OCCC3)C1,1.8230831623077393,1.8230831623077393,12.442767143249512
Cn1ncc(OCCC(C)(C)S(C)(=O)=O)c1Cl,1.8229279518127441,1.8229279518127441,12.988425254821777
N#Cc1ccc(-c2ccc(Cl)cn2)cc1Cl,1.8227423429489136,1.8227423429489136,16.343477249145508
C[C@H]1COCCN(N2C[C@H](O)[C@@H](O)C2)C1,1.8226995468139648,1.8226995468139648,18.95001983642578
Cn1nc2c(c1C1(O)COC1)CCCC2,1.8226594924926758,1.8226594924926758,8.374249458312988
Cc1cnc(-c2cnn3c2OCCC3)o1,1.8226038217544556,1.8226038217544556,15.486645698547363
C[C@H]1N(c2cc3n(n2)CCO3)CCOC1(C)C,1.8225722312927246,1.8225722312927246,12.996293067932129
Cc1nc([C@@H]2[C]3CCO[C@@H]3C23CCC3)oc1C,1.822333574295044,1.822333574295044,0.3423408567905426
Cn1cc(N2CCC[C@](C)(O)CC2)c(O)nc1=O,1.8223062753677368,1.8223062753677368,11.706459999084473
C=CC[C@H](CO)CON1CCC(C)CC1,1.8222408294677734,1.8222408294677734,21.096452713012695
CCCCC[C@@H](C)c1nc2cc(Cl)c(Cl)cc2[n+]([O-])n1,1.8222146034240723,1.8222146034240723,8.588042259216309
CC(C)C[C](CN)CC[C@@H]1CCCCO1,1.8220409154891968,1.8220409154891968,4.090604782104492
Cc1ncc(Br)n1N1CCc2ccccc21,1.8220090866088867,1.8220090866088867,40.08096694946289
N#Cc1ccc(-c2nc(Cl)cs2)cc1Cl,1.821884036064148,1.821884036064148,15.32221794128418
Clc1cccnc1-c1cnn2c1OCCC2,1.821419596672058,1.821419596672058,11.659445762634277
CS(=O)(=O)CCCCc1ccc(C#N)o1,1.8210259675979614,1.8210259675979614,8.309344291687012
CC[C@@H](C)N(OC)C(=O)c1ccc(Cl)nc1,1.8209517002105713,1.8209517002105713,7.293709754943848
CCC[C@@H](N)Cc1cc2cccnc2s1,1.8209096193313599,1.8209096193313599,9.396852493286133
Cc1cc(C#N)cnc1-c1c(F)ccnc1F,1.8206218481063843,1.8206218481063843,6.085684776306152
C[C]1C[C@@H](O)CN(c2cc(C=O)ccc2C)C1,1.8205294609069824,1.8205294609069824,2.32997465133667
CC[C@@H](Cc1cnn2c1OCCC2)C(=O)O,1.8203295469284058,1.8203295469284058,13.775793075561523
Cc1noc(C)c1-c1nc2nonc2nc1Br,1.8199758529663086,1.8199758529663086,2.6947996616363525
N#Cc1cc(=O)n(CCc2cnn3c2OCCC3)cn1,1.8199653625488281,1.8199653625488281,11.192120552062988
C#CCCCCc1ccc(C#N)c(Cl)c1,1.819798469543457,1.819798469543457,27.88378143310547
C#CCCCCc1c([N+](=O)[O-])ncn1C,1.8195784091949463,1.8195784091949463,40.11532211303711
CS(=O)(=O)CCCCc1ccc([N+](=O)[O-])o1,1.8194950819015503,1.8194950819015503,14.143109321594238
C=CC[C@H](CO)C[C@H](CCCC)C(=O)O,1.8194736242294312,1.8194736242294312,13.902487754821777
CN1CCC(C#N)(N2C[C@H]3CCC[C@@H](C3)C2)CC1,1.8193840980529785,1.8193840980529785,25.309616088867188
CC(Cc1cnn2c1OCCC2)CN1CCC[C@@H](C#N)C1,1.8193734884262085,1.8193734884262085,13.702188491821289
C[C@@H](CC(C)(C)O)c1cnn2c1OCCC2,1.819171667098999,1.819171667098999,12.111895561218262
Cc1ccc(-c2ncc(Cl)nc2Cl)nn1,1.819148302078247,1.819148302078247,1.9744513034820557
Cn1ncc(-c2cnn3c2OCCC3)n1,1.8190256357192993,1.8190256357192993,8.375999450683594
Cc1nonc1-c1ccc(S(C)(=O)=O)s1,1.8189901113510132,1.8189901113510132,13.970292091369629
C[C@H]1CN(N2CCC[C@H]3CN(C)CC[C@H]32)C[C@@H]1O,1.8184503316879272,1.8184503316879272,16.0926570892334
C[C@]1(O)CCCN([C@H]2CCNC23CCC3)CC1,1.8182215690612793,1.8182215690612793,47.09185791015625
Clc1cnc(-c2cnn3c2OCCC3)cn1,1.8182176351547241,1.8182176351547241,20.10451889038086
CN1CC[C@@]2(CCN(n3cnc([N+](=O)[O-])c3[N+](=O)[O-])C2)C1,1.818204402923584,1.818204402923584,3.0660135746002197
Cn1cc([N+](=O)[O-])c(CCc2nonc2[N+](=O)[O-])n1,1.8181912899017334,1.8181912899017334,8.250941276550293
Oc1ncccc1-c1cnn2c1OCCC2,1.8181732892990112,1.8181732892990112,8.448042869567871
Cn1cnc([N+](=O)[O-])c1-c1cc2n(n1)CCO2,1.8181596994400024,1.8181596994400024,31.473217010498047
O=[N+]([O-])c1ccc(N2C[C@H](O)[C@@H](O)C2)s1,1.818081021308899,1.8180811405181885,15.153420448303223
CN1CCC(C#N)(C(=O)C2(C#N)CCN(C)CC2)CC1,1.8179816007614136,1.8179816007614136,50.331298828125
N#Cc1ccc(-n2nc([N+](=O)[O-])n3ncnc23)o1,1.817915916442871,1.817915916442871,8.014891624450684
O=Cc1nc2ccccc2n1-c1cnn2c1OCCC2,1.817622423171997,1.817622423171997,13.410396575927734
CC(C)(CCOc1cnn2c1OCCC2)S(C)(=O)=O,1.8174183368682861,1.8174183368682861,18.771228790283203
CCCCC[C@@H](C)N1CCOC[C@H](C)C1,1.8173809051513672,1.8173809051513672,35.120723724365234
Clc1cc(-c2cnn3c2OCCC3)on1,1.8173195123672485,1.8173195123672485,2.7012948989868164
Cn1ncn(-c2ccc([N+](=O)[O-])nc2)c1=O,1.8172962665557861,1.8172962665557861,1.1473166942596436
CS(=O)(=O)c1ccc(N2C[C@H]3CNC[C@H]3C2)s1,1.8172324895858765,1.8172324895858765,20.502439498901367
Cn1cnc([N+](=O)[O-])c1CCCCC(=O)O,1.817099928855896,1.817099928855896,6.587097644805908
CC1CCN(c2ccc(C#N)c(Cl)c2)CC1,1.8169599771499634,1.8169599771499634,55.05836868286133
Cc1nonc1-c1ccc(C#N)c(Cl)c1,1.8168646097183228,1.8168646097183228,23.95696449279785
c1cc2c(cc1[C@@H]1[C@H]3CCO[C@@H]3C13CCC3)OCCO2,1.8166202306747437,1.8166202306747437,13.30201244354248
O=C1CCCCN1c1ccc2c(c1)OCCO2,1.816314935684204,1.816314935684204,10.250020027160645
C[C@@H]1C[C@@H](C)N1c1cnn2c1OCCC2,1.8162561655044556,1.8162561655044556,12.430133819580078
Cc1ccc2cc(N3CCOC(C)(C)[C@H]3C)ccc2n1,1.815898060798645,1.815898060798645,2.523097038269043
Cn1nc(-c2ncccc2Cl)cc1N1CCOC1,1.8158729076385498,1.8158729076385498,9.310298919677734
Cc1cnc(CCC(C)(C)S(C)(=O)=O)o1,1.8158425092697144,1.8158425092697144,4.9778733253479
CN1CCC(C#N)(CCN2CC[C@H]([C@@H]3CCOC3)C2)CC1,1.815600872039795,1.815600872039795,60.553466796875
Cc1nnsc1-c1ccc(S(C)(=O)=O)s1,1.8153680562973022,1.8153680562973022,1.4626713991165161
c1c([C@@H]2[C@H]3CCO[C@@H]3C23CCC3)nn2c1OCC2,1.8151967525482178,1.8151967525482178,15.912797927856445
C=CC[C](CO)C[C@@H](C)CS(=O)(=O)CC,1.81512451171875,1.81512451171875,11.31229019165039
CC[C@@H](C)N(OC)C(=O)CCc1ccc([N+](=O)[O-])s1,1.8149715662002563,1.8149715662002563,13.117231369018555
CCCC[C@H](CC[C@H](C)CC)Cc1cc(C)on1,1.8148295879364014,1.8148295879364014,5.037546157836914
CC(C)(CO)c1nc2ccccc2n2nnnc12,1.81452214717865,1.8145220279693604,0.4479871988296509
CN1CCC(C#N)(OCCc2ccc(C#N)c(Cl)c2)CC1,1.8142509460449219,1.8142509460449219,32.13072967529297
C[C@H]1CN([C@@](C)(C#N)C2(C#N)CCN(C)CC2)CCO1,1.8141716718673706,1.8141716718673706,14.10836410522461
Cn1nc2c(c1CCCCS(C)(=O)=O)CCCC2,1.813809871673584,1.813809871673584,18.041418075561523
C[C@@H](C#N)C[C@@H]1CCCN1c1cc(Cl)no1,1.8137072324752808,1.8137072324752808,2.7468087673187256
CN1CCC(C#N)(c2ccccc2F)CC1,1.8133323192596436,1.8133323192596436,22.884693145751953
Cc1nc(-c2ccc(S(C)(=O)=O)nc2)oc1C,1.8133307695388794,1.8133307695388794,7.704565525054932
C[C]1CN([C@@H](C)CC(=O)[C@H]2COCCO2)CCN1,1.8132708072662354,1.8132708072662354,14.050041198730469
CON(C(=O)n1ncc([N+](=O)[O-])c1N)C(C)C,1.8131053447723389,1.8131053447723389,7.606014251708984
N#Cc1ccc(-n2ccc(=O)c([N+](=O)[O-])c2)cc1Cl,1.8130887746810913,1.8130887746810913,14.922493934631348
CN1C[C@@H]2CN([C@H]3CCCC34OCCO4)C[C@@H]2C1,1.8130359649658203,1.8130359649658203,9.793278694152832
N[C@H]1CCN(c2nccn3ccnc23)C1,1.8126674890518188,1.8126674890518188,2.6613821983337402
N#Cc1ncn(C(=O)Nn2c(O)nnc2O)n1,1.8126002550125122,1.8126003742218018,15.225391387939453
CC[C@H](C)N(OC)C(=O)N1CCOC(C)(C)[C@H]1C,1.8125717639923096,1.8125717639923096,10.959054946899414
Cc1nnccc1-c1c([N+](=O)[O-])ncn1C,1.812358021736145,1.812358021736145,14.886446952819824
Cc1ncc(Br)n1N1CCOC[C@H](C)C1,1.8121050596237183,1.8121050596237183,16.432361602783203
N#Cc1ccc(CCN2CC[C@@]3(CCOC3=O)C2)cc1Cl,1.8120402097702026,1.8120402097702026,25.163896560668945
C[S@](=O)c1cccc(-c2ccc3c(c2)OCCO3)c1,1.8119007349014282,1.8119007349014282,13.917515754699707
Cc1cc(C#N)cnc1-c1nc(C)c(C)o1,1.8116257190704346,1.8116257190704346,11.290092468261719
O=[N+]([O-])c1ncccc1-c1ccc2c(c1)OCCO2,1.811285376548767,1.811285376548767,12.481405258178711
CS(=O)(=O)CCCCc1ccc(C#N)c(Cl)c1,1.811262845993042,1.811262845993042,33.02863311767578
Cc1ncc(Br)n1CCCCS(C)(=O)=O,1.8110425472259521,1.8110425472259521,10.196752548217773
Cn1cnc(N2CCc3ccccc32)c1,1.8109631538391113,1.8109631538391113,10.93557071685791
C[C@@H](CC(C)(C)O)c1nccn2ccnc12,1.8109451532363892,1.8109451532363892,9.878043174743652
c1ccc(-c2ccc3c(c2)OCCO3)cc1,1.8104466199874878,1.8104466199874878,9.873839378356934
C[C]1CN(c2c(F)cccc2F)C[C@@H]1O,1.8101859092712402,1.8101859092712402,14.281485557556152
C[C@@H](CCC(C)(C)S(C)(=O)=O)C(F)(F)F,1.8097224235534668,1.8097224235534668,7.774189472198486
CN1CCC[C@H](CCCc2cnc(Cl)cn2)C1,1.8091330528259277,1.8091330528259277,2.2862932682037354
CC[C](C)C(=O)c1nc2ncccn2n1,1.8090462684631348,1.8090462684631348,4.090338230133057
CS(=O)(=O)c1ccc(N2CC[C@H]3CCN[C@H]3C2)s1,1.808673620223999,1.808673620223999,35.91313171386719
Oc1nnc(N2CCn3nccc3C2)o1,1.808165192604065,1.808165192604065,5.7505269050598145
C[C@H]1C(=O)NCCCN1c1ccc2c(c1)OCCO2,1.808150291442871,1.808150291442871,22.074190139770508
OC[C@H](CC(F)F)c1ccc2c(c1)OCCO2,1.8079631328582764,1.8079631328582764,11.37276554107666
O=C1OCC[C@@]12CCN(c1cnc(Cl)cc1[N+](=O)[O-])C2,1.8078951835632324,1.8078951835632324,8.863163948059082
CS(=O)(=O)CCCCCN1CC[C@H]2CCN[C@H]2C1,1.8078795671463013,1.8078795671463013,9.491837501525879
CCC(CN1CCC[C@](C)(O)CC1)[N+](=O)[O-],1.8078045845031738,1.8078045845031738,16.96562957763672
O=[N+]([O-])c1nnc2n(-c3ccc4c(c3)OCCO4)cnn12,1.807361125946045,1.807361125946045,21.038373947143555
Cn1cnc([N+](=O)[O-])c1CCc1ccc(C#N)c(Cl)c1,1.8072988986968994,1.8072988986968994,38.25275421142578
Cc1nnccc1-c1cc2n(n1)CCO2,1.806860089302063,1.806860089302063,14.495250701904297
CCCCC[C@@H](C)c1ccc2nc(C)ccc2c1,1.8064091205596924,1.8064091205596924,18.409658432006836
N#Cc1ccc(N2CC[C@H]3CCN[C@@H]3C2)o1,1.8063856363296509,1.8063856363296509,6.9406418800354
C[C@H]1COCCN(N2C[C](O)[C@@H](O)C2)C1,1.8063212633132935,1.8063212633132935,50.088340759277344
C=CC[C@H](CO)CNCNc1ncccc1F,1.8060479164123535,1.8060479164123535,2.828035831451416
CN1CCC(C#N)(c2cc(Cl)cc([N+](=O)[O-])n2)CC1,1.8059500455856323,1.8059500455856323,6.704318046569824
CCC[C@@H](N)Cc1cnn2c1OCCC2,1.8059072494506836,1.8059072494506836,8.376230239868164
Cn1nc2c(c1-c1ncc(Cl)n1C)CCCC2,1.8054999113082886,1.8054999113082886,41.92341995239258
Cc1cnc(N2CCOC(C)(C)[C@H]2C)o1,1.805031657218933,1.805031657218933,8.009357452392578
CN1CCC(C#N)(OCCc2cnn3c2OCCC3)CC1,1.804892659187317,1.804892659187317,39.402828216552734
Cc1nnc(CCc2ccnnc2C)o1,1.8048901557922363,1.8048901557922363,7.9512786865234375
CS(=O)(=O)CCCCN1C[C]2CCC[C@@H](C2)C1,1.8048597574234009,1.8048597574234009,6.761083602905273
Cc1nc(-c2ccc([N+](=O)[O-])o2)oc1C,1.8045833110809326,1.8045833110809326,10.961493492126465
Cc1nnc(CCC(C)(C)S(C)(=O)=O)o1,1.8044602870941162,1.8044602870941162,11.449934959411621
C[C@H](O)CCC[C@H]1CCCC12OCCO2,1.8043979406356812,1.8043979406356812,25.91425132751465
C[C]1C[C@H](C)CN(N2C[C@H](O)[C@@H](O)C2)C1,1.80439293384552,1.80439293384552,14.85997200012207
Cn1nc([N+](=O)[O-])n(CCC2(C#N)CC2)c1=O,1.8041173219680786,1.8041173219680786,9.61639404296875
CCS(=O)(=O)C[C@H](C)c1cc2n(n1)CCO2,1.8037636280059814,1.8037636280059814,11.843759536743164
N#Cc1ccc(-n2c(Br)nc([N+](=O)[O-])c2[N+](=O)[O-])cc1Cl,1.8036832809448242,1.8036832809448242,10.770188331604004
CON(C)C(=O)[C](C)CC[C@@H]1CCC1(C)C,1.8035117387771606,1.8035117387771606,3.1148064136505127
C[S@](=O)c1cccc(-c2cnn3c2OCCC3)c1,1.8030383586883545,1.8030383586883545,24.017099380493164
C[C@@H]1CN(c2nc(Cl)cs2)CC[C@H]1CC[C@@H](C)O,1.8029897212982178,1.8029897212982178,3.008725643157959
CC[C@@H](Cc1ccc(C#N)c(Cl)c1)C(=O)O,1.8026596307754517,1.8026596307754517,25.75994110107422
CN1CC[C@H]2CN(n3c([N+](=O)[O-])nn(C)c3=O)C[C@H]2C1,1.8021390438079834,1.8021390438079834,4.573686599731445
Nc1nonc1N1CCn2nccc2C1,1.8019909858703613,1.8019909858703613,2.50250506401062
CCC[C@@H](C[C@@H](C)CC(=O)O)OC1(C#N)CCN(C)CC1,1.8019591569900513,1.8019591569900513,12.250432014465332
C[C]1C[C@@H]([C@H]2CCOC(C)(C)C2)[C@H](C)O1,1.8019545078277588,1.8019545078277588,6.561010837554932
Cc1nc(-c2ccc([N+](=O)[O-])s2)oc1C,1.8019351959228516,1.8019351959228516,8.842367172241211
Cn1c(=O)n(C)c2cc(-c3ccc([N+](=O)[O-])s3)ccc21,1.8018792867660522,1.8018792867660522,11.873302459716797
N#Cc1cc(=O)n(-n2ncc([N+](=O)[O-])c2N)cn1,1.8018778562545776,1.8018778562545776,15.686893463134766
OCCCCCCCCn1cnc(-c2ccc(Cl)nc2)c1,1.801568627357483,1.801568627357483,6.278235912322998
O=C(C1=NN2CCCN=C2N1)c1ccc2c(c1)OCCO2,1.8015543222427368,1.8015543222427368,16.688982009887695
C[C@]1(O)CCCN(ON2CCC[C@](C)(O)CC2)CC1,1.8015334606170654,1.8015334606170654,24.01535415649414
CC1CCN(c2oncc2N2CCC[C@@H](C)C2)CC1,1.8014055490493774,1.8014055490493774,2.789644241333008
CCC(=O)[C@@H](C)c1c(C(=O)C(C)(C)CC)noc1C,1.8012430667877197,1.8012430667877197,4.726269245147705
Cn1cnc(-c2cnn3c2OCCC3)n1,1.8008900880813599,1.8008900880813599,13.077916145324707
CCS(=O)(=O)C[C@H](C)c1nonc1[N+](=O)[O-],1.800718903541565,1.800718903541565,12.251106262207031
CCS(=O)(=O)C[C@@H](C)c1nc(C)c(C)o1,1.8002032041549683,1.8002032041549683,10.704843521118164
Clc1nnc(N2CC[C@H]([C@@H]3CCOC3)C2)nn1,1.8001152276992798,1.8001152276992798,8.508516311645508
C[C@]1(O)CCCN(c2ncc(C=O)cc2Br)CC1,1.8001015186309814,1.8001015186309814,0.9950476288795471
CN1CCC(C#N)(c2nnc(Cl)nn2)CC1,1.7999138832092285,1.7999138832092285,43.96755599975586
Cc1nnc(-c2cnn3c2OCCC3)s1,1.7999048233032227,1.7999048233032227,0.09097432345151901
C=C=CCC(C)(C)C(=O)c1ncc(Cl)n1C,1.799828290939331,1.799828290939331,5.360830307006836
Cc1nc(-c2nccn3ccnc23)oc1C,1.7997888326644897,1.7997888326644897,7.195487022399902
CONC(=O)Cc1cnn2c1OCCC2,1.7993392944335938,1.7993392944335938,14.700602531433105
C[C@H]1N(N2C[C@H](O)[C@@H](O)C2)CCOC1(C)C,1.7991255521774292,1.7991255521774292,0.9657330513000488
CC(C)(CCCCCC(=O)O)S(C)(=O)=O,1.7990760803222656,1.7990760803222656,3.3628852367401123
Cn1cnc([N+](=O)[O-])c1CNC1=NCCS1,1.7990190982818604,1.7990190982818604,11.332071304321289
Cc1nc(N2C[C]3CN(C)C[C@@H]3C2)oc1C,1.7989349365234375,1.7989349365234375,19.39813995361328
O=[N+]([O-])c1cc[n+]([O-])cc1-c1cnn2c1OCCC2,1.798319935798645,1.798319935798645,6.967050552368164
C[C@]1(O)CCCN(ON2CCC[C@@](C)(O)CC2)CC1,1.7982356548309326,1.7982356548309326,10.81047248840332
C[C]1C[C@@H]([C@H]2CCCC23OCCO3)[C@@H](C)O1,1.7976802587509155,1.7976802587509155,11.11272144317627
C[C@H](C#N)CCc1cnn2c1OCCC2,1.7975009679794312,1.7975009679794312,6.029994487762451
Cn1cnc([N+](=O)[O-])c1-c1nc(Cl)cs1,1.797408938407898,1.797408938407898,11.492433547973633
Clc1ccc(-c2cnn3c2OCCC3)cn1,1.7967511415481567,1.7967511415481567,1.344701886177063
c1nn2c(c1[C@@H]1[C@H]3CCO[C@@H]3C13CCC3)OCCC2,1.7966339588165283,1.7966339588165283,9.901719093322754
Cn1cnc([N+](=O)[O-])c1CCc1ccc2c(c1)OCCO2,1.7964251041412354,1.7964251041412354,10.817791938781738
CN1CCC(C#N)(c2ncccc2F)CC1,1.795900821685791,1.795900821685791,63.85020446777344
O=[N+]([O-])c1nonc1-c1nc2ncccn2n1,1.7958000898361206,1.7958000898361206,11.377464294433594
CC1(F)CN(Oc2ccc(S(C)(=O)=O)s2)C1,1.7954154014587402,1.7954154014587402,15.014947891235352
OC[C@@H](CC(F)F)c1ccc2c(c1)OCCO2,1.7953516244888306,1.7953516244888306,8.11929988861084
c1nn2c(c1CC[C]1CCCC13OCCO3)OCCC2,1.7952094078063965,1.7952094078063965,11.261869430541992
Cc1ncc(Br)n1N1CCCN(c2ncccc2Cl)CC1,1.7948620319366455,1.7948620319366455,11.861576080322266
Cc1nonc1CCc1cnc(N)cn1,1.79456627368927,1.79456627368927,9.76594066619873
CN1CCC(C#N)(c2cc(C=O)ccc2F)CC1,1.7938408851623535,1.7938408851623535,11.153756141662598
CC1(C)OCC[C@@H]1ON1CCc2ccccc2CC1,1.7938075065612793,1.7938075065612793,7.167469024658203
CCC(C)(C)C(=O)CCCCS(C)(=O)=O,1.793688178062439,1.793688178062439,22.55657196044922
N#Cc1ccc([C@@H]2[C@H]3CCO[C@@H]3C23CCC3)o1,1.793139100074768,1.793139100074768,7.460317611694336
C[C@]1(O)CCCN(c2nnc(Cl)nn2)CC1,1.7924654483795166,1.7924654483795166,16.89008903503418
CC[C@@H](C#N)c1ccc2c(c1)OCCO2,1.7924325466156006,1.7924325466156006,14.753057479858398
CC(C)[C](O)CCCCc1nncn1C,1.7922031879425049,1.7922031879425049,2.5501444339752197
Cc1cnc(-c2c3c(nn2C)CCCC3)o1,1.7921713590621948,1.7921713590621948,28.96748161315918
O=Cc1cnc(-c2ccc3c(c2)OCCO3)c(Br)c1,1.7920022010803223,1.7920022010803223,23.52186393737793
Cn1cc(-c2cnn3c2OCCC3)c(O)nc1=O,1.7916842699050903,1.7916842699050903,37.827518463134766
CON(C)CC[C@H](C)C[C@@H](C)c1cnn2c1OCCC2,1.791603684425354,1.791603684425354,9.814935684204102
O[C@H]1CN([C@H]2CCCC23OCCO3)C[C@@H]1O,1.7911614179611206,1.7911614179611206,7.227883815765381
O=[N+]([O-])c1cc[n+]([O-])cc1-c1nnco1,1.7907930612564087,1.7907930612564087,6.092220783233643
C[C@]1(O)CCCN(CCc2ccc(C#N)cn2)CC1,1.7906184196472168,1.7906184196472168,26.01569366455078
Cn1ncc(-c2cc(=O)n(C)cn2)c1[N+](=O)[O-],1.7902566194534302,1.7902566194534302,7.1307291984558105
Cc1nnc(-c2cnn3c2OCCC3)o1,1.7900785207748413,1.7900785207748413,19.392789840698242
CON(C)C(=O)[C@H](C)c1cccc([N+](=O)[O-])c1,1.7900729179382324,1.7900729179382324,0.7004551291465759
CC1=NO[C@H](c2nc3nonc3nc2Cl)C1,1.7898129224777222,1.7898129224777222,2.8842239379882812
O=C1OCC[C@@]12CCN(N1CCC3(CCNC3)CC1)C2,1.7896826267242432,1.7896826267242432,9.631146430969238
C#C[C@@H](c1scnc1C(=O)C(C)(C)CC)C(C)C,1.7891592979431152,1.7891592979431152,8.415555000305176
CC(C)[C](CCCCC#N)Cc1cnn2c1OCCC2,1.7883796691894531,1.7883796691894531,11.834315299987793
CC[C@@H](C)N(OC)C(=O)C(=O)C(C)(C)CC,1.788356900215149,1.788356900215149,41.121707916259766
CN1CCC(C#N)(N2CCC[C@@H](O)C2)CC1,1.7881290912628174,1.7881290912628174,11.241312980651855
CN1CCC(C#N)(CCCc2ccc(C#N)c(Cl)c2)CC1,1.7880586385726929,1.7880586385726929,46.2283935546875
CN1CC[C@@H]2[C@@H](CCCN2CCC[N+](=O)[O-])C1,1.7879700660705566,1.7879700660705566,13.29302978515625
C[C@H]1CN(N2CCC[C@](C)(O)CC2)C[C@@H]1O,1.7877448797225952,1.7877448797225952,16.415302276611328
CC[C@H](C)N(OC)C(=O)C(=O)C(C)(C)CC,1.7876683473587036,1.7876683473587036,10.466619491577148
Cc1nonc1-c1cnn2c1OCCC2,1.7871711254119873,1.7871711254119873,7.944138526916504
Cc1ccnc(-c2cc(-c3nonc3C)nn2C)n1,1.786752462387085,1.786752462387085,4.18259334564209
N#CCCCCc1ccc(C#N)c(Cl)c1,1.7863049507141113,1.7863049507141113,25.002239227294922
N#Cc1ccc(CCCc2cnn3c2OCCC3)cc1Cl,1.7862098217010498,1.7862098217010498,24.785104751586914
CON(C)CCCCc1cc2n(n1)CCO2,1.7862070798873901,1.7862070798873901,13.376206398010254
CN1CCC(C#N)(N2CC[C@H](N)C2)CC1,1.786110758781433,1.786110758781433,23.76304817199707
Cc1cc(C#N)cnc1CCc1ccc([N+](=O)[O-])s1,1.785966396331787,1.785966396331787,10.661713600158691
Cn1c(N2CC[C@H]([C@@H]3CCOC3)C2)nnc1S(C)(=O)=O,1.7855865955352783,1.7855865955352783,6.559956073760986
O=C1OCC[C@@]12CCN(O[C@H]1CCNC13CCC3)C2,1.7848187685012817,1.7848187685012817,16.782602310180664
C[C]1CN(N2CCOC[C@H](C)C2)C[C@@H]1O,1.7844064235687256,1.7844064235687256,43.00501251220703
Cn1cnc([N+](=O)[O-])c1-n1cnc(C#N)cc1=O,1.7843456268310547,1.7843456268310547,13.759889602661133
CC1CCN(c2ccnc(F)c2F)CC1,1.7843191623687744,1.7843191623687744,0.8037874102592468
CCC(C)(C)c1nccc(C#N)c1[N+](=O)[O-],1.784274697303772,1.784274697303772,0.7919459939002991
C[C@H]1COCCN(N2CCC[C@@H](C#N)C2)C1,1.7841367721557617,1.7841367721557617,15.171650886535645
C[C@]1(O)CCCN(c2cc(Br)cnc2[N+](=O)[O-])CC1,1.7839863300323486,1.7839863300323486,10.078985214233398
CCC(C)(C)C(=O)[C@H]1CCCC12OCCO2,1.7837918996810913,1.7837918996810913,30.189687728881836
Cc1cc(C#N)cnc1-c1cnn2c1OCCC2,1.783764362335205,1.783764362335205,22.88802146911621
C#CCCCC[C@@H]1CCN2CCC[C@@H]2C1,1.783493161201477,1.783493161201477,7.101215839385986
C[C@H]1CN(C(=O)C(=O)C(C)(C)C)CCO1,1.7834123373031616,1.7834123373031616,9.510189056396484
C#CCCCc1c([N+](=O)[O-])c([N+](=O)[O-])nn1C,1.783252477645874,1.783252477645874,5.636162281036377
C[C]1CN(N2CCOC[C@H](C)C2)C[C@H]1O,1.7831895351409912,1.7831895351409912,13.550492286682129
CC[C](Cc1cnn2c1OCCC2)C(=O)O,1.7831883430480957,1.7831883430480957,15.49499225616455
c1nn2c(c1Oc1cc3n(n1)CCO3)OCCC2,1.783145785331726,1.783145785331726,32.64276123046875
c1nn2c(c1CCCc1cnn3c1OCCC3)OCCC2,1.7827506065368652,1.7827506065368652,14.070603370666504
CON(C)CCC[C@H](CO)N1CC[C@@]2(CCOC2=O)C1,1.7826777696609497,1.7826777696609497,7.947566032409668
CC1=NO[C@H](c2ccc(S(C)(=O)=O)s2)C1,1.7823776006698608,1.7823776006698608,22.923084259033203
c1c(CC[C]2CCCC23OCCO3)nn2c1OCC2,1.782268762588501,1.782268762588501,15.098268508911133
Cc1nc(N2CC[C@H]3NC(=O)CC[C@@H]3C2)oc1C,1.7820496559143066,1.7820496559143066,6.943286895751953
C[C@H](c1ccc(C#N)c(Cl)c1)C(F)(F)F,1.7820156812667847,1.7820156812667847,5.79293966293335
C[C@H]1COCCN(c2ccnnc2)C1,1.7818372249603271,1.7818372249603271,13.595205307006836
C[C@]1(O)CCCN(c2ccc(F)cc2)CC1,1.7816603183746338,1.7816603183746338,12.221614837646484
c1cc2c(cc1[C@@H]1[C]3CCO[C@@H]3C13CCC3)OCCO2,1.7815275192260742,1.7815275192260742,11.84520149230957
C[C@H]1CN(c2cc3n(n2)CCO3)CCN1,1.7814048528671265,1.7814048528671265,19.613544464111328
CC[C](CN1C[C]2CN(C)C[C@@H]2C1)C(=O)O,1.7812923192977905,1.7812923192977905,8.308276176452637
Cn1c(=O)n(C)c2cc(-c3cnn4c3OCCC4)ccc21,1.7812045812606812,1.7812045812606812,28.270872116088867
C[S@](=O)[C]1CCC[C@H](CCC[C@H](O)CO)C1,1.7811123132705688,1.7811123132705688,5.491510391235352
CCC(C)(C)C(=O)n1ccc(=O)c([N+](=O)[O-])c1,1.781057357788086,1.781057357788086,11.539629936218262
Cn1cc([N+](=O)[O-])c(-c2ccc(N)nc2)n1,1.7807917594909668,1.7807917594909668,6.027246475219727
CCC(C)(C)C(=O)[C@@H]1[C@H]2CCO[C@@H]2C12CCC2,1.7807263135910034,1.7807263135910034,8.51244068145752
CN1C[C@@H]2CN(N3CC[C@@]4(CCOC4=O)C3)C[C@@H]2C1,1.7807129621505737,1.7807129621505737,22.697282791137695
CS(=O)(=O)CCCCc1c(F)ccnc1F,1.780582070350647,1.780582070350647,38.88798904418945
C[C@H]1CN(c2cc3n(n2)CCC3)CCO1,1.7805582284927368,1.7805582284927368,0.19605782628059387
C=C[C@@H]1OCCC[C@H]1N1C[C@H]2CN(C)CC[C@H]2C1,1.7801556587219238,1.7801556587219238,1.868342399597168
OC1(c2ccc3c(c2)OCCO3)COC1,1.7799415588378906,1.7799416780471802,15.747897148132324
CS(=O)(=O)c1ccc([C@H](CO)CC(F)F)s1,1.7793601751327515,1.7793601751327515,16.73064422607422
NC1CCN(n2ccc(=O)c([N+](=O)[O-])c2)CC1,1.7792519330978394,1.7792519330978394,13.265917778015137
O=C1OCC[C@@]12CCN(CCc1cnn3c1OCCC3)C2,1.7792119979858398,1.7792119979858398,50.08353042602539
Cn1ncc(-c2cc(=O)n(C)cn2)c1Cl,1.779046893119812,1.779046893119812,4.497097015380859
CC[C@H](C)N(OC)C(=O)c1ncc(Cl)n1C,1.779037594795227,1.779037594795227,11.297293663024902
CS(=O)(=O)CCOc1cnn2c1OCCC2,1.7788554430007935,1.7788554430007935,9.508502960205078
C[C@H]1CCCN(N2CCC[C@](C)(O)CC2)C1,1.7788058519363403,1.7788058519363403,28.082298278808594
Cc1nc([C@H]2CCNC23CCC3)oc1C,1.7784684896469116,1.7784684896469116,8.98962688446045
C[C@H](Cc1cnn2c1OCCC2)[N+](=O)[O-],1.7781795263290405,1.7781795263290405,6.820469856262207
Cn1nnc(-c2cnn3c2OCCC3)n1,1.778093695640564,1.778093695640564,18.60908317565918
O=[N+]([O-])c1nonc1N1CCc2ccccc2CC1,1.7780135869979858,1.7780135869979858,10.763716697692871
c1[nH]nc2c1CCN(Oc1cnn3c1OCCC3)C2,1.7776743173599243,1.7776743173599243,17.694299697875977
C[C@@H](O)CCCc1nccn2ccnc12,1.7772212028503418,1.7772212028503418,9.094902038574219
Cc1cnc(CC(C)(C)Cc2ccc3c(c2)OCO3)cn1,1.7771761417388916,1.7771761417388916,0.16956795752048492
O=C(CCN1CC(F)C1)NN1CCOC1=O,1.7769408226013184,1.7769408226013184,3.7719037532806396
C[C@@H](CCS(C)(=O)=O)c1ccc([N+](=O)[O-])o1,1.7768057584762573,1.7768057584762573,8.99985122680664
C=CC[C](CO)Cc1c(F)ccnc1F,1.7766480445861816,1.7766480445861816,61.320220947265625
O=[N+]([O-])c1nonc1-c1cc2n(n1)CCO2,1.776611089706421,1.776611089706421,6.088778972625732
Nc1cnc(-c2cc3n(n2)CCO3)cn1,1.7764486074447632,1.7764486074447632,4.336535930633545
Cc1nc2n(n1)C[C@@H](c1ccc(S(C)(=O)=O)s1)CC2,1.7763093709945679,1.7763093709945679,4.665475368499756
Cn1c(Cl)cnc1-c1snc2c(Cl)ncnc12,1.7759323120117188,1.7759323120117188,0.2987689971923828
C=CC[C](CO)Cc1ncc(C#N)cc1C,1.7758610248565674,1.7758610248565674,7.187761306762695
C[C@@H]1CCCN(N2CCC[C@](C)(O)CC2)C1,1.775795340538025,1.775795340538025,14.788912773132324
C[C@H]1N(c2nnc(Br)nn2)CCOC1(C)C,1.775769829750061,1.775769829750061,4.114583969116211
Cn1cnc([N+](=O)[O-])c1CCc1cnn2c1OCCC2,1.7753829956054688,1.7753829956054688,16.01494026184082
Cc1cc(-c2cnn(CCCCC#N)n2)cc(O)n1,1.775368094444275,1.775368094444275,12.295924186706543
C[C@]1(O)CCCN(c2ccccc2F)CC1,1.7752948999404907,1.7752948999404907,30.166959762573242
C[C@@H](O)CCCc1c([N+](=O)[O-])ncn1C,1.7751790285110474,1.7751790285110474,23.366220474243164
C[C@H]1CCCN(N2CCC[C@@](C)(O)CC2)C1,1.7751604318618774,1.7751604318618774,9.842302322387695
C[C@H](O)CCCc1nccn2ccnc12,1.7748154401779175,1.7748154401779175,9.534202575683594
CON(C)CCc1ccc(C#N)c(Cl)c1,1.7744773626327515,1.7744773626327515,12.248360633850098
C#Cc1ccc(OCCCC(=O)C(C)(C)CC)nc1,1.7743515968322754,1.774351716041565,14.484421730041504
C[C@@]1(O)CCCN(c2ccccc2F)CC1,1.7740347385406494,1.7740347385406494,8.493739128112793
Cc1nc(-c2c(F)ccnc2F)oc1C,1.7738808393478394,1.7738808393478394,23.539196014404297
Cn1nccc1-n1cc(-c2ccc3c(c2)OCCO3)cn1,1.773679494857788,1.773679494857788,6.824118137359619
NC(=O)C1=NO[C@H](CCCCC(=O)O)C1,1.7735896110534668,1.7735896110534668,3.5164167881011963
CC1CCN(C(=O)[C@@H](O)C(C)(C)C)CC1,1.7734280824661255,1.7734280824661255,8.789549827575684
C[C@H]1CCOCCN1C(=O)C(F)(F)F,1.7733268737792969,1.7733268737792969,7.753715515136719
CC[C@@H](C)N(OC)C(=O)c1nc(C)c(C)o1,1.7730263471603394,1.7730263471603394,56.89052200317383
C[C@H]1CN(N2C[C@H]3CN(C)C[C@H]3C2)CCO1,1.773003101348877,1.773003101348877,16.53913688659668
CCC(C)(C)C(=O)C[C](C#N)[C@@H]1CCCSC1,1.7729490995407104,1.7729490995407104,2.386493682861328
CCCC[C@H](C(=O)O)N1CCC[C@@](C)(O)CC1,1.7727062702178955,1.7727062702178955,2.940958023071289
Cc1cc(-c2cc([N+](=O)[O-])no2)c2cnn(C)c2n1,1.7726366519927979,1.7726366519927979,7.221531391143799
CCCC[C@H](C(=O)O)N1CCC[C@](C)(O)CC1,1.7723430395126343,1.7723430395126343,12.714591979980469
CN1C[C@@H]2CN(CCc3c([N+](=O)[O-])ncn3C)C[C@@H]2C1,1.772135615348816,1.772135615348816,14.110039710998535
CS(=O)(=O)c1ccc([C@@H]2[C@H]3CCO[C@@H]3C23CCC3)s1,1.7720693349838257,1.7720693349838257,11.679825782775879
Cn1cnc([N+](=O)[O-])c1-n1c(Br)nc([N+](=O)[O-])c1[N+](=O)[O-],1.771820306777954,1.771820306777954,14.085307121276855
CC1(C)C[C@H]([C@H]2CCCC[C@H]2O)CCO1,1.7714952230453491,1.7714952230453491,6.182247638702393
C#CC1(O)CN(N2CCC[C@](C)(O)CC2)C1,1.7714232206344604,1.7714232206344604,13.04850959777832
CS(=O)(=O)CCCCc1nc(Cl)nc(Cl)c1[N+](=O)[O-],1.7712608575820923,1.7712608575820923,7.852637767791748
CCCCCC(=O)C(C)(C)[C@H](C)C[C@@H](C)c1ccc(Cl)s1,1.7710399627685547,1.7710399627685547,0.09185247868299484
CON(C)CCN1C[C@H]2CN(C)C[C@H]2C1,1.770583152770996,1.770583152770996,13.510977745056152
O=C1OCC[C@@]12CCN(CCc1cc3n(n1)CCO3)C2,1.770535945892334,1.770535945892334,22.564090728759766
C=C(Cl)Cc1cnoc1-c1cnn2c1OCCC2,1.7704848051071167,1.7704848051071167,11.800050735473633
O=C(C(=NO)C(=O)C(F)(F)F)c1cnn2c1OCCC2,1.7702683210372925,1.7702683210372925,11.660587310791016
C[C@]1(O)CCCN(c2ccc([N+](=O)[O-])nc2)CC1,1.770048975944519,1.770048975944519,55.03348159790039
C[C@H]1COCCN(OOCCC2(C#N)CCN(C)CC2)C1,1.7699393033981323,1.7699393033981323,17.67424774169922
Cc1cc([C@@H]2[C]3CCO[C@@H]3C23CCC3)c(C)n1C,1.7699196338653564,1.7699196338653564,7.832782745361328
CC[C@H](C)N(OC)C(=O)c1nc(C)c(C)o1,1.7691150903701782,1.7691150903701782,21.41840171813965
Cc1cccc(-c2c(F)ccnc2F)n1,1.7690461874008179,1.7690461874008179,35.293888092041016
Cn1nc2c(c1[C@@H]1CCOC(C)(C)C1)CCCC2,1.76883864402771,1.76883864402771,1.8478240966796875
CON(CC(C)(C)C)C(=O)[C@@H]1CC(C(N)=O)=NO1,1.7685898542404175,1.7685898542404175,4.821508884429932
C[C@]1(O)CCCN(c2cnoc2)CC1,1.7684770822525024,1.7684770822525024,14.794315338134766
N#CCCCCc1nccn2ccnc12,1.7683682441711426,1.7683682441711426,2.1967594623565674
C[C@@]1(O)CCCN(n2ccnc2)CC1,1.7681649923324585,1.7681649923324585,7.366628646850586
CC(C)(CCN1CCOC1=O)S(C)(=O)=O,1.7679754495620728,1.7679754495620728,11.019413948059082
C[C](CC[C@@H](CN)CC(C)C)CN1CCC[C@](C)(O)CC1,1.7677940130233765,1.7677940130233765,9.725898742675781
Oc1nccc(-c2cnn3c2OCCC3)n1,1.7677812576293945,1.7677812576293945,12.898323059082031
C#Cc1ccc(-c2cnn3c2OCCC3)nc1,1.7677340507507324,1.7677340507507324,12.41382122039795
CCCCC(=O)c1ccoc1-c1nccnc1C#N,1.76766037940979,1.76766037940979,0.38591092824935913
Fc1cccc(F)c1-c1nccn2ccnc12,1.767406702041626,1.767406702041626,0.15597383677959442
CC[C@H](C)N(OC)C(=O)[C@@H]1CCCCO1,1.7672901153564453,1.7672901153564453,5.598987102508545
Cc1cccc(C2(C#N)CCN(C)CC2)n1,1.7671375274658203,1.7671375274658203,36.96152877807617
CN1CCC(C#N)(CCOc2cnn3c2OCCC3)CC1,1.767095685005188,1.767095685005188,45.72343826293945
Fc1ccnc(F)c1[C@@H]1[C@H]2CCO[C@@H]2C12CCC2,1.7668734788894653,1.7668734788894653,21.573116302490234
Cc1cccc(-n2ncc([N+](=O)[O-])c2N)n1,1.7668622732162476,1.7668622732162476,20.32883644104004
C[C@H]1COCCN(c2nnc(Cl)nn2)C1,1.7667763233184814,1.7667763233184814,16.150714874267578
CC[C@@](C)(CCO)c1c(F)ccnc1F,1.7662289142608643,1.7662289142608643,23.921833038330078
C[C@H]1CN([C@H]2CCCC23OCCO3)C[C@@H]1O,1.766088843345642,1.766088843345642,13.812740325927734
C[C]1CN(N2CCOC(C)(C)[C@H]2C)C[C@@H]1O,1.7660034894943237,1.7660034894943237,4.072736740112305
Cn1nc2c(c1-c1ccc(S(C)(=O)=O)s1)CCCC2,1.7658089399337769,1.7658089399337769,44.42624282836914
CCC(C)(C)C(=O)Oc1c(F)ccnc1F,1.7655600309371948,1.7655600309371948,39.0978889465332
C[C@H](CCC[C@H](C)O)CC(C)(C)c1cnn2c1OCCC2,1.7655433416366577,1.7655433416366577,13.180959701538086
N#Cc1cc(=O)n(-c2ccc([N+](=O)[O-])s2)cn1,1.7653523683547974,1.7653523683547974,17.83287811279297
Cn1ncc(N2C[C@H]3CNC[C@H]3C2)c1Cl,1.7653452157974243,1.7653452157974243,8.937905311584473
C#Cc1cncc(N2CCC[C@H]3CN(C)CC[C@H]32)c1,1.765267014503479,1.765267014503479,8.82372760772705
CCCCCCCCC(=O)C(=O)c1nc(C)no1,1.765104055404663,1.765104055404663,0.35777661204338074
c1cc2c(cc1[C@@H]1OC[C@@H]3CCC[C@@H]31)OCCO2,1.7650567293167114,1.7650567293167114,23.817522048950195
Cc1nc(-c2cn(C)c(=O)nc2O)oc1C,1.764897346496582,1.764897346496582,14.080464363098145
C[C@@H](CC(C)(C)O)c1nc2nonc2nc1Cl,1.7644824981689453,1.7644824981689453,6.294353485107422
Cc1cc([C@H]2CCCC23OCCO3)co1,1.7638754844665527,1.7638754844665527,7.734687805175781
C[C@H]1COCCN(N2CCNC(=O)[C@@H]2C)C1,1.763789176940918,1.763789176940918,1.4526268243789673
O=C(O)CCCCc1ccc([N+](=O)[O-])s1,1.7637717723846436,1.7637717723846436,8.083497047424316
C[C@@]1(O)CCCN(C23CC(CO2)C3)CC1,1.7635635137557983,1.7635635137557983,1.1712470054626465
C[C@H](O)C[C@@H](C)c1cnn2c1OCCC2,1.7632546424865723,1.7632546424865723,11.041342735290527
CC(C)(CCOC(F)(F)F)Cn1cnc(C#N)cc1=O,1.7631192207336426,1.7631192207336426,10.22006607055664
Fc1ccnc(F)c1[C@@H]1[C]2CCO[C@@H]2C12CCC2,1.7630894184112549,1.7630894184112549,10.461888313293457
Cc1noc(C)c1-c1ccnc(C#N)n1,1.763027548789978,1.763027548789978,7.010934352874756
CON(C(=O)c1sc([N+](=O)[O-])cc1C)C(C)C,1.7629749774932861,1.7629749774932861,6.173730850219727
Cn1ncc([C@H]2CCCC23OCCO3)c1Cl,1.7629626989364624,1.7629626989364624,37.932098388671875
Cc1cnc(-c2nn(C)cc2[N+](=O)[O-])o1,1.7622895240783691,1.7622895240783691,1.3184834718704224
Cn1cc([N+](=O)[O-])c(N2CCC(O)CC2)n1,1.762230396270752,1.762230396270752,11.030259132385254
Cc1nccnc1-c1cc2n(n1)CCO2,1.7622040510177612,1.7622040510177612,6.813979625701904
CC(Cc1cnn2c1OCCC2)([N+](=O)[O-])[N+](=O)[O-],1.7620854377746582,1.7620854377746582,10.872505187988281
Cc1nnccc1-n1cnc(C#N)cc1=O,1.7618259191513062,1.7618259191513062,13.559983253479004
CN1CCC(C#N)(c2cccc([S@](C)=O)c2)CC1,1.7615997791290283,1.7615997791290283,12.800240516662598
C[C@]1(O)CCCN(C23CC(CO2)C3)CC1,1.7614985704421997,1.7614985704421997,9.284236907958984
CCCC[C@H](C(=O)O)N1CC[C@@]2(CCOC2=O)C1,1.7612829208374023,1.7612829208374023,8.299010276794434
Cc1cc(N2CC[C@H]3CCN[C@H]3C2)cc(Cl)n1,1.7606732845306396,1.7606732845306396,1.5536855459213257
C[C]1C[C@@H](C)N1c1ncc(C#N)cc1C,1.760478138923645,1.760478138923645,4.377746105194092
Cn1c(=O)oc2cc(-c3cnn4c3OCCC4)c(F)cc21,1.760076880455017,1.760076880455017,7.043054580688477
CN1CC[C@@H]2[C@@H](CCCN2c2ccccc2F)C1,1.7599551677703857,1.7599551677703857,28.194982528686523
c1cc2ccnc(-c3cnn4c3OCCC4)c2cn1,1.759567141532898,1.759567141532898,10.126501083374023
Cc1nc(-c2c(-c3nn[nH]n3)cnn2C)oc1C,1.7591784000396729,1.7591784000396729,2.6028199195861816
N#CCCCCCCc1nccc2ccncc12,1.7591444253921509,1.7591444253921509,7.8136701583862305
O=[N+]([O-])CCCc1cnn2c1OCCC2,1.7591087818145752,1.7591087818145752,26.41493034362793
C[C@@H](O)CCCN1C[C]2CN(C)C[C@@H]2C1,1.7590923309326172,1.7590923309326172,27.006181716918945
C#CC(=O)[C@@H]1CN(CCCCC)CC1(C)C,1.7584986686706543,1.7584986686706543,1.5411896705627441
C=C(Br)Cc1cc(C(=O)[C@H](C)CC)cnc1O,1.7584096193313599,1.7584096193313599,6.416375160217285
CN1C[C@@H]2CN(N3C[C](O)[C@@H](O)C3)C[C@@H]2C1,1.7583562135696411,1.7583562135696411,14.860788345336914
O=C1OCCN1N1CC[C@@H]([C@@H]2CCOC2)C1,1.758291482925415,1.758291482925415,2.8738949298858643
NC(=O)CCCc1cnn2c1OCCC2,1.7582440376281738,1.7582440376281738,15.95297908782959
CCCCC[C@@H](C)N1CCOC(C)(C)[C@H]1C,1.7580153942108154,1.7580153942108154,7.3522233963012695
CN1CC[C@H]2[C@@H](CCCN2n2ncc([N+](=O)[O-])n2)C1,1.7579160928726196,1.7579160928726196,2.5418827533721924
O=C(c1cc(Cl)no1)[C@H]1CSc2ccccc21,1.7578963041305542,1.7578963041305542,4.413839817047119
Cc1c(-c2cc([N+](=O)[O-])on2)cnn1C,1.757760763168335,1.757760763168335,3.0162131786346436
C[C@]1(O)CCCN(n2ccc(=O)c([N+](=O)[O-])c2)CC1,1.7576078176498413,1.7576078176498413,26.130441665649414
Cc1cc(C#N)cnc1CCc1cnn2c1OCCC2,1.7571395635604858,1.7571395635604858,60.01231002807617
CC(C)CCN1CCC[C@@](C)(O)CC1,1.7571003437042236,1.7571003437042236,8.860589027404785
CCCCc1ccc2c(c1)OCCO2,1.756927251815796,1.756927251815796,3.6532695293426514
CC[C@H](C)N(OC)C(=O)c1c([N+](=O)[O-])ncn1C,1.7567130327224731,1.7567130327224731,32.49563980102539
C[C]1CCCN(CCc2ccc(C#N)c(Cl)c2)C1,1.7566418647766113,1.7566418647766113,14.89918327331543
N#Cc1ccc(S(=O)(=O)c2ncccc2Cl)s1,1.7565261125564575,1.7565261125564575,12.688976287841797
C#CCCC[C@H]1C[C@@H](CCCCC(=O)CC)C12CCC2,1.7562909126281738,1.7562909126281738,6.979974746704102
CC(C)(C)[C@@H](O)C(=O)c1ncc(C=O)cc1Br,1.7560064792633057,1.7560064792633057,5.626655101776123
C=CC[C@H](C)C1(C#N)CCN(C)CC1,1.7559367418289185,1.7559367418289185,9.051344871520996
CS(=O)(=O)CCCCNC1=NCCS1,1.7553495168685913,1.7553495168685913,6.052245140075684
C#CCCCCN1C[C]2CN(C)C[C@@H]2C1,1.7551857233047485,1.7551857233047485,12.428290367126465
CC[C](N)CN1CCC[C@](C)(O)CC1,1.7551003694534302,1.7551003694534302,11.237312316894531
CC(C)(CC[C@@H]1OC[C@@H]2CCC[C@@H]21)S(C)(=O)=O,1.7548655271530151,1.7548655271530151,11.026219367980957
CC[C@@H](Cc1c(F)ccnc1F)C(=O)O,1.754482626914978,1.754482626914978,3.9222536087036133
Cc1noc(C)c1C[C@@H](C)N1CCNC[C@H]1C,1.754211664199829,1.754211664199829,1.906133770942688
O=[N+]([O-])c1ccc(-c2cnc([N+](=O)[O-])s2)o1,1.7542062997817993,1.7542062997817993,8.146636009216309
Cn1c(Cl)cnc1-c1c(F)cccc1F,1.7539013624191284,1.7539013624191284,8.73507022857666
Cc1nnccc1CCCCS(C)(=O)=O,1.753880500793457,1.753880500793457,14.690070152282715
OC1=NC(=S)C(c2ccc3c(c2)OCCO3)S1,1.7536572217941284,1.7536572217941284,3.946305751800537
CC[C@H](CCO)c1ccc(S(C)(=O)=O)s1,1.7536423206329346,1.7536423206329346,10.676830291748047
CN1CC[C@@]2(CCN(N3CCn4nccc4C3)C2)C1,1.753610372543335,1.753610372543335,4.848898887634277
CC[C](C)CCN1CCn2nccc2C1,1.7534801959991455,1.7534801959991455,10.799822807312012
C[C@H]1CN(N2C[C@H]3CN(C)C[C@H]3C2)CCN1,1.7534528970718384,1.7534528970718384,10.98110294342041
C=C(C)[C@H](C)c1ccc(S(C)(=O)=O)s1,1.7533669471740723,1.7533669471740723,13.847335815429688
Cc1nonc1[C@H]1CCCC12OCCO2,1.7524385452270508,1.7524385452270508,10.69113826751709
O=[N+]([O-])c1ccc(N2CC[C@H]3CCN[C@H]3C2)s1,1.7522236108779907,1.7522236108779907,8.375110626220703
C[C@@H](CCCC(C)(C)S(C)(=O)=O)c1ccc(C#N)c(Cl)c1,1.7519489526748657,1.7519489526748657,6.570859432220459
CCCCC[C@@H](C)CC[C](C)Cc1nc(C)c(C)o1,1.7514771223068237,1.7514771223068237,10.044900894165039
CC(C)CCC1(C#N)CCN(C)CC1,1.7513066530227661,1.7513066530227661,6.919654369354248
Nc1cnc(-c2c(F)ccnc2F)cn1,1.7511534690856934,1.7511534690856934,13.78087329864502
C[C@@H](Cc1ccc(C#N)c(Cl)c1)C(=O)O,1.7510102987289429,1.7510102987289429,7.970185279846191
CC1CCN(c2c([N+](=O)[O-])ncn2C)CC1,1.7508411407470703,1.7508411407470703,15.71451187133789
CS(=O)(=O)c1ccc(-c2ccc(Cl)cn2)s1,1.7506712675094604,1.7506712675094604,10.324400901794434
C[C@H]1C[C@@H](O)CN(CCCn2cnc(C#N)cc2=O)C1,1.7503232955932617,1.7503232955932617,10.555889129638672
C[C@H](O)CCON1CCC[C@](C)(O)CC1,1.7501647472381592,1.7501647472381592,9.509532928466797
CC(C)[C@H](CCCCS(C)(=O)=O)C(N)=O,1.7501097917556763,1.7501097917556763,9.675694465637207
C[C]1CN(N2C[C@H]3CN(C)C[C@H]3C2)C[C@H]1O,1.7500982284545898,1.7500982284545898,9.964252471923828
Oc1cccnc1-c1cnn2c1OCCC2,1.7500145435333252,1.7500145435333252,11.224738121032715
Cc1cnc(N2C[C]3CN(C)C[C@@H]3C2)o1,1.7497551441192627,1.7497551441192627,21.94536781311035
Cc1cccc(-c2c([N+](=O)[O-])ncn2C)n1,1.7497143745422363,1.7497143745422363,23.706459045410156
C[C@]1(O)CCCN([C@@H]2[C]3CCO[C@@H]3C23CCC3)CC1,1.749320149421692,1.749320149421692,10.96108341217041
C[C](CCN1CCC(C)CC1)Cc1cc2n(n1)CCO2,1.7492324113845825,1.7492324113845825,13.294425010681152
C[C@H]1COCCN(CCCCCC2(C#N)CCN(C)CC2)C1,1.7491321563720703,1.7491321563720703,20.598773956298828
CC1CCN(c2c(F)ccnc2F)CC1,1.7489619255065918,1.7489619255065918,21.864381790161133
CN1CCC(C#N)(c2cnc(N)cn2)CC1,1.7488292455673218,1.7488292455673218,20.034778594970703
CN1CCC(C#N)(CCn2cnc(C#N)cc2=O)CC1,1.748634934425354,1.748634934425354,20.682222366333008
CC[C@@](C)(CCO)N1CCOC[C@H](C)C1,1.7486318349838257,1.7486318349838257,18.98362922668457
CN1CCC(C#N)(CCCc2ccc3c(c2)OCCO3)CC1,1.7485878467559814,1.7485878467559814,63.131072998046875
CC1(C)C[C@@H](CC(F)(F)C(F)F)CCO1,1.748515009880066,1.748515009880066,1.7228631973266602
CC[C@@H](C)N(OC)C(=O)c1c([N+](=O)[O-])ncn1C,1.7481369972229004,1.7481369972229004,10.481053352355957
O=C1OCC[C@@]12CCN(N1CC[C@@]3(CCOC3=O)C1)C2,1.747692584991455,1.747692584991455,49.94026565551758
CCCCC[C@@H](C)[C@H]1CCCN(C)C1,1.7474147081375122,1.7474147081375122,10.22549057006836
CCCC[C@@H](C[C@@H](C)Cc1cnn2c1OCCC2)C(C)=O,1.7473480701446533,1.7473480701446533,4.992542266845703
O=[N+]([O-])c1cc(-c2cscn2)ccc1Cl,1.7472678422927856,1.7472678422927856,6.313354969024658
C[C@H]1COCCN(c2ccnn2C)C1,1.7469693422317505,1.7469693422317505,11.070842742919922
Cc1ncccc1C1(C#N)CCN(C)CC1,1.7469372749328613,1.7469372749328613,47.465179443359375
Nc1cnc(-c2cnn3c2OCCC3)cn1,1.7469288110733032,1.7469288110733032,39.20276641845703
CN1CCC(C#N)(c2nnc3n2CCNC3=O)CC1,1.7468477487564087,1.7468477487564087,3.1209652423858643
C[C@H]1COCCN(N2CCO[C@@H](C)C2)C1,1.7467820644378662,1.7467820644378662,21.853139877319336
Fc1ccnc(F)c1CCCCc1ccc2c(c1)OCCO2,1.7465378046035767,1.7465378046035767,17.71384620666504
Cc1cc(CCCc2ccc(C#N)c(Cl)c2)cc(O)n1,1.7465325593948364,1.7465325593948364,10.697877883911133
C=CC[C](CO)CC1SC(=S)N(N)C1=O,1.7463589906692505,1.7463589906692505,11.836002349853516
Cn1c(Cl)cnc1CC(O)Cc1cnn2c1OCCC2,1.7462577819824219,1.7462577819824219,13.189148902893066
C[C@]1(O)CCCN(C2(n3cncn3)CCC2)CC1,1.7461986541748047,1.7461986541748047,17.313718795776367
CC1(C)OCC[C@H]1c1cnn2c1OCCC2,1.7461838722229004,1.7461838722229004,31.883012771606445
O=[N+]([O-])c1cccc(F)c1N1CC[C@@H]([C@@H]2CCOC2)C1,1.7461824417114258,1.7461824417114258,2.8577256202697754
C[C@@H]1C[C@H](C)CN(CCC[C@H](C)O)C1,1.7460330724716187,1.7460330724716187,15.760947227478027
CC(C)(CCn1nc([N+](=O)[O-])nc1CC#N)S(C)(=O)=O,1.7460286617279053,1.7460286617279053,0.06772227585315704
CC[C@H](C)Cc1ccc(S(C)(=O)=O)s1,1.7458962202072144,1.7458962202072144,5.094240665435791
CC(C)(C)C(=O)C(=O)c1ccc(S(C)(=O)=O)s1,1.7458350658416748,1.7458350658416748,4.236856460571289
Cc1cnc(S(C)(=O)=O)nc1CCCC(=O)O,1.7458120584487915,1.7458120584487915,2.7986714839935303
Fc1ccnc(F)c1N1C[C@H]2CNC[C@H]2C1,1.7455192804336548,1.7455192804336548,13.038538932800293
CCCCC[C](C)CC[C@H](C(N)=O)C(C)C,1.7453863620758057,1.7453863620758057,7.952591419219971
Cc1nc([N+](=O)[O-])c(-n2ncc(C(=O)O)c2[N+](=O)[O-])n1C,1.7452638149261475,1.7452638149261475,7.510916233062744
CC(C)(O)Cc1ccc(S(C)(=O)=O)s1,1.7452071905136108,1.7452071905136108,8.573535919189453
Clc1nnc(-c2nc3nonc3nc2Cl)nn1,1.7449920177459717,1.7449920177459717,7.205617427825928
Cc1ncsc1C1(n2cc(Cl)cn2)CCCCC1,1.7449703216552734,1.7449703216552734,2.6165409088134766
Fc1ccnc(F)c1N1CCc2ccccc21,1.7447758913040161,1.7447758913040161,21.188934326171875
CC(C)[C@H](CCC(C)(C)S(C)(=O)=O)C(N)=O,1.7445062398910522,1.7445062398910522,14.881855964660645
CS(=O)(=O)c1ccc(-c2cnc(C#N)cn2)s1,1.744054913520813,1.744054913520813,2.4218971729278564
CC(C)[C@@H](C(N)=O)N1CCOC[C@H](C)C1,1.7440487146377563,1.7440487146377563,13.526106834411621
CN1CCC(C#N)(S[C@@H]2COCCO2)CC1,1.7439591884613037,1.7439591884613037,2.519409656524658
CC[C@@H](C)C(=O)N1CC[C@H]2CCN[C@@H]2C1,1.7438701391220093,1.7438701391220093,1.3253822326660156
O=[N+]([O-])c1ccc(-c2cnn3c2OCCC3)cn1,1.7433850765228271,1.7433850765228271,10.547481536865234
Nc1ccc(-c2cnn3c2OCCC3)cn1,1.7431284189224243,1.7431284189224243,18.799671173095703
C[C@H]1N([C@@H]2OC[C@@H]3CCC[C@@H]32)CCOC1(C)C,1.7430976629257202,1.7430976629257202,8.91226863861084
CC1=NO[C@H](c2cnn3c2OCCC3)C1,1.7428034543991089,1.7428034543991089,11.179879188537598
Cc1cnoc1C(C)(C)Cc1sccc1C#N,1.7427982091903687,1.7427982091903687,3.1567556858062744
O=[N+]([O-])c1cn(-c2ncccc2O)c([N+](=O)[O-])n1,1.7426306009292603,1.7426306009292603,1.5015180110931396
C[C]1C[C@@H](c2ccc(S(C)(=O)=O)s2)[C@H](C)O1,1.7423670291900635,1.7423670291900635,7.0425705909729
CS(=O)(=O)c1ccc([C@@H]2[C]3CCO[C@@H]3C23CCC3)s1,1.7423166036605835,1.7423166036605835,23.623735427856445
CCCCCc1ccc(S(C)(=O)=O)s1,1.7422542572021484,1.7422542572021484,7.488948822021484
O=[N+]([O-])c1cncc(Br)c1-c1c(F)ccnc1F,1.742025375366211,1.742025375366211,8.945341110229492
C[C@H](O)C[C@@H](C)[C@]1(F)CCN([C@H]2CCCSC2)C1,1.7415679693222046,1.7415679693222046,1.437166690826416
CN1CCC(C#N)(CCc2c3c(nn2C)CCCC3)CC1,1.741280436515808,1.741280436515808,50.283695220947266
CN1CC[C@@H]2[C@@H](CCCN2c2ccc(C#N)c(Cl)c2)C1,1.7412192821502686,1.7412192821502686,43.72377395629883
Cc1nc([C@H](C)CCS(C)(=O)=O)oc1C,1.741211175918579,1.741211175918579,13.345290184020996
Cc1cc(-c2csc(-c3cccn3C)c2)co1,1.7412058115005493,1.7412058115005493,4.669234275817871
CC(C)[C@@H](O)CCC(=O)c1ncccc1Cl,1.7411798238754272,1.7411798238754272,4.39162540435791
C[S@](=O)c1cccc(N2CCC[C@](C)(O)CC2)c1,1.7411201000213623,1.7411201000213623,8.478673934936523
C[C@@H]1C[C@@H](N2CCC[C@H](O)CC2)[C@H](C)O1,1.7409836053848267,1.7409836053848267,1.978523850440979
C[C](CN1CCOC[C@H](C)C1)[N+](=O)[O-],1.7407515048980713,1.7407515048980713,8.12751293182373
N#CCCc1ccc2c(c1)OCCO2,1.740745186805725,1.740745186805725,17.6011962890625
C[C@H](O)CCCc1ccc(C#N)c(Cl)c1,1.7407057285308838,1.7407057285308838,20.216005325317383
CC[C@H](N)C[C@H]1CCN(CCCO)C[C@H]1C,1.7405369281768799,1.7405369281768799,2.3454034328460693
Cn1nc2c(c1-n1cnc(C#N)cc1=O)CCCC2,1.7403931617736816,1.7403931617736816,59.775367736816406
O[C@@H]1CCCC[C@@H]1O[C@@H]1OC[C@@H]2CCC[C@@H]21,1.7403910160064697,1.7403910160064697,6.94514274597168
C[C@@H]1CN(N2CC[C@H]([C@@H]3CCOC3)C2)CCO1,1.7401461601257324,1.7401461601257324,9.92385482788086
CS(=O)(=O)c1ccc(-c2nnc(Br)o2)s1,1.740090250968933,1.740090250968933,4.217156410217285
Cc1nnccc1-c1ccc([N+](=O)[O-])s1,1.7399471998214722,1.7399471998214722,9.873133659362793
C=CC[C](CO)Cc1cc(C)nc(O)c1,1.7398422956466675,1.7398422956466675,8.332351684570312
CC(C)(CN)[C@](C)(C#N)CC1(C#N)CCC1,1.7397736310958862,1.7397736310958862,7.141247272491455
C[C@H]1CN(CCCCC(=O)O)CCO1,1.7396734952926636,1.7396734952926636,13.870170593261719
CN1CCC(C#N)(CCCCc2cnn3c2OCCC3)CC1,1.7395726442337036,1.7395726442337036,15.670488357543945
Fc1ccnc(F)c1[C@H]1CCCC12OCCO2,1.739489197731018,1.739489197731018,11.743448257446289
O=C1CCN(c2cc3n(n2)CCO3)CC1,1.7392704486846924,1.7392704486846924,11.305085182189941
Cc1nnsc1-c1c([N+](=O)[O-])ncn1C,1.7391549348831177,1.7391549348831177,11.114167213439941
CCS(=O)(=O)CCC[C](O)CCc1ncccc1Cl,1.7391338348388672,1.7391338348388672,2.7804322242736816
C[C]1COCCN(CCCCCC2(C#N)CCN(C)CC2)C1,1.739038109779358,1.739038109779358,44.29711151123047
C[C@H]1COCCN(CCCCC#N)C1,1.7387691736221313,1.7387691736221313,63.5656852722168
CS(=O)(=O)CCCCN1CC[C@H]2CCN[C@H]2C1,1.7386102676391602,1.7386102676391602,13.294398307800293
CS(=O)(=O)c1ccc([C@@H]2[C]3CCO[C@H]3C23CCC3)s1,1.7382187843322754,1.7382187843322754,11.323513984680176
C[C@@]1(O)CCCN(c2nncs2)CC1,1.73811674118042,1.73811674118042,9.972540855407715
C=C(Cl)Cc1ccc2c(c1)OCCO2,1.7379815578460693,1.7379815578460693,27.08555793762207
CCCCCn1ccc(=O)c([N+](=O)[O-])c1,1.7379471063613892,1.7379471063613892,9.520049095153809
C[C@@]1(O)CCCN(CCCc2ccc3c(c2)OCCO3)CC1,1.7376227378845215,1.7376227378845215,13.723416328430176
C[C@H]1CCOCCN1c1nccc2ccncc12,1.7375544309616089,1.7375544309616089,0.421970009803772
Cc1cc(C#N)cnc1-c1ccc(C#N)c(Cl)c1,1.737447738647461,1.737447738647461,29.032583236694336
CC[C@H](C)N(OC)C(=O)c1ccc([N+](=O)[O-])s1,1.7373666763305664,1.7373666763305664,55.59452438354492
C[C@@H](CCS(C)(=O)=O)N1CCC[C@](C)(O)CC1,1.73729407787323,1.73729407787323,11.11630916595459
Cc1cnc(N2C[C@H](C)C[C@H](C)C2)o1,1.736932396888733,1.736932396888733,13.596945762634277
CC[C](CCO)Oc1ccc(S(C)(=O)=O)s1,1.736901879310608,1.736901879310608,8.701870918273926
CN1CCC(C#N)(CCCN2CC[C@@]3(CCOC3=O)C2)CC1,1.736841082572937,1.736841082572937,15.512276649475098
Cc1ccc2cc(ON3C[C](O)[C@H](C)C3)ccc2n1,1.7367913722991943,1.7367913722991943,2.051370859146118
C[C@]1(O)CCCN(CCCc2ccc3c(c2)OCCO3)CC1,1.7367902994155884,1.7367902994155884,30.142406463623047
Cc1cnc(N2CCOC[C@H](C)C2)o1,1.7365264892578125,1.7365264892578125,54.09954833984375
C[C]1CN(c2cc(C#N)ccc2[N+](=O)[O-])C[C@@H]1O,1.7359981536865234,1.7359981536865234,7.222219944000244
CC[C@@H](C)N(OC)C(=O)c1ccc([N+](=O)[O-])s1,1.7358587980270386,1.7358587980270386,42.534339904785156
Cc1ccc(C=O)cc1-c1ccc(S(C)(=O)=O)s1,1.7358382940292358,1.7358382940292358,7.990969657897949
C#CCCCC1(C#N)CCN(C)CC1,1.735593318939209,1.735593318939209,11.41111946105957
Nc1cnc(-c2c(F)cccc2F)cn1,1.7354930639266968,1.7354930639266968,0.07181800156831741
CCCN1CCCNC(=O)[C@@H]1CCCCO,1.735474705696106,1.735474705696106,4.065357208251953
CCC(=O)[C@@H](C)c1cc(C)c([N+](=O)[O-])s1,1.735317349433899,1.735317349433899,8.750737190246582
C[C@H]1C[C@@H](O)CN(CCC[C@@H](C)O)C1,1.7349499464035034,1.7349499464035034,9.37750244140625
CN1CCC(C#N)(c2ncccc2O)CC1,1.734908103942871,1.734908103942871,47.07061004638672
c1nn2c(c1CCC[C@H]1CCCC13OCCO3)OCCC2,1.7346988916397095,1.7346988916397095,23.321130752563477
Cc1nc([C@@H](C)CCS(C)(=O)=O)oc1C,1.7346209287643433,1.7346209287643433,14.620111465454102
C[C@H]1COCCN(c2nc(Cl)cs2)C1,1.7344732284545898,1.7344732284545898,59.207462310791016
CC1CCN(C(C)(C)C[C@H]2CCCC23OCCO3)CC1,1.7344565391540527,1.7344565391540527,7.876834392547607
CC(C)(C(=O)c1ccc([N+](=O)[O-])s1)c1ccc([N+](=O)[O-])s1,1.734357237815857,1.734357237815857,7.959474086761475
C[C](Cc1nnc(Cl)nn1)c1ccc(S(C)(=O)=O)s1,1.7341787815093994,1.7341787815093994,3.8106062412261963
c1cc2c(cc1[C@H]1CCCNCC1)OCCO2,1.7340878248214722,1.7340878248214722,9.385919570922852
C[C@H]1COCCN(n2cc(C3(C#N)CCN(C)CC3)cn2)C1,1.7335807085037231,1.7335807085037231,48.30862808227539
CC(C)(N)CN1CCC[C@@](C)(O)CC1,1.7334585189819336,1.7334585189819336,3.1286497116088867
CCCC[C@H](C(=O)O)N1CCOC(C)(C)[C@H]1C,1.7329314947128296,1.7329314947128296,12.428956031799316
O=[N+]([O-])c1ccc(N2CCc3ccccc32)s1,1.7329258918762207,1.7329258918762207,29.84401512145996
CC[C@@H](C)N(OC)C(=O)CCC[C@H](C)O,1.732895851135254,1.732895851135254,47.01485824584961
CC[C@@H](C)N(OC)C(=O)CCc1ccc(C#N)c(Cl)c1,1.7326229810714722,1.7326229810714722,20.460342407226562
Cc1ccnc(-c2cnn3c2OCCC3)n1,1.7320265769958496,1.7320265769958496,2.074664354324341
C[C]1C[C@@H](C)CN(C(=O)C(=NO)C(=O)C(F)(F)F)C1,1.7320131063461304,1.7320131063461304,1.0800424814224243
N#Cc1ccc([C@@H]2[C]3CCO[C@@H]3C23CCC3)o1,1.7319751977920532,1.7319751977920532,10.8081693649292
O=C(Nn1c(O)nnc1O)c1nnc(Cl)nn1,1.7318480014801025,1.7318480014801025,9.65402889251709
C[C@H]1COCCN(C[C](O)C(=O)O)C1,1.7315051555633545,1.7315051555633545,7.513764381408691
CC(F)(F)C(=O)c1cc([N+](=O)[O-])on1,1.731382966041565,1.731382966041565,0.8887804746627808
Fc1cc2nccnc2cc1-c1cnn2c1OCCC2,1.7311885356903076,1.7311885356903076,15.389787673950195
Cc1nc(-c2ccc([N+](=O)[O-])nc2)oc1C,1.7310450077056885,1.7310450077056885,20.439292907714844
CN1C[C@@H]2CN(c3ncc([N+](=O)[O-])cc3Cl)C[C@@H]2C1,1.730931282043457,1.730931282043457,1.7379558086395264
C=CCCCCCC[C]1CC12CCC2,1.7307533025741577,1.7307533025741577,3.4368345737457275
C#Cc1ccc(-c2ncc(Cl)nc2Cl)nc1,1.73069167137146,1.73069167137146,3.6375746726989746
C[C@H]1COCCN(CCC[C@@H](C)O)C1,1.7303050756454468,1.7303050756454468,36.82564926147461
C#C[C@H](c1ccc(C#N)c(Cl)c1)C(C)C,1.7299858331680298,1.7299858331680298,9.901274681091309
CC[C@@H](C)CCn1ccnc1[N+](=O)[O-],1.7298694849014282,1.7298694849014282,0.3525219261646271
C[C@H]1COCCN(CCC[C@H](C)O)C1,1.7296539545059204,1.7296539545059204,36.15515899658203
CC1(C)CO[C@H](c2cnn3c2OCCC3)C1,1.7295844554901123,1.7295844554901123,9.188182830810547
C[C@@H]1CN(NC(=S)Nc2cnn3c2OCCC3)C[C]1O,1.7294721603393555,1.7294721603393555,7.181069850921631
CC[C](C)C(=O)c1c(F)ccnc1F,1.7293832302093506,1.7293832302093506,12.679412841796875
CN1CCC[C@H](N2CCC[C@](C)(O)CC2)C1,1.7285771369934082,1.7285771369934082,7.368837833404541
CONC(=O)CN1C[C@@H](C)S[C@@H](C)C1,1.7285555601119995,1.7285555601119995,1.1010767221450806
CN1CCC(C#N)(CCN2CCc3ccccc32)CC1,1.7285172939300537,1.7285172939300537,28.36296272277832
CC(C)(CCn1ccc(=O)c([N+](=O)[O-])c1)S(C)(=O)=O,1.728310227394104,1.728310227394104,12.245413780212402
Cn1cnc([N+](=O)[O-])c1-c1nnnn1C,1.7282569408416748,1.7282569408416748,7.431590557098389
C[C@@H]1C[C@H](C)CN(N2CCC[C@H](C)C2)C1,1.7282564640045166,1.7282564640045166,8.760600090026855
CCCS(=O)(=O)[C@@H]1[C@H]2CCO[C@@H]2C12CCC2,1.7281118631362915,1.7281118631362915,1.0310163497924805
N#Cc1ccc(-c2ncc(Cl)nc2Cl)nc1,1.7279020547866821,1.7279020547866821,11.205910682678223
Fc1ccccc1-c1c(F)ccnc1F,1.7276191711425781,1.7276191711425781,3.4922797679901123
[O-][n+]1cccc(CCc2nnc(Br)nn2)c1,1.7273164987564087,1.7273164987564087,1.771791934967041
CN1CCC(C#N)(OC(=O)Nn2c(O)nnc2O)CC1,1.7270417213439941,1.7270417213439941,12.041315078735352
Fc1ccnc(F)c1-c1ccccc1Cl,1.7269545793533325,1.7269545793533325,10.63702392578125
Cc1ccccc1-c1c([N+](=O)[O-])ncn1C,1.7268285751342773,1.7268285751342773,14.018573760986328
CON(C)CCc1cnn2c1OCCC2,1.7266122102737427,1.7266122102737427,6.892068386077881
CCCC[C@@H](CCc1cc2n(n1)CCO2)C(=O)O,1.726227879524231,1.726227879524231,12.395689010620117
Cn1ncc(-c2c([N+](=O)[O-])ncn2C)n1,1.7262113094329834,1.7262113094329834,13.375495910644531
CC(C)[C@@H](C(N)=O)c1ccc(S(C)(=O)=O)s1,1.7260243892669678,1.7260243892669678,10.7181396484375
C#CCCCCCc1cccnc1[N+](=O)[O-],1.7260125875473022,1.7260125875473022,12.93062973022461
O=c1cnc2ccccc2n1N1C[C@H](O)[C@@H](O)C1,1.7259047031402588,1.7259047031402588,11.911018371582031
Cc1cc(-c2ncc(Cl)nc2Cl)c(C)n1C,1.7257633209228516,1.7257633209228516,4.966342449188232
CCC(C)(C)C(=O)c1cc([N+](=O)[O-])no1,1.7256758213043213,1.7256758213043213,0.09936121851205826
C[C@]1(O)CCCN(CCCCc2cnn3c2OCCC3)CC1,1.7254884243011475,1.7254884243011475,13.202766418457031
CC(C)(C#N)Cc1cc(F)c(O)c(F)c1,1.7252155542373657,1.7252155542373657,9.829484939575195
Cc1nnc(C[C@](C)(O)c2c([N+](=O)[O-])nc(C)n2C)s1,1.7250703573226929,1.7250703573226929,1.9746346473693848
C=CCCc1c([N+](=O)[O-])cc[n+]([O-])c1Cl,1.7249104976654053,1.7249104976654053,5.441934108734131
O=[N+]([O-])c1ccccc1-c1ncc(Cl)nc1Cl,1.724873423576355,1.724873423576355,5.7066969871521
O=C1OCC[C@@]12CCN(ON1CC[C@@]3(CCOC3=O)C1)C2,1.7246135473251343,1.7246135473251343,56.98603820800781
C[C@H]1CN(n2cnc(C#N)cc2=O)CCN1,1.7245551347732544,1.7245551347732544,3.73826265335083
O=C(O)[C](CF)CCN1CC[C@H]2CCN[C@@H]2C1,1.7244782447814941,1.7244782447814941,11.140995025634766
C#CCCCCN1CCOC[C@H](C)C1,1.724393367767334,1.724393367767334,17.918212890625
Cc1cnc(C(=O)[C@@H](O)C(C)(C)C)cn1,1.7242963314056396,1.7242963314056396,5.827404499053955
C=CCCCCc1nonc1[N+](=O)[O-],1.7240773439407349,1.7240773439407349,1.118161678314209
C[C@]1(O)CCCN(c2cccnc2[N+](=O)[O-])CC1,1.724007248878479,1.724007248878479,11.143747329711914
c1nn2c(c1[C@@H]1OC[C@@H]3CCC[C@@H]31)OCCC2,1.7239351272583008,1.7239351272583008,19.30675506591797
CCCC[C@@H](CC(=O)CC(C)(C)C)C(=O)O,1.7237789630889893,1.7237789630889893,1.0555832386016846
c1cc(-c2cnn3c2OCCC3)ccn1,1.7235397100448608,1.7235397100448608,3.4408926963806152
CC(C)[C](O)CC(=O)C(C)(C)CCCC(=O)C(=O)O,1.7234991788864136,1.7234991788864136,4.987815856933594
CCC(C)(C)N1CC[C@@]2(CCOC2=O)C1,1.723498821258545,1.723498821258545,5.065764904022217
CN1C[C]2CN(c3cc4n(n3)CCO4)C[C@H]2C1,1.7233400344848633,1.7233400344848633,7.986697673797607
CCC(C)(C)c1cnn2c1OCCC2,1.722974181175232,1.722974181175232,11.20396614074707
C[C@]1(O)CCCN([C@H](CO)CC(F)F)CC1,1.72288978099823,1.72288978099823,8.89656925201416
Cn1nnc(-c2c([N+](=O)[O-])ncn2C)n1,1.722798228263855,1.722798228263855,9.571928977966309
CC1CCN(N2CCn3nccc3C2)CC1,1.7227063179016113,1.7227063179016113,9.044055938720703
C#C[C@H](C)c1cccc2c1oc(=O)n2C,1.7225501537322998,1.7225501537322998,7.316853046417236
C=CC[C](CO)CC(=O)[C](C)c1cc2n(n1)CCO2,1.7225306034088135,1.7225306034088135,17.864032745361328
c1ccc(-c2cnn3c2OCCC3)cc1,1.7223261594772339,1.7223261594772339,20.23497200012207
C[C@]1(O)CCCN(CCCN2CC[C@@]3(CCOC3=O)C2)CC1,1.722306489944458,1.722306489944458,9.660659790039062
O=C(O)[C](O)CCCN1CCOC1=O,1.7219840288162231,1.7219840288162231,7.802681922912598
CC[C@](C)(C#N)CCCCS(C)(=O)=O,1.7218586206436157,1.7218586206436157,1.6122331619262695
CN1C[C@@H]2CN(CCCCN3CCC[C@@](C)(O)CC3)C[C@@H]2C1,1.7212624549865723,1.7212624549865723,9.55825138092041
Cn1nccc1[C@@H]1[C]2CCO[C@@H]2C12CCC2,1.7211195230484009,1.7211195230484009,8.457571983337402
CS(=O)(=O)CCCCCCCCS(C)(=O)=O,1.7210681438446045,1.7210681438446045,22.04347038269043
Cc1ncncc1CCCN1CCC[C]2CN(C)CC[C@H]21,1.721054196357727,1.721054196357727,8.432510375976562
C=CC[C](CO)CN1CCC[C@H](C)C1,1.72103750705719,1.72103750705719,2.9370498657226562
O=[N+]([O-])c1cccc(F)c1-c1cnn2c1OCCC2,1.7209696769714355,1.7209696769714355,7.728034496307373
C[C@@H](CS(=O)(=O)c1c([N+](=O)[O-])no[n+]1[O-])c1ccno1,1.7207825183868408,1.7207825183868408,1.2732253074645996
CCS(=O)(=O)CCCc1nonc1C,1.720555305480957,1.720555305480957,2.868346691131592
Clc1cc([C@@H]2CCCC23OCCO3)on1,1.7205374240875244,1.7205374240875244,7.202762126922607
c1c(CCC[C@@H]2[C@H]3CCO[C@@H]3C23CCC3)nn2c1OCC2,1.7205181121826172,1.7205181121826172,9.262699127197266
C[C]1CN(CN2CC[C@H](C)C2)C[C@H]1N,1.720459222793579,1.720459222793579,2.4212310314178467
C1C[C@H](N2CCNCC2)C2(C1)OCCO2,1.720431923866272,1.720431923866272,0.7870281338691711
C[C@H]1COCCN(c2ccc(Cl)s2)C1,1.7203757762908936,1.7203757762908936,28.300554275512695
c1nn2c(c1CC[C]1OC[C@@H]3CCC[C@H]13)OCCC2,1.720337986946106,1.720337986946106,12.558772087097168
CC(C)(CCc1cnc(N)cn1)S(C)(=O)=O,1.7202500104904175,1.7202500104904175,8.853628158569336
Cn1cnc(-c2cc(F)ccc2F)n1,1.7202467918395996,1.7202467918395996,0.6409490704536438
C[C@H]1CCOCCN1CCCCC#N,1.720119595527649,1.720119595527649,4.541987895965576
Cc1ncncc1N1CC[C@@H]2COC(=O)N[C@H]2C1,1.7200934886932373,1.7200934886932373,5.266543388366699
Clc1cc([C@H]2CCCC23OCCO3)on1,1.7200347185134888,1.7200347185134888,5.1797566413879395
C[C@]1(O)CCCN(n2cncn2)CC1,1.7200161218643188,1.7200161218643188,8.654864311218262
Cc1cc(C#N)cnc1-n1cc(Cl)cn1,1.7200074195861816,1.7200074195861816,9.50502872467041
Cc1noc(C)c1-c1ccnc(F)c1,1.71990966796875,1.71990966796875,10.952238082885742
CC(C)Cc1ccc2c(c1)OCCO2,1.7197980880737305,1.7197980880737305,9.307669639587402
CN1CCC(C#N)(N2C[C]3CNC[C@H]3C2)CC1,1.7197157144546509,1.7197157144546509,0.8986073732376099
NC1CCN(n2c(Br)nc([N+](=O)[O-])c2[N+](=O)[O-])CC1,1.7196439504623413,1.7196439504623413,11.209697723388672
CN1CCC(C#N)(CCCCC2(C#N)CCN(C)CC2)CC1,1.7194641828536987,1.7194641828536987,40.197086334228516
Cc1cc(-c2nnc(C)n2C)cc(O)n1,1.7193546295166016,1.7193546295166016,4.829517364501953
C[C@@]1(O)CCCN(C2(C#N)CCC2)CC1,1.7193224430084229,1.7193224430084229,3.330294370651245
O=C1OCC[C@@]12CCN(c1c(Br)cncc1[N+](=O)[O-])C2,1.7192491292953491,1.7192491292953491,16.467838287353516
Cc1nc(N2CCC(C)CC2)oc1C,1.7191824913024902,1.7191824913024902,10.496609687805176
CS(=O)(=O)c1ccc(-c2nc(Cl)nc(Cl)c2[N+](=O)[O-])s1,1.719106674194336,1.719106674194336,3.573845863342285
NC1(CCc2ccc3c(c2)OCCO3)CCCCC1,1.7189470529556274,1.7189470529556274,11.283242225646973
CC1(F)CN(c2ccc([N+](=O)[O-])s2)C1,1.7188395261764526,1.7188395261764526,61.03941345214844
C[C@]1(O)CCCN(C(=O)Nn2c(O)nnc2O)CC1,1.7188135385513306,1.7188135385513306,12.16116714477539
C[C@H]1C[C@@H](O)CN(CC(=O)CC(C)(C)C)C1,1.7187858819961548,1.7187858819961548,1.9578759670257568
FC(F)CN1CCc2ccccc2CC1,1.7186812162399292,1.7186812162399292,11.660823822021484
O=C(O)CCCCc1ccc(F)cc1F,1.7184666395187378,1.7184666395187378,4.122353553771973
Cc1cc(C)n(-c2cnn(-c3ccc(S(C)(=O)=O)s3)n2)n1,1.7184234857559204,1.7184234857559204,4.811046123504639
O=C(NN1CCS(=O)(=O)CC1)N1CCn2nccc2C1,1.7182387113571167,1.7182387113571167,4.73507022857666
CN1CC[C@H](N2CCC[C@](C)(O)CC2)C1,1.7181588411331177,1.7181588411331177,12.22647762298584
C[C@H]1COCCN([C@H]2CCCNCC2)C1,1.7180405855178833,1.7180405855178833,20.32653045654297
C[C@@H]1C[C@H](N2CCC[C@](C)(O)CC2)CCN1,1.717961072921753,1.717961072921753,9.199789047241211
Cn1cccc1-c1nc(Cl)ccc1F,1.7179138660430908,1.7179138660430908,4.381268501281738
N#Cc1ccc(-c2ccc(O)c(O)c2)cc1Cl,1.7177979946136475,1.7177979946136475,20.636802673339844
CC[C@@](C)(CCO)c1ccc2nonc2c1,1.7176873683929443,1.7176873683929443,0.007248681969940662
CC[C@H](C)N(OC)C(=O)C(C)(C)C(=O)O,1.7176071405410767,1.7176071405410767,5.697200775146484
O[C@H]1CN([C@@H]2[C@H]3CCO[C@@H]3C23CCC3)C[C@@H]1O,1.7174441814422607,1.7174441814422607,8.47464656829834
C[C](C(=O)c1cnc(N)cn1)C(C)C,1.7174400091171265,1.7174400091171265,4.985500812530518
Cc1cncc(N2CCC[C@@](C)(O)CC2)c1,1.717242956161499,1.717242956161499,3.9230599403381348
Cn1c(=O)oc2c([C@H]3CCCSC3)cccc21,1.7171889543533325,1.7171889543533325,0.5473488569259644
O=[N+]([O-])c1ccc(-c2ccnc3ccnn23)o1,1.7171146869659424,1.7171146869659424,7.997072696685791
Cc1nnccc1Oc1ncc(Br)cc1[N+](=O)[O-],1.717054843902588,1.717054843902588,6.159109115600586
C[C]1CCCN([C@H](CN2CCNC[C@@H]2C)C(C)C)C1,1.7168796062469482,1.7168796062469482,8.568014144897461
O=[N+]([O-])c1ccc(CC(F)(F)C(F)F)cc1[N+](=O)[O-],1.7168749570846558,1.7168749570846558,3.0492026805877686
Cn1nccc1-c1ccc([N+](=O)[O-])s1,1.7165433168411255,1.7165433168411255,11.425836563110352
CS(=O)(=O)c1ccc(CCCCCc2ccc([N+](=O)[O-])s2)s1,1.7164629697799683,1.7164629697799683,16.35893440246582
CC[C@@H](CCC(O)Cc1cc2n(n1)CCO2)C(=O)O,1.7164403200149536,1.7164403200149536,10.13349723815918
C=CCCCc1cnn2c1OCCC2,1.7163684368133545,1.7163684368133545,4.9518890380859375
Cc1cccc(N2CCO[C@@H](C)C2)n1,1.7163220643997192,1.7163220643997192,15.582762718200684
C[C](CN1CCCCC1)[C@@H]1C[C@@H](C)O[C@H]1C,1.7161924839019775,1.7161924839019775,3.799048662185669
Cc1cnc(-c2ccc(C#N)c(Cl)c2)cn1,1.7160582542419434,1.7160582542419434,8.869951248168945
Cn1ncc(N2C[C@H]3CCC[C@@H](C3)C2)n1,1.7158759832382202,1.7158759832382202,0.2938408851623535
Cc1cc(N2C[C@H]3CNC[C@H]3C2)co1,1.715678334236145,1.715678334236145,11.367597579956055
Cc1nonc1CC(O)CC[C](O)C(C)C,1.7154542207717896,1.7154542207717896,3.216090202331543
CN1CC[C@@]2(CCN([C@H](C(=O)O)C(C)(C)C)C2)C1,1.7154083251953125,1.7154083251953125,5.461975574493408
CN1CC[C@@H]2[C@@H](CCCN2c2c([N+](=O)[O-])ncn2C)C1,1.7153027057647705,1.7153027057647705,19.79180145263672
C[C@H]1CN(c2ccc([N+](=O)[O-])s2)CCN1,1.7151100635528564,1.7151100635528564,9.791691780090332
O=C1CC[C@@H]2CN(c3cnn4c3OCCC4)CC[C@H]2N1,1.7150928974151611,1.7150928974151611,10.767346382141113
Cn1c(Cl)cnc1N1C[C](O)[C@@H](O)C1,1.7149837017059326,1.7149837017059326,3.418492078781128
Cn1ncnc1-c1ccnc(F)c1F,1.7149524688720703,1.7149524688720703,4.666074752807617
N#Cc1ccc(-c2cc(C=O)ccc2F)cc1Cl,1.7141512632369995,1.7141512632369995,38.94999694824219
CCCC[C@H](C(=O)O)c1nc(C)c(C)o1,1.71383798122406,1.71383798122406,11.329852104187012
CCC(C)(C)C(=O)c1ccc(C#N)o1,1.7136914730072021,1.7136914730072021,23.607501983642578
Cn1c(=O)n(C)c2cc(-c3ccc4c(c3)OCCO4)ccc21,1.7134182453155518,1.7134182453155518,5.8220624923706055
FCCCc1ccc2c(c1)OCCO2,1.7133219242095947,1.7133219242095947,9.681456565856934
CC[C](Cc1c([N+](=O)[O-])ncn1C)C(=O)O,1.7132461071014404,1.7132461071014404,8.185818672180176
CN1CCC(C#N)(CCCOc2cnn3c2OCCC3)CC1,1.7130337953567505,1.7130337953567505,20.756235122680664
CCCOc1c2c(nn1C)CCCC2,1.7128398418426514,1.7128398418426514,9.758968353271484
CCC(=O)[C@H](C)N1CC[C@H]([C@@H]2CCOC2)C1,1.7127007246017456,1.7127007246017456,7.911815643310547
CC(C)CCn1ncc([N+](=O)[O-])c1N,1.7126493453979492,1.7126493453979492,6.285244464874268
C[C@H]1CCOCCN1c1nnn(C)n1,1.7124049663543701,1.7124049663543701,9.458995819091797
N#Cc1ccc(CCc2nc3ncccn3n2)cc1Cl,1.7120342254638672,1.7120342254638672,7.676482677459717
N#Cc1ccc(CCCS(N)(=O)=O)cc1Cl,1.71195650100708,1.71195650100708,8.745124816894531
C[C]1CN(c2ncc(Cl)n2C)C[C@H]1O,1.7118990421295166,1.7118990421295166,5.492986679077148
Cc1nonc1N1CCCOC[C@H]1C,1.7118971347808838,1.7118971347808838,9.718108177185059
Cn1cnc([N+](=O)[O-])c1-c1ccc([S@@](C)=O)cc1,1.711829423904419,1.711829423904419,3.4090044498443604
C=CCCCCCN1CCC[C@@H](C)C1,1.7117410898208618,1.7117410898208618,1.0027201175689697
CC(C)(C(=O)O)c1nccn2ccnc12,1.7116379737854004,1.7116379737854004,12.654272079467773
Cn1cnc([N+](=O)[O-])c1-c1cnc(N)cn1,1.7115103006362915,1.7115103006362915,16.730924606323242
Cc1nnsc1-c1ncc(F)cc1[N+](=O)[O-],1.7114427089691162,1.7114427089691162,8.681771278381348
Cn1cc([N+](=O)[O-])c(C(C)(C)CC(=O)n2cccn2)n1,1.711442232131958,1.711442232131958,0.3379898965358734
CC[C@@H](C)N(OC)C(=O)c1c2c(nn1C)CCCC2,1.7113643884658813,1.7113643884658813,10.016270637512207
Cc1ccc([C@@H]2CCCC23OCCO3)o1,1.7112981081008911,1.7112981081008911,5.161438465118408
Cc1cc(N2CCOC[C@@H](C)C2)n[nH]1,1.7111636400222778,1.7111636400222778,2.6112730503082275
CS(=O)(=O)c1ccc([C@H]2CCCC23OCCO3)s1,1.711155652999878,1.711155652999878,47.870426177978516
O=[N+]([O-])c1cccc(-c2cnn3c2OCCC3)c1,1.7109665870666504,1.7109665870666504,10.354046821594238
CN1C[C]2CN(N3CCC[C@@](C)(O)CC3)C[C@H]2C1,1.71095609664917,1.71095609664917,9.167603492736816
N#Cc1cc(=O)n(Oc2cnn3c2OCCC3)cn1,1.7108184099197388,1.7108184099197388,25.707477569580078
CC[C@H](C#N)CCCC(=O)[C@H](C)CC,1.7107676267623901,1.7107676267623901,4.613961219787598
O=C1OCC[C@@]12CCN(CCCc1cc3n(n1)CCO3)C2,1.7106246948242188,1.7106246948242188,29.424949645996094
CC[C](C)CCc1cnn2c1OCCC2,1.7105482816696167,1.7105482816696167,6.474937438964844
CS(=O)(=O)c1ccc(-c2cc(Br)cnc2[N+](=O)[O-])s1,1.7103632688522339,1.7103632688522339,6.392870903015137
C[C@@]1(O)CCCN(n2cnn3c([N+](=O)[O-])nnc23)CC1,1.7101901769638062,1.7101901769638062,4.645130634307861
C[C@H]1COCCN(c2ccccc2)C1,1.7100759744644165,1.7100759744644165,15.492796897888184
CS(=O)(=O)CCCCCc1ccc(F)cc1,1.710059404373169,1.710059404373169,3.5393078327178955
N#CC1(c2cc3n(n2)CCO3)CCC1,1.710047960281372,1.710047960281372,5.481316089630127
C[C]1C[C@H](C)CN(c2nnn(C)n2)C1,1.7099965810775757,1.7099965810775757,7.9942169189453125
CS(=O)(=O)c1ccc(-c2cnon2)s1,1.7099179029464722,1.7099179029464722,7.125247955322266
CON(C)CCc1nc2ncccn2n1,1.709678053855896,1.709678053855896,4.0823140144348145
Cn1ccc([C@@H]2[C]3CCO[C@H]3C23CCC3)cc1=O,1.7096577882766724,1.7096577882766724,1.406126856803894
CN1CCC(C#N)(C2(O)COC2)CC1,1.7095451354980469,1.7095451354980469,25.270326614379883
C[C@@H](CCS(C)(=O)=O)c1cnn(C)c1Cl,1.7092174291610718,1.7092174291610718,8.67647647857666
Cn1cnc([N+](=O)[O-])c1-c1cc(C=O)ccc1F,1.7092061042785645,1.7092061042785645,13.437091827392578
Cc1cc(-c2ccc(N)nc2)sc1[N+](=O)[O-],1.7091944217681885,1.7091944217681885,4.114074230194092
C#CCCCN1CCC[C@](C)(O)CC1,1.7090345621109009,1.7090345621109009,16.39716148376465
CC[C@@H](C)N(OC)C(=O)S(=O)(=O)c1cc(C)ns1,1.7090141773223877,1.7090141773223877,7.297085762023926
Cc1nc(CC(=O)c2cc(N)ccn2)cnc1Cl,1.707850456237793,1.707850456237793,1.0525202751159668
Cn1cnc([N+](=O)[O-])c1-c1ccnc(C#N)c1,1.7076419591903687,1.7076419591903687,12.155686378479004
N#Cc1ccc(N2CCc3ccccc32)cc1Cl,1.7075731754302979,1.7075731754302979,30.47960090637207
C[C@@H]1COCCCN1N1CCNC(=O)C1,1.7074096202850342,1.7074096202850342,9.971040725708008
C[C@H]1CCCCN1N1CCC[C@](C)(O)CC1,1.7071747779846191,1.7071747779846191,5.822205066680908
O=[N+]([O-])c1ccc(CCc2c(F)ccnc2F)cn1,1.7069319486618042,1.7069319486618042,15.527795791625977
Cc1nnccc1[C@@H](C)CCCCN,1.7068954706192017,1.7068954706192017,8.57298755645752
CS(=O)(=O)c1ccc(-c2ccncc2Cl)s1,1.706758737564087,1.706758737564087,10.206666946411133
Cc1ncc(Br)n1N1CCC(C)CC1,1.706593632698059,1.706593632698059,12.247815132141113
C#CCCCC[C@H](CCCC)C(=O)O,1.7065516710281372,1.7065516710281372,7.897012233734131
CCC(C)(C)C(=O)N[C@H]1CCCn2ncnc21,1.7064915895462036,1.7064915895462036,9.385051727294922
CCCCC(=O)c1ccc(S(C)(=O)=O)s1,1.7064650058746338,1.7064650058746338,14.111069679260254
O=C(O)C(=O)CCCN1CC[C@@]2(CCOC2=O)C1,1.7063782215118408,1.7063782215118408,13.365280151367188
O=[N+]([O-])c1ncc(Br)cc1-c1c(F)ccnc1F,1.706314206123352,1.706314206123352,9.756308555603027
CN1CCC(C#N)([C@@H]2CCCSC2)CC1,1.706127643585205,1.706127643585205,1.2071402072906494
CC(C)[C](O)Cc1cnn2c1OCCC2,1.7059468030929565,1.7059468030929565,13.587212562561035
Cc1nc2n(n1)C[C@@H](c1nn(CC(C)C)nc1C)CC2,1.7059226036071777,1.7059226036071777,4.897212982177734
Cc1nnccc1-c1cc(=O)n(C)cn1,1.7058829069137573,1.7058829069137573,4.40847110748291
C#CCCCCCCCCS(C)(=O)=O,1.705869436264038,1.705869436264038,7.342218399047852
Cc1cc(N2CC(C)(F)C2)c(C)nn1,1.705807089805603,1.705807089805603,4.678954124450684
CS(=O)(=O)c1ccc(CCCCc2ccc(S(C)(=O)=O)s2)s1,1.7057490348815918,1.7057490348815918,15.82380199432373
Cc1noc2ncc(CC(C)(C)N)cc12,1.7056721448898315,1.7056721448898315,4.939069747924805
CC[C](CO)c1ncsc1CC(C)(CO)CO,1.7055379152297974,1.7055379152297974,5.596512794494629
NC1CCN(c2cc([N+](=O)[O-])no2)CC1,1.705520510673523,1.705520510673523,1.2324460744857788
C[C@@H]1CN([C@@H]2OC[C@@H]3CCC[C@@H]32)CCS1,1.7054598331451416,1.7054598331451416,14.925989151000977
C[C@H]1COCCN(c2nnn(C)n2)C1,1.705031156539917,1.705031156539917,9.63563346862793
Cc1ncsc1N1CCOCC[C@@H]1C,1.7048124074935913,1.7048124074935913,0.5068987011909485
CC(C)(C#N)CC12CC3CC(CC(C3)C1)C2,1.7047955989837646,1.7047955989837646,1.5474423170089722
Oc1cncc(N2CC[C@H]3CCN[C@H]3C2)c1,1.704641342163086,1.704641342163086,7.1900529861450195
C[C@H](O)CCCN1CCc2ccccc21,1.7045056819915771,1.7045056819915771,11.741936683654785
c1cc([C@@H]2[C@H]3CCO[C@@H]3C23CCC3)n2nccc2n1,1.7044122219085693,1.7044122219085693,1.2318074703216553
Cc1nnccc1N1C[C](O)[C@@H](O)C1,1.7044103145599365,1.7044103145599365,8.46768569946289
CS(=O)(=O)c1ccc(-c2cc([N+](=O)[O-])ccc2Cl)s1,1.7038813829421997,1.7038813829421997,1.441968560218811
c1nc2n(n1)CCC[C@@H]2Nc1ccc2c(c1)OCCO2,1.7038618326187134,1.7038618326187134,14.398683547973633
Cn1cc([N+](=O)[O-])c(-c2nnc(Cl)nn2)n1,1.7035075426101685,1.7035075426101685,15.861381530761719
CS(=O)(=O)c1ccc(C2(O)COC2)s1,1.703425407409668,1.703425407409668,9.692930221557617
CS(=O)(=O)c1ccc(-c2nccn3ccnc23)s1,1.7033969163894653,1.7033969163894653,3.194772958755493
CCC(C)(C)C(=O)c1nc(C)c(C)o1,1.7032759189605713,1.7032759189605713,17.91224479675293
Cc1c([C@H]2CCNC23CCC3)cnn1C,1.7032177448272705,1.7032177448272705,14.083930015563965
C[C@H](c1ccc(C#N)o1)c1onc2ccccc12,1.7029000520706177,1.7029000520706177,1.3772101402282715
CC(C)(C#N)C[C@@H](CO)[C@@H]1CC(C(N)=O)=NO1,1.7028855085372925,1.7028855085372925,2.1642487049102783
C[C@H](C#N)c1ccc2c(c1)OCCO2,1.7027028799057007,1.7027028799057007,15.288883209228516
C[C@H]1COCCN(c2cnn(C)n2)C1,1.7024697065353394,1.7024697065353394,6.127222061157227
CN1C[C@@H]2CN(N3CCc4ccccc43)C[C@@H]2C1,1.7023892402648926,1.7023892402648926,12.548486709594727
C#C[C@@H](C)CC(C)Cc1cccc2cnccc12,1.702350378036499,1.702350378036499,2.3935506343841553
Cc1nnc(O)c([C@@H](C)C[C@H](C)O)c1C,1.7022812366485596,1.7022812366485596,2.3739986419677734
CC[C@@H](Cc1ncc(Cl)nc1Cl)C(=O)O,1.7019280195236206,1.7019280195236206,6.429131507873535
CC[C](C)CN1CC[C@H]([C@@H]2CCOC2)C1,1.7018108367919922,1.7018108367919922,4.379584789276123
CCCCCc1cnn2c1OCCC2,1.7015576362609863,1.7015576362609863,17.869001388549805
CS(=O)(=O)c1ccc(CCCCc2cnn3c2OCCC3)s1,1.7015504837036133,1.7015504837036133,14.924622535705566
CC1(C#N)CCN(N2C[C]3CCC[C@@H](C3)C2)CC1,1.7014869451522827,1.7014869451522827,1.3604446649551392
CC1CCN(CCC(C)(C)S(C)(=O)=O)CC1,1.7009741067886353,1.7009741067886353,16.361005783081055
Cc1nonc1-n1cc(C=Nn2c(S)nncc2=O)nn1,1.700967788696289,1.700967788696289,9.327035903930664
Cc1nnccc1-c1ccc([N+](=O)[O-])o1,1.7009261846542358,1.7009261846542358,11.77301025390625
C[C@H]1CN(CCc2cc3n(n2)CCO3)CCO1,1.7008248567581177,1.7008248567581177,12.39612102508545
C[C@H]1COCCN(CCCC(=O)C2(C#N)CCN(C)CC2)C1,1.7007746696472168,1.7007746696472168,15.999613761901855
O=C(O)CCCCCC1SC(O)=NC1=S,1.7007628679275513,1.7007628679275513,6.213585376739502
N#Cc1ccc(-c2nc3nonc3nc2Cl)cc1Cl,1.7007077932357788,1.7007077932357788,62.69395065307617
CCC(=O)[C@@H](C)c1c2c(nn1C)CCCC2,1.7006165981292725,1.7006165981292725,9.840463638305664
OCCCCc1cnn2c1OCCC2,1.7005271911621094,1.7005271911621094,33.27863693237305
CCCCC(=O)CC1=C(OC)C(=O)C(OC)=CC1=O,1.700351357460022,1.700351357460022,1.7028248310089111
Cc1nn(C)cc1-c1cncc(F)c1,1.7002630233764648,1.7002630233764648,6.949860572814941
CN1CC[C@H](c2cnn3c2OCCC3)C1,1.699926495552063,1.699926495552063,8.081549644470215
Fc1ccnc(F)c1-c1ncccc1Cl,1.6998997926712036,1.6998997926712036,5.936503887176514
CC[C@@H](C)Cc1cnc([C@H](CC)c2ccc(F)cn2)s1,1.6998403072357178,1.6998403072357178,6.425469398498535
C[C@H]1CN(N2CCOC(C)(C)[C@H]2C)CCO1,1.6998367309570312,1.6998367309570312,7.115499019622803
CCCCC[C@@H](C)c1ccnnc1C,1.6994924545288086,1.6994924545288086,8.396288871765137
Cc1cc(C=Nn2c(S)nnc2-c2coc(C)c2)ncn1,1.6994248628616333,1.6994248628616333,3.7651140689849854
CCCCC[C@@H](C)N1CCC(C)CC1,1.699398159980774,1.699398159980774,62.92116928100586
C[C@@H]1CN(c2ncccc2O)CCO1,1.6993564367294312,1.6993564367294312,6.391878128051758
c1cc2c(cc1CCc1ccc3c(c1)OCCO3)OCCO2,1.6993407011032104,1.6993407011032104,18.54747200012207
C[C@H]1CN(c2cnn(C)c2Cl)CCN1,1.6989606618881226,1.6989606618881226,9.887162208557129
Cc1nc(-c2ccc(Cl)cn2)oc1C,1.6987674236297607,1.6987674236297607,16.969160079956055
CCC(C)(C)C(=O)c1ccc(Cl)cn1,1.6985721588134766,1.6985721588134766,9.443768501281738
C[C@H]1CN(c2cnnc(O)c2)CCO1,1.6983810663223267,1.6983810663223267,7.8487629890441895
CCCCC[C@@H](C)c1ccccc1F,1.6982431411743164,1.6982431411743164,10.132514953613281
CN1CC[C@@H]2[C@@H](CCCN2N2CCC[C@](C)(O)CC2)C1,1.6980291604995728,1.6980291604995728,12.920053482055664
CN1CC[C@@H](c2cnn3c2OCCC3)C1,1.697797179222107,1.697797179222107,28.572959899902344
CCC([N+](=O)[O-])C1(C#N)CCN(C)CC1,1.6976311206817627,1.6976311206817627,23.27241325378418
O=C(NN1CCS(=O)(=O)CC1)c1ccc2c(c1)OCCO2,1.6974022388458252,1.6974022388458252,11.923583030700684
O=C(CCc1cnn2c1OCCC2)c1ncccc1O,1.697224497795105,1.697224497795105,11.17176628112793
C#CCCCCc1c(F)ccnc1F,1.6970549821853638,1.6970549821853638,37.40713882446289
O=[N+]([O-])c1cc(Cl)c(-c2c(F)ccnc2F)cc1[N+](=O)[O-],1.6970065832138062,1.6970065832138062,11.088356971740723
CCCCC[C@@H](C)C(=O)C(C)(C)CC,1.6969367265701294,1.6969367265701294,24.464597702026367
Cn1nc2c(c1[C@H]1CCCC13OCCO3)CCCC2,1.6967663764953613,1.6967663764953613,16.56929588317871
CC1CCN([C@@H](C)CCCCN)CC1,1.696692943572998,1.696692943572998,10.409750938415527
Cc1onc(N2CCC[C@](C)(O)CC2)c1OS(C)(=O)=O,1.6961183547973633,1.6961183547973633,11.987531661987305
NC(=O)C1=NO[C@H](c2cnn3c2OCCC3)C1,1.696053147315979,1.696053147315979,12.627127647399902
N#Cc1ccc([C@@H](CO)CC(F)F)cc1Cl,1.695934772491455,1.695934772491455,21.725723266601562
CC(C)CCc1ccc(C#N)c(Cl)c1,1.69584321975708,1.69584321975708,17.429285049438477
C[C](C(=O)CC(=O)C(C)C)c1ccc2c(c1)OCCO2,1.6956632137298584,1.6956632137298584,6.600372791290283
CN1CCC(C#N)(C(=O)NN2CCS(=O)(=O)CC2)CC1,1.6953476667404175,1.6953476667404175,19.238683700561523
c1ccc(-c2cnn3c2OCCC3)nc1,1.6953362226486206,1.6953362226486206,12.246588706970215
CC(C)(CN)c1cnn2c1OCCC2,1.695138931274414,1.695138931274414,18.775999069213867
N#Cc1ccc([C@H](CO)CC(F)F)cc1Cl,1.6950269937515259,1.6950269937515259,20.951433181762695
CN1CCC(C#N)(C(C)(C)Cc2cnn3c2OCCC3)CC1,1.6950087547302246,1.6950087547302246,53.64408493041992
Cc1nc(N2CCC(N)CC2)oc1C,1.6949912309646606,1.6949912309646606,14.628554344177246
CC[C@H](C)N(OC)C(=O)CCN1CC[C@@]2(CCOC2=O)C1,1.6949257850646973,1.6949257850646973,53.331512451171875
CC1CCN(c2ccc(C#N)o2)CC1,1.6949065923690796,1.6949065923690796,22.298677444458008
CC(C)[C@H](O)Cc1nc2nonc2nc1Cl,1.6948798894882202,1.6948798894882202,7.679728031158447
N#Cc1ccc(-c2ccc(F)cc2)cc1Cl,1.694631576538086,1.694631576538086,4.110795021057129
CN1CC[C@@H]2[C@@H](CCCN2N2CCC[C@@](C)(O)CC2)C1,1.6945418119430542,1.6945418119430542,10.740596771240234
Cc1cc(C#N)cnc1N1C[C@H](C)C[C@H](C)C1,1.6944302320480347,1.6944302320480347,7.320641994476318
C=CC[C@H](CO)CN1CCCNC(=O)[C@@H]1C,1.6942005157470703,1.6942005157470703,14.287055969238281
CON(C)C(=O)[C@H](C(=O)O)c1cnnc(Cl)c1,1.6940662860870361,1.6940662860870361,0.4710110127925873
C[C@H]1COCCN([C@@H]2CCN(C)C2)C1,1.6939537525177002,1.6939537525177002,29.8251953125
CC1CCN(N2[C]3CC[C@@H]2CN(C)CC3)CC1,1.6938737630844116,1.6938737630844116,7.407421112060547
C[C@H]1N(n2ncnc2-c2cccnn2)CCOC1(C)C,1.6938673257827759,1.6938673257827759,6.368281364440918
OC[C](O)CCCc1cc2n(n1)CCO2,1.6938250064849854,1.6938250064849854,0.8038225769996643
C=C(C)[C@H](C)c1cnn2c1OCCC2,1.6935800313949585,1.6935800313949585,12.408793449401855
CC(C)(CCCCCCc1cnn2c1OCCC2)S(C)(=O)=O,1.6934870481491089,1.6934870481491089,23.480321884155273
Cn1ncc(CCCCC(=O)O)c1Cl,1.6932783126831055,1.6932783126831055,12.920166969299316
Cn1ccnc1-n1c(=O)cnc2ccccc21,1.6932405233383179,1.6932405233383179,4.670996189117432
C[C@@H]1C[C@@H](c2ccc(S(C)(=O)=O)s2)[C@H](C)O1,1.6929987668991089,1.6929987668991089,13.555586814880371
C[C@H](O)CCCc1ccc([N+](=O)[O-])s1,1.6929935216903687,1.6929935216903687,15.075292587280273
C[C]1C[C@H](C)CN(c2ncn(C)n2)C1,1.692980170249939,1.692980170249939,14.229658126831055
Cn1cc([N+](=O)[O-])c(-c2nc(Cl)nc(Cl)c2[N+](=O)[O-])n1,1.6928060054779053,1.6928060054779053,2.1912076473236084
Cn1ncc(-c2ccncc2C#N)c1Cl,1.6924554109573364,1.6924554109573364,3.9217984676361084
CC1CCN(CCc2nncs2)CC1,1.692394495010376,1.692394495010376,14.776817321777344
Cc1nonc1-c1nccn2ccnc12,1.6923826932907104,1.6923826932907104,6.608246803283691
C[C]1C[C@@H](c2cnn3c2OCCC3)[C@H](C)O1,1.6923675537109375,1.6923675537109375,37.10438537597656
C[C@@H](O)CCCc1ccc([N+](=O)[O-])s1,1.69231116771698,1.69231116771698,23.119909286499023
Cc1ncc(Br)n1N1CCC(N)CC1,1.6923006772994995,1.6923006772994995,6.880850791931152
N#Cc1ccc(N2CCC[C@@H](C#N)C2)cc1Cl,1.6920721530914307,1.6920721530914307,10.52971363067627
Cc1nc2n(n1)C[C@H](c1ncc([N+](=O)[O-])s1)CC2,1.6920013427734375,1.6920013427734375,1.6141986846923828
C=C(Br)Cc1c([N+](=O)[O-])cc(Br)cc1[N+](=O)[O-],1.6919572353363037,1.6919572353363037,3.766653299331665
CC[C@@](C)(CCO)c1ccnc(C#N)c1,1.6917316913604736,1.6917316913604736,5.6919026374816895
N#C[C@@H]1CCCN(N2CC[C@H]([C@@H]3CCOC3)C2)C1,1.6915611028671265,1.6915611028671265,5.404272079467773
O=[N+]([O-])c1cnc(-c2cc3cccn3cn2)c(Br)c1,1.6913390159606934,1.6913390159606934,7.3274760246276855
C[C@H]1N(C(=O)[C]2CSc3ccccc32)CCOC1(C)C,1.6912357807159424,1.6912357807159424,10.095964431762695
C[C@]1(O)CCCN(CCCCc2ccc(S(C)(=O)=O)s2)CC1,1.6912026405334473,1.6912026405334473,17.523775100708008
Fc1cccnc1CCCCCc1ccc2c(c1)OCCO2,1.6911547183990479,1.6911547183990479,11.30121898651123
N#Cc1ccc(N2C[C]3CNC[C@H]3C2)o1,1.6910532712936401,1.6910532712936401,4.544036388397217
C[C@@H]1C[C@@H](c2ccc(S(C)(=O)=O)s2)[C@@H](C)O1,1.690977931022644,1.690977931022644,5.936942100524902
CN1CCC(C#N)(CCOc2c([N+](=O)[O-])ncn2C)CC1,1.6909582614898682,1.6909582614898682,24.328968048095703
O=C(O)C(=O)CCCc1ccc2c(c1)OCCO2,1.6907017230987549,1.6907017230987549,2.7409136295318604
C[C@H]1N([C@@H]2[C@H]3CCO[C@@H]3C23CCC3)CCOC1(C)C,1.6905299425125122,1.6905299425125122,3.983098030090332
CC[C@@H](CN1CCO[C@@H](C)C1)C(=O)O,1.690446376800537,1.690446376800537,11.795186042785645
Cc1cc(C#N)cnc1-c1ccc(C#N)o1,1.690401315689087,1.690401315689087,6.693371772766113
CC1CCN(c2cc([N+](=O)[O-])no2)CC1,1.6903538703918457,1.6903538703918457,10.095465660095215
CC[C@@H](C)N(OC)C(=O)CCc1cc(C)n(C)c1C,1.689951777458191,1.689951777458191,11.251466751098633
C[C@]1(O)CCCN(n2nc([N+](=O)[O-])n3ncnc23)CC1,1.6897846460342407,1.6897846460342407,10.25125503540039
C#CCCCn1nc([N+](=O)[O-])nc1[N+](=O)[O-],1.6897002458572388,1.6897002458572388,2.9732449054718018
c1cc2c(cc1CCCc1cnn3c1OCCC3)OCCO2,1.6896189451217651,1.6896189451217651,14.00412654876709
CC1=NO[C@H](c2c([N+](=O)[O-])ncn2C)C1,1.6895256042480469,1.6895256042480469,10.638599395751953
CC(C)(CC[C@H]1CCCC12OCCO2)S(C)(=O)=O,1.6893315315246582,1.6893315315246582,22.06736946105957
Cc1nnccc1-n1cnc(-c2cnn3c2OCCC3)c1,1.6891674995422363,1.6891674995422363,10.165355682373047
CCCCCN1CCOC(C)(C)[C@H]1C,1.6888723373413086,1.6888723373413086,7.914815425872803
C[C@@H](Cc1nnn(C)n1)c1c[nH]nc1O,1.6888636350631714,1.6888636350631714,1.7219903469085693
C[C@H]1CN(n2c([N+](=O)[O-])nn(C)c2=O)C[C@@H]1O,1.6886924505233765,1.6886924505233765,6.749442100524902
c1nn2c(c1CC[C@H]1CCCC13OCCO3)OCCC2,1.6886897087097168,1.6886897087097168,10.693578720092773
CC(C)C1(c2ccc(S(C)(=O)=O)s2)CCC1,1.6886502504348755,1.6886502504348755,8.336380004882812
CS(=O)(=O)c1ccc([C@@H]2CC(C(N)=O)=NO2)s1,1.688313364982605,1.688313364982605,15.281269073486328
C[C@@]1(O)CCCN(C2(O)COC2)CC1,1.6882222890853882,1.6882222890853882,8.357958793640137
O=C(CCCc1ccc2c(c1)OCCO2)c1ccc(Cl)cn1,1.68776273727417,1.68776273727417,7.17154598236084
C=CC[C](CO)CC(=O)C(C)(C)CC,1.6877052783966064,1.6877052783966064,12.374797821044922
C[C]1COCCN(CCCCCc2cnn3c2OCCC3)C1,1.6876881122589111,1.6876881122589111,19.97838020324707
C[C@H]1CN(CCC(C)(C)S(C)(=O)=O)C[C@H]1O,1.6876860857009888,1.6876860857009888,3.8692257404327393
C[C@]1(O)CCCN(C2(O)COC2)CC1,1.687484622001648,1.687484622001648,9.574172973632812
C[C@@H]1CN(NC2=NCCS2)C[C@H](C)S1,1.687445878982544,1.687445878982544,2.2827532291412354
CC[C@@H](C)N(OC)C(=O)CCn1c(Br)cnc1C,1.6874334812164307,1.6874334812164307,16.01410484313965
C[C@H]1COCCN(C(C)(C)Cc2cnn3c2OCCC3)C1,1.687373161315918,1.687373161315918,16.4306583404541
C#CCCCC1(c2cnn(C)c2C)CCCC1,1.6871559619903564,1.6871559619903564,8.315719604492188
C[C@H](CCCS(N)(=O)=O)CC(C)(C)O,1.6871501207351685,1.6871501207351685,8.350646018981934
Fc1ccnc(F)c1-c1nnc(Cl)nn1,1.687056303024292,1.687056303024292,20.134206771850586
O=CCCCc1cnn2c1OCCC2,1.6870023012161255,1.6870023012161255,13.304088592529297
CC[C@H](C)c1ccc2c(c1)OCCO2,1.686980962753296,1.686980962753296,3.6215481758117676
Nc1ccc(N2CCC3(CCNC3)CC2)cn1,1.686698079109192,1.686698079109192,2.2440292835235596
C[C@H]1COCCN([C@H](CO)CC(F)F)C1,1.6866906881332397,1.6866906881332397,17.940662384033203
C[C](CCC(=O)C(=O)C(C)(C)C)C[C@@H](C)CC(C)(C)O,1.6866388320922852,1.6866388320922852,6.02405309677124
Cc1nnccc1-c1ccc(C#N)o1,1.6861075162887573,1.6861075162887573,7.7594804763793945
Clc1ccc(-c2cnn(-c3cnn4c3OCCC4)c2)nc1,1.685978651046753,1.685978651046753,13.886834144592285
C[C@H](CF)c1ccc2c(c1)OCCO2,1.6857801675796509,1.6857801675796509,5.241318702697754
Cc1cc(-c2ccc(C#N)c(Cl)c2)c2cnn(C)c2n1,1.6855804920196533,1.6855804920196533,6.954180717468262
C[C@@H]1CNCCN1N1CC[C@@]2(CCOC2=O)C1,1.6854370832443237,1.6854370832443237,8.185169219970703
C[C@@]1(O)CCCN(n2nc([N+](=O)[O-])n3ncnc23)CC1,1.6854345798492432,1.6854345798492432,2.684123992919922
N#Cc1c(F)cc(-c2nc(=O)o[nH]2)cc1F,1.6853748559951782,1.6853748559951782,4.512400150299072
C[C@@H](C[C](O)CC[C]1COC[C@@H]1O)C(=O)C(C)(C)C(=O)O,1.6853539943695068,1.6853539943695068,4.940317153930664
CC(C)(O)CN1CCn2nccc2C1,1.6851997375488281,1.6851997375488281,0.44843217730522156
C[C](Cc1c([N+](=O)[O-])ncn1C)[N+](=O)[O-],1.6851109266281128,1.6851109266281128,16.41343116760254
Cn1ncc(-c2ccc([N+](=O)[O-])s2)n1,1.6850838661193848,1.6850838661193848,7.045755863189697
O=C(C(=NO)C(=O)C(F)(F)F)c1ccc2c(c1)OCCO2,1.684987187385559,1.684987187385559,8.903308868408203
CC[C@@H](C)c1ccc2c(c1)OCCO2,1.6849380731582642,1.6849380731582642,12.25198745727539
Cc1nonc1-c1cc(C#N)ccc1[N+](=O)[O-],1.684901475906372,1.684901475906372,4.661835193634033
C=C(Cl)C[C@@H]1[C@H]2CCO[C@@H]2C12CCC2,1.6845170259475708,1.6845170259475708,5.233617305755615
Cn1cc(-c2ccc(S(C)(=O)=O)s2)c(O)nc1=O,1.6844489574432373,1.6844489574432373,12.122272491455078
CS(=O)(=O)c1ccc(-c2c(Br)cncc2[N+](=O)[O-])s1,1.6842453479766846,1.6842453479766846,17.418743133544922
Cc1cc(-c2c([N+](=O)[O-])ncn2C)c2cnn(C)c2n1,1.6838736534118652,1.6838736534118652,13.491975784301758
CC1CCN(SN2C[C@H]3CNC[C@H]3C2)CC1,1.6838713884353638,1.6838713884353638,2.3712825775146484
Cc1cccc(-c2nc(C)c(C)o2)n1,1.6838687658309937,1.6838687658309937,11.932084083557129
Cc1nonc1CCCCS(C)(=O)=O,1.6838685274124146,1.6838685274124146,7.134754657745361
CC[C](CN1C[C](O)[C@@H](O)C1)C(=O)O,1.6836854219436646,1.6836854219436646,15.5547456741333
C[C](O)CCCN1CC(F)(F)C[C@H]1[C@@H]1CCCCO1,1.683675765991211,1.683675765991211,1.3350235223770142
CC[C@H](C)N(OC)C(=O)N1CCC(C)CC1,1.6836601495742798,1.6836601495742798,26.40856170654297
NC1CCN([C@@H](CO)c2ccc3c(c2)OCCO3)CC1,1.683624505996704,1.683624505996704,4.477658271789551
Fc1cnc(-c2nc3ncccn3n2)cn1,1.6835676431655884,1.6835676431655884,0.26020294427871704
CC[C@@H](C)N(OC)C(=O)N1CCS[C@H](C)C1,1.683529257774353,1.683529257774353,11.150691032409668
CCCCC[C](O)c1ccc(C)nn1,1.6832882165908813,1.6832882165908813,3.2716426849365234
Cn1nc2c(c1-c1cc3n(n1)CCC3)CCCC2,1.6832325458526611,1.6832325458526611,11.251029014587402
O=C(O)CCCCc1nonc1[N+](=O)[O-],1.6830490827560425,1.6830490827560425,11.231938362121582
N#CCCCCc1c(F)ccnc1F,1.683029294013977,1.683029294013977,15.059927940368652
Cc1nnccc1-c1nc(C)c(C)o1,1.68297278881073,1.68297278881073,21.107681274414062
CC[C@H](C)N(OC)C(=O)CCc1ccc2c(c1)OCCO2,1.6829063892364502,1.6829063892364502,28.622142791748047
c1ccc2c(Oc3ccc4c(c3)OCCO4)ccnc2c1,1.6828888654708862,1.6828888654708862,7.616250038146973
CC(C)C[C@H](CN)c1ccc2c(c1)OCCO2,1.6828218698501587,1.6828218698501587,11.461845397949219
CCC(C)(C)C(=O)n1c(C)csc1=O,1.682812213897705,1.682812213897705,1.1998894214630127
O=[N+]([O-])c1cccc(N2C[C]3CNC[C@H]3C2)c1,1.6825686693191528,1.6825686693191528,9.938394546508789
Cn1nc([N+](=O)[O-])c([N+](=O)[O-])c1-c1cc([N+](=O)[O-])no1,1.6822251081466675,1.6822251081466675,6.879579544067383
C[C@H]1CCOCCN1c1cn(-c2ccc(F)c(F)c2F)nn1,1.682015061378479,1.682015061378479,3.0424656867980957
CCC(C)(C)C(=O)n1c(Br)cnc1C,1.6820005178451538,1.6820005178451538,15.658042907714844
Clc1ccccc1-n1ncc(-c2cnn3c2OCCC3)n1,1.6818687915802002,1.6818687915802002,7.455288887023926
Cc1cc(S(=O)(=O)c2cnn3c2OCCC3)c([N+](=O)[O-])s1,1.6817315816879272,1.6817315816879272,17.64883804321289
Cc1noc2ncc([C@H](C)CO)cc12,1.6816644668579102,1.6816644668579102,5.450784683227539
O=[N+]([O-])c1ncccc1-c1cnn2c1OCCC2,1.6814825534820557,1.6814825534820557,8.315652847290039
O=[N+]([O-])c1cc(Br)cc(-c2cnn3c2OCCC3)c1,1.6813799142837524,1.6813799142837524,10.478055953979492
CN1C[C@@H](c2cnn3c2OCCC3)CC1=O,1.6813489198684692,1.6813489198684692,13.881743431091309
CS(=O)(=O)CN1CCCN(c2ccc3c(c2)OCCO3)CC1,1.6812533140182495,1.6812533140182495,5.0886735916137695
CCC(C)(C)C(=O)c1cn(C)c(=O)nc1O,1.6810282468795776,1.6810282468795776,10.475345611572266
CCC(C)(C)C(=O)c1ncc(Cl)n1C,1.6807259321212769,1.6807259321212769,7.536957263946533
C[C](O)Cc1ccc2c(c1)OCCO2,1.6807119846343994,1.6807119846343994,4.002735137939453
O=C1CCCCN1[C@H]1CCCC12OCCO2,1.6806650161743164,1.6806650161743164,3.785637140274048
Cn1nc([N+](=O)[O-])n(-c2cc(C=O)ccc2F)c1=O,1.6806319952011108,1.6806319952011108,7.823972225189209
C[S@@](=O)CC(=O)C1=NN2CCCN=C2N1,1.6806166172027588,1.6806166172027588,1.5429205894470215
O=C1OCC[C@@]12CCN(CCc1ccc3c(c1)OCCO3)C2,1.6803256273269653,1.6803256273269653,16.741323471069336
N#CC1(c2cnn3c2OCCC3)CC1,1.6803040504455566,1.6803040504455566,11.748769760131836
Cn1c(=O)n(C)c2cc(CCC(C)(C)S(C)(=O)=O)ccc21,1.6799376010894775,1.6799376010894775,10.875089645385742
CC[C@H](C)N(OC)C(=O)c1cccc([S@](C)=O)c1,1.6799299716949463,1.6799299716949463,10.069707870483398
N#CCCCCc1ncc([N+](=O)[O-])cc1C#N,1.6793369054794312,1.6793369054794312,3.2726428508758545
O=[N+]([O-])c1ncc(Br)cc1-c1cnn2c1OCCC2,1.6792958974838257,1.6792958974838257,15.324996948242188
O=[N+]([O-])c1ccc(CC(O)Cc2cnn3c2OCCC3)s1,1.6789952516555786,1.6789952516555786,19.38780403137207
C[C](C(=O)c1cnn2c1OCCC2)c1ccc(S(C)(=O)=O)s1,1.6789556741714478,1.6789556741714478,11.750655174255371
C[C@H]1C(=O)NCCN1C1(C#N)CCN(C)CC1,1.6789124011993408,1.6789124011993408,24.391721725463867
c1nn2c(c1[C@@H]1CCCCO1)OCCC2,1.6788654327392578,1.6788654327392578,19.668071746826172
CN1CC[C@@H]2[C@@H](CCCN2CCC(C)(C)S(C)(=O)=O)C1,1.6788623332977295,1.6788623332977295,20.962310791015625
CS(=O)(=O)CCCCc1ccc(Cl)cn1,1.678688883781433,1.678688883781433,12.722018241882324
Cc1nc(CCCC(O)CCC(=O)CC(C)(C)C)oc1C,1.6784882545471191,1.6784882545471191,12.296093940734863
C[C](C#N)Cc1cccc(F)c1C#N,1.6782259941101074,1.6782259941101074,4.205005168914795
CC(C)C[C@@H](CN)c1ccc2c(c1)OCCO2,1.6782056093215942,1.6782056093215942,17.1917724609375
Cn1c(=O)oc2c(-c3nnn[nH]3)cccc21,1.677791714668274,1.677791714668274,1.098143219947815
CC[C@@H](C)N(OC)C(=O)CCCCC1(C#N)CCN(C)CC1,1.6777609586715698,1.6777609586715698,13.346288681030273
CC(C)[C](O)CN1CCOC[C@H](C)C1,1.6776292324066162,1.6776292324066162,11.606963157653809
Cn1cnc([C@H]2CCCC23OCCO3)n1,1.6773121356964111,1.6773121356964111,7.91849946975708
Cc1cc(CC(C)(C)c2cnn(C)c2Cl)co1,1.6771525144577026,1.6771525144577026,14.22012996673584
CC[C@@H](O)Cc1ccc(S(C)(=O)=O)s1,1.676792025566101,1.676792025566101,3.606729745864868
CC(C)C[C@H](CN)N1C[C@H](C)C[C@H](C)C1,1.6764609813690186,1.6764609813690186,5.079788684844971
CCC(C)(C)C(=O)N1CCc2ccccc21,1.6760491132736206,1.6760491132736206,11.749913215637207
CC(C)[C](O)Cc1c([N+](=O)[O-])ncn1C,1.6759709119796753,1.6759709119796753,10.971024513244629
C[C@@]1(O)CCCN(c2cc(Br)cc([N+](=O)[O-])c2)CC1,1.6758809089660645,1.6758809089660645,6.412239074707031
CCCCC[C@@H](C)c1nnc(Cl)nn1,1.675779104232788,1.675779104232788,7.946041584014893
N[C@H]1CCCN([C@@H]2[C@H]3CCO[C@@H]3C23CCC3)C1,1.6755586862564087,1.6755586862564087,2.147736072540283
CN1CC[C@@H]2[C@@H](CCCN2CCc2ccc([N+](=O)[O-])s2)C1,1.6754047870635986,1.6754047870635986,16.03839111328125
CC1CCN(c2sc([N+](=O)[O-])cc2[N+](=O)[O-])CC1,1.6751902103424072,1.6751902103424072,6.51612663269043
C[C]1CN(c2cn(C)c(=O)nc2O)C[C@@H]1O,1.6751447916030884,1.6751447916030884,11.359574317932129
C[C@H]1N(c2nc[nH]n2)CCOC1(C)C,1.6750843524932861,1.6750843524932861,7.06148624420166
CN1CCC(C#N)(CCCCN2CCC[C@](C)(O)CC2)CC1,1.6748719215393066,1.6748719215393066,18.0673885345459
CC(C)(Cc1cnn2c1OCCC2)c1ccc([N+](=O)[O-])s1,1.674585223197937,1.674585223197937,16.028886795043945
Cc1cc(-c2cc(Cl)cc([N+](=O)[O-])n2)cc(Cl)n1,1.674344778060913,1.674344778060913,7.146650314331055
O=C(O)CCCCN1CCc2ccccc21,1.6742441654205322,1.6742441654205322,9.986209869384766
N#Cc1ccc(CCCCCC(N)=O)cc1Cl,1.674231767654419,1.674231767654419,12.371382713317871
c1nnc(-c2cnn3c2OCCC3)s1,1.674146056175232,1.674146056175232,18.522119522094727
CC(C)CCc1sccc1S(N)(=O)=O,1.6736810207366943,1.6736810207366943,7.266359329223633
CS(=O)(=O)c1ccc(-c2ccncc2C#N)s1,1.6736721992492676,1.6736721992492676,23.584314346313477
CN1CC[C@H](c2cn(C)c(=O)n(C)c2=O)C1,1.673594355583191,1.673594355583191,1.1556179523468018
CN1CCC(C#N)(CCC(=O)c2cnn3c2OCCC3)CC1,1.6734687089920044,1.6734687089920044,41.628448486328125
N#Cc1ccc([C@H]2CCCC23OCCO3)o1,1.6734329462051392,1.6734329462051392,12.525975227355957
C[C@H]1CN(N2C[C]3CCC[C@@H](C3)C2)C[C@@H]1O,1.673142671585083,1.673142671585083,7.318504333496094
CCS(=O)(=O)C[C@H](C)c1ccc(F)cc1,1.6730842590332031,1.6730842590332031,1.6958284378051758
C[C@H](C(=O)C(C)(C)C(=O)O)c1cnn2c1OCCC2,1.6730715036392212,1.6730715036392212,4.172563076019287
Cc1nc(-c2ccnc(C#N)c2)ccc1C#N,1.671980619430542,1.671980619430542,4.350904941558838
Cc1nc(-c2ncnc3sc([N+](=O)[O-])cc23)oc1C,1.6716670989990234,1.6716670989990234,8.833374977111816
Cc1ccc(-c2c(F)ccnc2F)o1,1.6710960865020752,1.6710960865020752,1.97567617893219
Cc1cc(C#N)cnc1-c1ccc(S(C)(=O)=O)s1,1.6707828044891357,1.6707828044891357,11.613941192626953
C[C]1C[C@@H](c2c3c(nn2C)CCCC3)[C@H](C)O1,1.6704798936843872,1.6704798936843872,5.771281719207764
C[C@H](O)CCCCCCCS(C)(=O)=O,1.6704686880111694,1.6704686880111694,17.578956604003906
CN1CC[C@H]1c1ccc2c(c1)OCCO2,1.6703834533691406,1.6703834533691406,2.903754711151123
N#Cc1ccc(N2C[C@H]3CCC[C@@H](C3)C2)cc1Cl,1.6703076362609863,1.6703076362609863,15.889577865600586
OC1CCC(c2cnn3c2OCCC3)CC1,1.6700021028518677,1.6700021028518677,12.055381774902344
Cc1nonc1CCS(=O)(=O)[C@@H]1C[C@@H](C)O[C@H]1C,1.669857382774353,1.669857382774353,5.779286861419678
CCC[C@H](C)c1cnn2c1OCCC2,1.669728398323059,1.669728398323059,30.001461029052734
Cn1cnc(-c2ccc([N+](=O)[O-])s2)n1,1.6697134971618652,1.6697134971618652,12.713153839111328
Cc1cnc(-c2c(F)ccnc2F)o1,1.669600486755371,1.669600486755371,48.76939010620117
C[C@@H](CCCCN)c1ncnc2sc([N+](=O)[O-])cc12,1.6695246696472168,1.6695246696472168,0.10798542201519012
Cn1c(-c2ccccc2F)nnc1[N+](=O)[O-],1.6695237159729004,1.6695237159729004,0.88912433385849
Oc1cccnc1-n1cc(-c2ccc3c(c2)OCCO3)cn1,1.6692960262298584,1.6692960262298584,9.218588829040527
C[C@@H](O)CCCN1C[C@H]2CNC[C@H]2C1,1.669279932975769,1.669279932975769,6.733214855194092
Cn1nccc1[C@H]1CCCC12OCCO2,1.669233798980713,1.669233798980713,9.434554100036621
Cc1nc(-c2nnc(Cl)nn2)ccc1C#N,1.6691313982009888,1.6691313982009888,7.778585910797119
CC[C@@H](C)CN1CCn2nccc2C1,1.6690415143966675,1.6690415143966675,1.0679134130477905
CC1(C#N)CCN(c2cnn([C@H]3C[C@H](N)C3)c2)CC1,1.668881893157959,1.668881893157959,1.1119192838668823
c1ccc(C[C@H]2CCCC23OCCO3)cc1,1.6688244342803955,1.6688244342803955,7.219829082489014
Cc1cnc([C@H]2CCCC23OCCO3)o1,1.6687726974487305,1.6687726974487305,10.087288856506348
C=CC[C](CO)CC1(O)CCOCC1,1.6686375141143799,1.6686375141143799,9.539754867553711
C[C@H](O)C[C@@H](C)N1CCc2ccccc21,1.6685997247695923,1.6685997247695923,6.5859808921813965
C[C@@H]1O[C@@H](C)C[C@H]1c1ccc(C#N)c(Cl)c1,1.6684651374816895,1.6684651374816895,5.261521339416504
Cn1ncc(-c2c(F)ccnc2F)c1Cl,1.6682796478271484,1.6682796478271484,27.996349334716797
CC[C@@H](C#N)CCC(C)(C)S(C)(=O)=O,1.6682626008987427,1.6682626008987427,7.125918865203857
O=[N+]([O-])c1ccc(-c2nccn3ccnc23)s1,1.6681874990463257,1.6681874990463257,9.32080364227295
NS(=O)(=O)c1ccc([C@H]2CCCC23OCCO3)s1,1.6680433750152588,1.6680433750152588,3.390587329864502
Cn1nc2c(c1CCc1cnn3c1OCCC3)CCCC2,1.6678688526153564,1.6678688526153564,13.10787296295166
Fc1ccnc(F)c1OCCCCc1cnn2c1OCCC2,1.6678065061569214,1.6678065061569214,30.152164459228516
N#Cc1ccc(-c2ccc(Cl)cn2)o1,1.6677050590515137,1.6677050590515137,12.281742095947266
C[C](O)CCc1ccc(S(C)(=O)=O)s1,1.6676747798919678,1.6676747798919678,5.534585475921631
[O-][n+]1onc(-c2c(F)ccnc2F)c1O,1.6675950288772583,1.6675950288772583,9.558398246765137
C[C@H]1CN([C@H]2CCCN(C)C2)CCO1,1.667528748512268,1.667528748512268,10.526180267333984
CON(C)C(=O)[C@@H]1OC[C@@H]2CCC[C@@H]21,1.667515754699707,1.667515754699707,1.9573818445205688
C[C@@H]1C(=O)NCCN1O[C@H]1CCCC12OCCO2,1.6674926280975342,1.6674926280975342,8.605721473693848
C=CC[C@H](CO)COc1cccc2c1oc(=O)n2C,1.6672701835632324,1.6672701835632324,5.312180519104004
C[C@@H](O)CCCCCCCS(C)(=O)=O,1.6667242050170898,1.6667242050170898,28.58139419555664
c1nn2c(c1[C@@H]1[C]3CCO[C@@H]3C13CCC3)OCCC2,1.6665818691253662,1.6665818691253662,20.57961654663086
C[C]1CN([C@@H]2OC[C@@H]3CCC[C@@H]32)C[C@@H]1O,1.6662368774414062,1.6662368774414062,3.4616332054138184
Cc1noc2ncc(N3CCCCC3)cc12,1.666137933731079,1.666137933731079,6.349681377410889
CC(C)C[C@H](CN)CCCS(C)(=O)=O,1.6660624742507935,1.6660624742507935,5.5920233726501465
C#CCCCc1cnn2c1OCCC2,1.6657551527023315,1.6657551527023315,23.679658889770508
CN1CCC(C#N)(c2ccc(N)nc2)CC1,1.6657134294509888,1.6657134294509888,12.81332778930664
Cc1nnc([C@@H]2CC(C)(C)OC2(C)C)o1,1.6654103994369507,1.6654103994369507,8.076155662536621
NC1CCN(c2ccc([N+](=O)[O-])o2)CC1,1.6653826236724854,1.6653826236724854,8.71416187286377
CC[C](C)Cc1sc([N+](=O)[O-])cc1Cl,1.6653324365615845,1.6653324365615845,5.302159786224365
C=CC[C@H](C)Oc1ccc(S(C)(=O)=O)s1,1.6653053760528564,1.6653053760528564,13.499635696411133
C=CCCCCc1c(Br)cncc1[N+](=O)[O-],1.6652952432632446,1.6652952432632446,6.901798725128174
C[C@@H]1C[C@H](C)CN(N2CCC[C@H]2c2nnn(C)n2)C1,1.6651896238327026,1.6651896238327026,9.60539722442627
O=c1ccn(CCc2cnn3c2OCCC3)cc1[N+](=O)[O-],1.665097951889038,1.665097951889038,14.985875129699707
N#Cc1ccc(-c2ncccc2F)cc1Cl,1.6645244359970093,1.6645244359970093,22.609851837158203
O=[N+]([O-])c1cc(F)ccc1-c1ccccc1Cl,1.6644787788391113,1.6644787788391113,5.271816253662109
C[C](O)CCN1CCC[C@](C)(O)CC1,1.6644313335418701,1.6644313335418701,5.842595100402832
C[C@@H]1C[C@@H](c2cnn3c2OCCC3)[C@H](C)O1,1.6637320518493652,1.6637320518493652,18.14304542541504
CS(=O)(=O)CCCCc1cc(C#N)ccc1[N+](=O)[O-],1.6632397174835205,1.6632397174835205,9.18994426727295
CC[C@@H](C(=O)O)c1ccnc2ccnn12,1.6631685495376587,1.6631685495376587,2.5462310314178467
O=C(O)CCC(=O)Cc1cnn2c1OCCC2,1.6629656553268433,1.6629656553268433,8.450054168701172
C[C@@H](C(=O)C(C)(C)C(=O)O)C1(C#N)CC1,1.662861943244934,1.662861943244934,6.8739118576049805
CN1CCC(C#N)(N2C(=O)c3nccnc3[C@H]2N)CC1,1.6628247499465942,1.6628247499465942,2.1291842460632324
Cc1cc(-c2ccc(S(C)(=O)=O)s2)c2cnn(C)c2n1,1.6626534461975098,1.6626534461975098,9.551165580749512
CC[C@@H](C#N)C1(C#N)CCN(C)CC1,1.6623963117599487,1.6623963117599487,52.198055267333984
Cc1c(-c2ccc(N)nc2)cnn1C,1.6622211933135986,1.6622211933135986,7.270808696746826
CC(C)CCc1nnc2n1CCNC2=O,1.6619911193847656,1.6619911193847656,9.58847427368164
O=[N+]([O-])c1ccc(CCc2cc(Br)cnc2[N+](=O)[O-])s1,1.6617847681045532,1.6617847681045532,11.556827545166016
CC[C@H](C(N)=O)N1CCOC[C@H](C)C1,1.661712408065796,1.661712408065796,9.034798622131348
Cn1cc([N+](=O)[O-])c(-c2c3c(nn2C)CCCC3)n1,1.6616214513778687,1.6616214513778687,7.179380893707275
C[C@@H]1CCCN(N(C)N2CCOC(C)(C)[C@H]2C)C1,1.6616135835647583,1.6616135835647583,4.047142505645752
O=[N+]([O-])c1ccc(-c2c(Br)cncc2[N+](=O)[O-])s1,1.6613762378692627,1.6613762378692627,7.295281410217285
Cc1noc2ncc(N3CCC[C@H]4CN(C)CC[C@H]43)cc12,1.6613131761550903,1.6613131761550903,11.135846138000488
O=c1ccn(-c2ccc(F)cn2)cc1[N+](=O)[O-],1.661290168762207,1.661290168762207,8.610336303710938
Cc1cc([C@@H](C)CC(=O)c2nncs2)no1,1.661067247390747,1.661067247390747,2.2803056240081787
Cc1noc(C)c1-c1ncccc1Cl,1.6607033014297485,1.6607033014297485,15.425506591796875
C[C@@H](CCS(C)(=O)=O)c1ccc(S(C)(=O)=O)nc1,1.660260558128357,1.660260558128357,2.422389268875122
CC[C@](C)(C#N)c1nccn2ccnc12,1.6602116823196411,1.6602116823196411,3.3911843299865723
Cn1ncc(-c2ccc(C=O)o2)c1Cl,1.6600043773651123,1.6600043773651123,1.782955288887024
CCCC(=O)[C@@H]1[C@@H]2CCO[C@H]2C12CCC2,1.659964919090271,1.659964919090271,0.19184596836566925
C[C@H]1CN(c2ccc(C#N)c(Cl)c2)C[C@@H]1O,1.6597521305084229,1.6597521305084229,27.027578353881836
CC(C)CCc1cnn(C)c1[N+](=O)[O-],1.6596215963363647,1.6596215963363647,4.204893112182617
C[C@@H](C(=O)c1ccc(F)cc1)N1CCOC(C)(C)[C@H]1C,1.6595872640609741,1.6595872640609741,7.146806240081787
CON(C)CC[C@H]1CCCC12OCCO2,1.6593925952911377,1.6593925952911377,10.195154190063477
Fc1nccc(-c2nnc(Cl)nn2)c1F,1.6593737602233887,1.6593737602233887,8.128621101379395
C=CCCC(=O)NCNN1CCOC1=O,1.6589741706848145,1.6589741706848145,0.6401302218437195
Cc1nnccc1-c1c2c(nn1C)CCCC2,1.6588900089263916,1.6588900089263916,24.6262149810791
C[C@H]1CN(c2nc([N+](=O)[O-])n(C)n2)C[C@@H]1O,1.6585217714309692,1.6585217714309692,1.7267839908599854
CC[C@@H](C)N(OC)C(=O)CCCc1cnn2c1OCCC2,1.6583564281463623,1.6583564281463623,10.035989761352539
C[C@H]1C(=O)NCCN1CCc1ccc(S(C)(=O)=O)s1,1.658252239227295,1.658252239227295,15.769309043884277
Cn1nc2c(c1CCC(C)(C)S(C)(=O)=O)CCCC2,1.6579644680023193,1.6579644680023193,14.821711540222168
C[C@H](C[S@@](C)=O)c1cnn2c1OCCC2,1.6578900814056396,1.6578900814056396,12.620779037475586
O=[N+]([O-])c1ncccc1-c1c(F)ccnc1F,1.6575030088424683,1.6575030088424683,12.711695671081543
CC1CCN(Oc2cn(C)cn2)CC1,1.6573965549468994,1.6573965549468994,17.446352005004883
Cc1ncc(Br)n1-c1c(F)ccnc1F,1.657025694847107,1.657025694847107,11.532395362854004
Cc1cc(-n2nc(C#N)c(=O)n(C)c2=O)sc1[N+](=O)[O-],1.6569217443466187,1.6569217443466187,8.525930404663086
C[C]1CN(N2CCC(C)CC2)C[C@H]1O,1.6569091081619263,1.6569091081619263,12.87125301361084
c1ccc(-c2cc3n(n2)CCO3)cc1,1.6568506956100464,1.6568506956100464,3.7873592376708984
CS(=O)(=O)c1ccc(C2(C#N)CC2)s1,1.656713604927063,1.656713604927063,5.2552080154418945
CC[C@H](C)N(OC)C(=O)c1nc(Cl)cs1,1.6567068099975586,1.6567068099975586,46.45319366455078
Cc1cc(C)n(-c2cccnc2C)n1,1.6564425230026245,1.6564425230026245,0.21403920650482178
C[C@H]1N([C@@H](C(=O)O)C(C)(C)C)CCOC1(C)C,1.656370759010315,1.656370759010315,2.486062526702881
C[C@H]1CCCCN1c1nc(Cl)nc(Cl)c1[N+](=O)[O-],1.6560754776000977,1.6560754776000977,10.29481029510498
N#Cc1ccc(CCCCc2cnn3c2OCCC3)cc1Cl,1.6554797887802124,1.6554797887802124,26.038503646850586
c1ccc2c(c1)CCN2CCCCc1cnn2c1OCCC2,1.6550744771957397,1.6550744771957397,22.039676666259766
C[C@H]1CN(n2c(Br)nc([N+](=O)[O-])c2[N+](=O)[O-])CCN1,1.6548104286193848,1.6548104286193848,1.7037912607192993
C[C@H]1CC[C@@H](N2CCOC[C@H](C)C2)C1,1.654085397720337,1.654085397720337,25.863086700439453
c1cc(-c2ccc3c(c2)OCCO3)c2ccncc2c1,1.6530826091766357,1.6530826091766357,3.060706377029419
CCC(=O)[C](C)CCc1ccc(C#N)c(Cl)c1,1.6530219316482544,1.6530219316482544,21.952136993408203
C[C@H]1N(CC(O)Cc2ccc(S(C)(=O)=O)s2)CCOC1(C)C,1.6529903411865234,1.6529903411865234,4.153624534606934
CC[C@H](C)N(OC)C(=O)n1c([N+](=O)[O-])nn(C)c1=O,1.652870535850525,1.652870535850525,10.436694145202637
CC(C)(Cc1ccc(S(C)(=O)=O)s1)c1cnn2c1OCCC2,1.6528247594833374,1.6528247594833374,15.288104057312012
NS(=O)(=O)CCCc1c(F)ccnc1F,1.6527849435806274,1.6527849435806274,14.91269588470459
C=CC[C@@H](C)N1CCC[C@](C)(O)CC1,1.6525788307189941,1.6525788307189941,1.7122193574905396
CC1=NO[C@H](c2ccc(C#N)c(Cl)c2)C1,1.652543067932129,1.652543067932129,9.080825805664062
CC[C@H](C)N(OC)C(=O)N1C[C](C)[C@H](O)C1,1.652453064918518,1.652453064918518,7.767727851867676
C#Cc1ccc(OCCCCS(C)(=O)=O)nc1,1.6522268056869507,1.6522268056869507,5.068559646606445
Cn1cnc([N+](=O)[O-])c1-c1ncc(Br)cc1[N+](=O)[O-],1.6519722938537598,1.6519722938537598,4.978069305419922
CC[C@@H](O)CN1CCC[C@@](C)(O)CC1,1.6517449617385864,1.6517449617385864,9.875152587890625
Cn1ncc(-c2ccc(CC(C)(C)O)s2)n1,1.651619791984558,1.651619791984558,5.315321922302246
Cc1nn(-c2ccccc2O)nc1-c1ccc(Cl)cn1,1.6515699625015259,1.6515699625015259,6.905669689178467
CN1CC[C@@H]2[C@@H](CCCN2n2cnc(C#N)cc2=O)C1,1.6514654159545898,1.6514654159545898,6.992881774902344
N#Cc1c(F)cc(-c2cc([N+](=O)[O-])c[nH]2)cc1F,1.6511929035186768,1.6511929035186768,6.060420989990234
N[C@H]1CCN(c2ccnc(F)c2F)C1,1.6510339975357056,1.6510339975357056,9.7638578414917
C[C@@H]1C(=O)NCCN1CCCCCS(C)(=O)=O,1.6509901285171509,1.6509901285171509,3.461198568344116
N#Cc1ccc(N2CCC[C@@H](O)C2)cc1Cl,1.6507407426834106,1.6507407426834106,11.152975082397461
C[C](CCc1nc(C)c(C)o1)C(C)=O,1.6504758596420288,1.6504758596420288,9.548511505126953
c1nn2c(c1CCCCc1cnn3c1OCCC3)OCCC2,1.649842381477356,1.649842381477356,14.375696182250977
C[C@]1(O)CCCN(c2c(F)cccc2[N+](=O)[O-])CC1,1.6498080492019653,1.6498080492019653,8.783076286315918
Cc1ccc2cc(N3CC(C)(C)OC(C)(C)C3)ccc2n1,1.6497106552124023,1.6497106552124023,2.400230884552002
C[C@@H]1CCCN(c2c([N+](=O)[O-])ncn2C)C1,1.6496421098709106,1.6496421098709106,11.450614929199219
CCCC[C@H](C(=O)O)c1cnn2c1OCCC2,1.649563193321228,1.649563193321228,45.3006477355957
CS(=O)(=O)CCCCc1cc(Br)cnc1[N+](=O)[O-],1.6493932008743286,1.6493932008743286,0.7366039752960205
CON(C)CCc1c2c(nn1C)CCC2,1.6492267847061157,1.6492267847061157,10.234667778015137
C[C@H]1CN(N2CCNC(=O)[C@@H]2C)CCO1,1.6491847038269043,1.6491847038269043,8.052504539489746
Fc1ccnc(F)c1CC[C@H]1CCCC12OCCO2,1.6491448879241943,1.6491448879241943,40.30533218383789
Cn1cnc(On2ccc(=O)c([N+](=O)[O-])c2)cc1=O,1.6488977670669556,1.6488977670669556,7.892786979675293
CN1CCC(C#N)(CCc2cccc([S@](C)=O)c2)CC1,1.648803472518921,1.648803472518921,32.25617218017578
Cc1cnc(-c2ccc([N+](=O)[O-])s2)o1,1.6487016677856445,1.6487016677856445,13.373940467834473
CN1CC[C@@H]2[C@@H](CCCN2[C@@H]2CC(C(N)=O)=NO2)C1,1.6484404802322388,1.6484404802322388,14.401187896728516
CC1(F)CN(c2c(Br)cc(C(=O)O)cc2[N+](=O)[O-])C1,1.6482850313186646,1.6482850313186646,7.139769077301025
CON(C)CCc1c(F)ccnc1F,1.6479992866516113,1.6479992866516113,10.931652069091797
C[C@@]1(c2cnn3c2OCCC3)CC1(F)F,1.6475028991699219,1.6475028991699219,13.66413688659668
c1cc(N2CCC3(CCNC3)CC2)c2ccncc2c1,1.6474751234054565,1.647475004196167,4.065569877624512
O=c1[nH]nnn1-c1cnn2c1OCCC2,1.6467487812042236,1.6467487812042236,7.683322429656982
CON(C(=O)c1cc(C)n(C)c1C)C(C)C,1.646592378616333,1.646592378616333,1.5530840158462524
CN1CC[C]2CN(CCCF)C[C@H]2C1,1.6465898752212524,1.6465898752212524,19.4033203125
CCCC[C@H](C(=O)O)[C@H](CC)C(=O)N1CCOCC[C@@H]1C,1.6465611457824707,1.6465611457824707,6.262716770172119
N#Cc1ncn(N2CC[C@H]3NC(=O)CC[C@@H]3C2)n1,1.6463983058929443,1.6463983058929443,10.247641563415527
Cc1noc(C)c1-c1ncc(C=O)cc1Br,1.6460957527160645,1.6460957527160645,4.8481574058532715
CC(C)C[C@@H](CC(=O)O)Cc1nc2nonc2nc1Cl,1.6454006433486938,1.6454005241394043,0.31965142488479614
Cc1nonc1N1CCOC[C@H](C)C1,1.6453994512557983,1.6453994512557983,37.39728546142578
Cc1nnccc1N1C[C@H]2CNC[C@H]2C1,1.6452958583831787,1.6452958583831787,11.794225692749023
N#CCCCCc1cccc(-c2cnn3c2OCCC3)n1,1.6452159881591797,1.6452159881591797,6.820382118225098
Cc1cnc(-c2ccc([N+](=O)[O-])o2)o1,1.644888997077942,1.644888997077942,3.769521951675415
Cn1nc([N+](=O)[O-])n([C@H]2CCOC(C)(C)C2)c1=O,1.6446679830551147,1.6446679830551147,8.126112937927246
O=[N+]([O-])c1ncc(Br)cc1-c1c(F)cccc1F,1.6446616649627686,1.6446616649627686,5.399083614349365
C#CCCCCc1n[n+]([O-])c([N+](=O)[O-])cc1[N+](=O)[O-],1.644303798675537,1.644303798675537,4.3099260330200195
CC[C@@](C)(CCO)[C@H]1CCNC12CCC2,1.6442761421203613,1.6442761421203613,13.432208061218262
CC(C)CCc1cnn2c1OCCC2,1.6441318988800049,1.6441318988800049,7.903409481048584
N#CCCCCC1OC(=O)c2ccccc21,1.644020676612854,1.6440207958221436,3.628540515899658
Cc1cccc([C@@H](C)CCCCn2cc([N+](=O)[O-])c(C)n2)n1,1.6439989805221558,1.6439989805221558,5.539356231689453
O=[N+]([O-])c1cc([N+](=O)[O-])c(-c2ccc(F)c(F)c2F)cc1Br,1.6439955234527588,1.6439955234527588,0.13249661028385162
O=[N+]([O-])c1ccc(-c2ncc(-c3ccc(F)cc3)o2)s1,1.6439857482910156,1.6439858675003052,4.8692827224731445
CN1CCC(C#N)(CCCCc2ccc(C#N)c(Cl)c2)CC1,1.6439191102981567,1.6439191102981567,40.68593215942383
CC[C@@H](C)c1cc(Br)c([N+](=O)[O-])cc1[N+](=O)[O-],1.6436816453933716,1.6436816453933716,1.1083546876907349
Cc1nc(-c2ccnc(F)c2)oc1C,1.643609642982483,1.643609642982483,9.677067756652832
CCCC[C@@H](C(=O)O)c1cc(C)nnc1C,1.6435476541519165,1.6435476541519165,2.578972101211548
C[C@@H]1CNCCN1C(=O)C(=O)C(C)(C)C,1.643380045890808,1.643380045890808,4.472821235656738
CON(C(=O)n1nc(C#N)c(=O)n(C)c1=O)C(C)C,1.643377423286438,1.643377423286438,5.7927165031433105
CC[C@@H](C)CCn1ncnc1-c1ccc(C#N)o1,1.6431529521942139,1.6431529521942139,7.674328804016113
Cc1cc(C#N)cnc1-c1cc(Cl)no1,1.642998218536377,1.642998218536377,9.596097946166992
c1nn2c(c1[C@H]1CCCNCC1)OCCC2,1.6428388357162476,1.6428388357162476,8.732638359069824
Nc1nonc1C(=O)[C@H]1CSc2ccccc21,1.6425906419754028,1.6425906419754028,5.983930587768555
O=[N+]([O-])c1cnn(-c2nnc(S)o2)n1,1.6424428224563599,1.6424428224563599,0.450739324092865
C[C@]1(O)CCCN(c2cc(CC(=O)C(F)F)cs2)CC1,1.6422345638275146,1.6422345638275146,10.798648834228516
C#CCCCCC(=O)[C](C)[C@H](C)N1C[C](O)[C@H](C)C1,1.6419882774353027,1.6419882774353027,2.794870376586914
C[C@@H]1O[C@@H](C)C[C@H]1C(=O)C(C)(C)c1ncccc1F,1.6414105892181396,1.6414105892181396,2.2261574268341064
c1nn2c(c1ON1CC[C@H]([C@@H]3CCOC3)C1)OCCC2,1.641333818435669,1.641333818435669,14.724248886108398
CN1CC[C@H]2[C@H](CCCN2[C@@H]2CC(C(N)=O)=NO2)C1,1.6411455869674683,1.6411455869674683,5.383180141448975
CC[C@H](C)N(OC)C(=O)c1ccc([N+](=O)[O-])o1,1.6411067247390747,1.6411067247390747,11.842369079589844
CN1C[C@@H]2CN(n3c(Br)nc([N+](=O)[O-])c3[N+](=O)[O-])C[C@@H]2C1,1.6410056352615356,1.6410056352615356,12.701749801635742
Cn1nc(N2CC[C@H](N)C2)nc1[N+](=O)[O-],1.6409797668457031,1.6409797668457031,1.9372200965881348
C[C@]1(O)CCCN(N2CC[C@@H]3COC(=O)N[C@H]3C2)CC1,1.6409351825714111,1.6409351825714111,9.246273040771484
CC1CCN(CC(O)CCCc2cnn3c2OCCC3)CC1,1.64028000831604,1.64028000831604,15.984031677246094
Cn1cnc([N+](=O)[O-])c1OCCCO,1.6402519941329956,1.6402519941329956,10.736921310424805
O=Cc1cnc(-c2cnn3c2OCCC3)c(Br)c1,1.640182375907898,1.640182375907898,15.98389720916748
CC1CCN(c2ccc([N+](=O)[O-])o2)CC1,1.6401680707931519,1.6401680707931519,23.84758186340332
Cc1nc([N+](=O)[O-])c([C@H](CO)C(=O)O)n1C,1.6401536464691162,1.6401536464691162,1.9467025995254517
CC(C)[C](O)CN1CCC[C@@H](C#N)C1,1.6400551795959473,1.6400551795959473,9.873466491699219
C[C@H]1COCCN([C@@H]2CCN3CCC[C@@H]3C2)C1,1.6400320529937744,1.6400320529937744,11.08288860321045
c1c([C@@H]2[C]3CCO[C@@H]3C23CCC3)nn2c1OCC2,1.6400249004364014,1.6400249004364014,16.170446395874023
Fc1ccc(-c2ccccc2F)c(F)c1,1.639880895614624,1.639880895614624,8.800086975097656
C[C@@H]1CCCN(c2c(F)ccnc2F)C1,1.6398735046386719,1.6398735046386719,13.379427909851074
C[C](C#N)CN1C[C]2CCC[C@@H](C2)C1,1.6397126913070679,1.6397126913070679,3.3654074668884277
CC[C@@H](O)CCCc1c(Br)cncc1[N+](=O)[O-],1.639703631401062,1.6397035121917725,0.8150008320808411
N#CC1(n2ncc(Cl)c(Cl)c2=O)CC1,1.6394680738449097,1.6394680738449097,0.028034424409270287
CS(=O)(=O)c1ccc(-c2ccc(O)c(O)c2)s1,1.6390489339828491,1.6390489339828491,6.182057857513428
C[C@H]1N([C@H]2CCCN2C)CCOC1(C)C,1.6390173435211182,1.6390173435211182,0.21366718411445618
CCC[C](N)CCC(=O)C(C)(C)CC,1.6389938592910767,1.6389938592910767,4.609827995300293
C[C@@H]1C[C@@H](c2c(F)ccnc2F)[C@H](C)O1,1.63894784450531,1.63894784450531,18.635040283203125
CON(C)CCN1CCOCC[C@@H]1C,1.6389472484588623,1.6389472484588623,0.5747075080871582
CS(=O)(=O)c1ccc(CCCn2cnc(C#N)cc2=O)s1,1.6387971639633179,1.6387971639633179,11.160184860229492
Cc1cc(-c2c(F)cccc2[N+](=O)[O-])ncc1C#N,1.6387574672698975,1.6387574672698975,3.227910041809082
CCC(C)(C)C(=O)[C@@H]1CC(C(N)=O)=NO1,1.6386842727661133,1.6386842727661133,12.045600891113281
Cc1cccc(N2CCC[C@H]3CN(C)CC[C@H]32)n1,1.638297200202942,1.6382973194122314,10.483795166015625
CC[C@H](C#N)CCc1ccc([N+](=O)[O-])c(S(C)(=O)=O)c1,1.6381360292434692,1.6381360292434692,0.48973050713539124
C[C@@H](O)CCCn1ccnc1[N+](=O)[O-],1.638054370880127,1.638054370880127,0.012330835685133934
C[C]1CN(n2c(Br)cnc2C)C[C@@H]1O,1.6380048990249634,1.6380048990249634,10.432647705078125
N#CC1(NC2=C(Cl)C(=O)C(Cl)=C(Cl)C2=O)CC1,1.6378575563430786,1.6378575563430786,1.1091772317886353
Cc1nnccc1N1CCN[C@@H](C)C1,1.6373096704483032,1.6373096704483032,9.662541389465332
CC(C)[C](O)Cc1c(F)ccnc1F,1.637114405632019,1.637114405632019,13.93232536315918
O=[N+]([O-])c1cc(N2C[C@H]3CNC[C@H]3C2)on1,1.6370176076889038,1.6370174884796143,11.857224464416504
O=C(O)C(=O)CCCCCc1ccc(Cl)cn1,1.636914610862732,1.636914610862732,11.296831130981445
C=CC[C](CO)CN1C[C]2CNC[C@H]2C1,1.6364495754241943,1.6364495754241943,13.415708541870117
CC[C@H](C)N(OC)C(=O)c1ccc(C#N)o1,1.6362782716751099,1.6362782716751099,25.28489112854004
CC1(CCc2cnn3c2OCCC3)CC1,1.6362266540527344,1.6362266540527344,15.1215181350708
N#CCCCCN1CCc2ccccc21,1.6361784934997559,1.6361784934997559,7.3895721435546875
CC[C](C)CCc1c(Br)cncc1[N+](=O)[O-],1.6359775066375732,1.6359775066375732,3.783405065536499
C[C@@H]1C[C@@H](N2CCOC(C)(C)[C@H]2C)[C@@H](C)O1,1.6358308792114258,1.6358308792114258,6.692460536956787
C[C@@H]1N(c2nc3cc(Cl)c(Cl)cc3[n+]([O-])n2)CCOC1(C)C,1.6357052326202393,1.6357052326202393,2.191643238067627
C=CC[C](CO)Cn1cc(Oc2ccc(C)nn2)cn1,1.6355613470077515,1.6355613470077515,8.867835998535156
O=C(O)C(=O)CCC[C@@H]1[C]2CCO[C@@H]2C12CCC2,1.6352981328964233,1.6352981328964233,8.549818992614746
CC[C@](C)(C#N)c1ncc(Br)cc1[N+](=O)[O-],1.6351423263549805,1.6351423263549805,5.787284851074219
CC(C)(CN)[C@H]1CCCC12OCCO2,1.6351063251495361,1.6351063251495361,8.042743682861328
N#CCCCC[C@@H](O)Cc1c(F)cccc1[N+](=O)[O-],1.6346540451049805,1.6346540451049805,3.7740607261657715
c1nn2c(c1[C@H]1CCCSC1)OCCC2,1.634535789489746,1.6345359086990356,11.98986530303955
O=[N+]([O-])c1cc[n+]([O-])c(Cl)c1-c1cnn2c1OCCC2,1.6343711614608765,1.6343711614608765,9.287257194519043
CCCC[C@@H](C(=O)O)N1CCC[C@H]2CN(C)CC[C@H]21,1.634114146232605,1.634114146232605,8.812348365783691
C[C@H]1CCCN(c2c(F)ccnc2F)C1,1.6337820291519165,1.6337820291519165,12.670440673828125
CCCCC[C@@H](C)n1cnc(C#N)cc1=O,1.6337480545043945,1.633748173713684,10.663436889648438
CC[C@@H](C(N)=O)c1cnn(-c2ncc(C)o2)n1,1.6337454319000244,1.6337454319000244,4.579619407653809
c1nn2c(c1[C@@H]1CCCSC1)OCCC2,1.633703589439392,1.633703589439392,26.40590476989746
CCC(C)(C)C(=O)N1CCC(C)CC1,1.6335901021957397,1.6335901021957397,10.942413330078125
C[C@@H](c1cnn2c1OCCC2)C(F)(F)F,1.633520483970642,1.633520483970642,18.881011962890625
CN1CCC(C#N)(c2cc3nccnc3cc2F)CC1,1.6334257125854492,1.6334257125854492,14.877326965332031
CC[C@H](C)C(=O)C[C](C)C(=O)c1ccc(C#N)c(Cl)c1,1.6332520246505737,1.6332520246505737,5.045578479766846
CCC(=O)[C@@H](C)N1CCC[C@H]2CN(C)CC[C@H]21,1.633132815361023,1.633132815361023,9.238041877746582
Cc1cc2ccccc2nc1N1CCC[C@](C)(O)CC1,1.6330426931381226,1.6330426931381226,11.04004955291748
CS(=O)(=O)c1ccc(C(=O)Nn2c(O)nnc2O)s1,1.6330422163009644,1.6330420970916748,25.45963478088379
CC1CCN(CCCCS(C)(=O)=O)CC1,1.6322797536849976,1.6322797536849976,24.147014617919922
C[C@@H](CCC(C)(C)S(C)(=O)=O)CC(=O)N1CCOC[C@H](C)C1,1.6316523551940918,1.6316523551940918,11.52949047088623
CCCCC(=O)c1cc([N+](=O)[O-])c([N+](=O)[O-])cc1Cl,1.6316273212432861,1.6316273212432861,4.400557994842529
C[S@](=O)[C@@H]1CCC[C@H]([C@H]2CCCSC2)C1,1.6314440965652466,1.6314440965652466,6.974656105041504
C[C@H]1COCCN(C(C)(C)Cc2ccc3c(c2)OCCO3)C1,1.631304144859314,1.631304144859314,16.631738662719727
O[C@H]1CCCN(c2cncc(F)c2)CC1,1.6311798095703125,1.6311798095703125,6.179766654968262
Cc1nnc(-c2ccc([N+](=O)[O-])o2)o1,1.6310762166976929,1.6310762166976929,22.00484848022461
Cn1c([C@H]2CCOC(C)(C)C2)nnc1[N+](=O)[O-],1.6310185194015503,1.6310185194015503,0.461373507976532
O=[N+]([O-])c1ccc([C@H]2CCCC23OCCO3)s1,1.6309373378753662,1.6309373378753662,44.40056610107422
N#CCCCCc1nonc1[N+](=O)[O-],1.6307398080825806,1.6307398080825806,6.191974639892578
CC[C@@H](C)N(OC)C(=O)c1ccc(C#N)o1,1.6307264566421509,1.6307264566421509,28.52145004272461
CC[C](C#N)CCc1cccc(Cl)c1,1.6303867101669312,1.6303867101669312,0.33475354313850403
Cc1cc2ccccc2nc1-c1cnn2c1OCCC2,1.6298813819885254,1.6298813819885254,2.9817752838134766
CC[C@@H](C)N(OC)C(=O)N1CCO[C@@H](C)C1,1.6298482418060303,1.6298482418060303,50.625823974609375
C[C@H]1CN(c2ccc(C#N)o2)CCO1,1.6298246383666992,1.6298246383666992,15.70765495300293
Cc1nc2n(n1)C[C@H]([C@@H]1COCO1)CC2,1.6297993659973145,1.6297993659973145,4.585259437561035
Cc1nc(C(=O)C[C@H](C)N2CCCC2=O)oc1C,1.6296207904815674,1.6296207904815674,10.347480773925781
Cn1nnnc1-c1cc(C#N)ccc1[N+](=O)[O-],1.6293938159942627,1.6293938159942627,0.20866523683071136
C[C@@H]1CN([C@@H](C)CN2CCn3nccc3C2)C[C]1N,1.6293230056762695,1.6293230056762695,6.185633182525635
O=C1N[C@H]2CN(C3OCCO3)CC[C@@H]2CO1,1.6292928457260132,1.6292928457260132,4.062857151031494
C[C@H]1CCN(CN2CCc3ccccc32)C1,1.6289329528808594,1.6289329528808594,3.254215717315674
O=C(c1ccc(F)cc1)[C@@H]1CSc2ccccc21,1.6288844347000122,1.6288844347000122,3.4286389350891113
CN1CCC(C#N)([C@@H]2[C]3COC[C@H]32)CC1,1.628663182258606,1.628663182258606,8.573951721191406
Cc1conc1N1CCOC(C)(C)[C@H]1C,1.628660798072815,1.628660798072815,6.17546272277832
N#Cc1cnccc1-n1ccc(=O)c([N+](=O)[O-])c1,1.6282879114151,1.6282879114151,14.248839378356934
C[C@H]1CN(N2CCn3nccc3C2)C[C@@H]1O,1.6280146837234497,1.6280146837234497,7.888708114624023
Cc1cncc(N2CC[C@H]3CCN[C@@H]3C2)c1,1.6278557777404785,1.6278557777404785,1.003728985786438
O=[N+]([O-])c1ccc(-c2nc(Cl)cs2)s1,1.6275724172592163,1.6275724172592163,47.40980911254883
c1nn2c(c1[C@@H]1CC13CCC3)OCCC2,1.6274731159210205,1.6274731159210205,10.28403377532959
Cn1ncc(-c2cc(Cl)c3nonc3c2[N+](=O)[O-])n1,1.6274304389953613,1.6274304389953613,4.8743896484375
N#Cc1ccc(-n2cc(-c3ccc([N+](=O)[O-])o3)cn2)cc1Cl,1.62740159034729,1.62740159034729,11.232126235961914
C[C@H]1CN(N2C[C@H](C)[C@@H](O)C2)CCO1,1.6269490718841553,1.6269490718841553,14.109065055847168
N#Cc1ccc(-c2nnc(Cl)nn2)cc1Cl,1.6264692544937134,1.6264692544937134,6.269303321838379
Cc1cc(C)n(-c2nc(C)c(CC(C)(C)C#N)s2)n1,1.6262078285217285,1.6262078285217285,2.4735920429229736
O=C(O)C(=O)CCCc1cnn2c1OCCC2,1.6260608434677124,1.6260608434677124,17.94991111755371
CC(C)C[C@H](CN)c1ccc(S(C)(=O)=O)s1,1.6259195804595947,1.6259196996688843,8.502418518066406
C[C@H]1N(CCCc2c3c(nn2C)CCCC3)CCOC1(C)C,1.6256697177886963,1.6256695985794067,16.474586486816406
C[C](C#N)Cc1cnn2c1OCCC2,1.625154972076416,1.625154972076416,11.37948989868164
CC[C@@H](C)N(OC)C(=O)c1cc(Cl)no1,1.625096082687378,1.625096082687378,1.8635650873184204
Cn1cc([N+](=O)[O-])c(C2(C#N)CC2)n1,1.6250816583633423,1.6250816583633423,8.542737007141113
C[C]1CN(C(=O)C[C@@H](C)c2nccn3ccnc23)CCO1,1.6249377727508545,1.6249377727508545,5.969361782073975
Cc1nnccc1S(=O)(=O)CCc1cnn2c1OCCC2,1.6249276399612427,1.6249276399612427,7.9674601554870605
C[C@]1(O)CCCN([C@@H]2CCCSC2)CC1,1.6244525909423828,1.6244525909423828,19.23893165588379
O=C(C1=C(c2ccccc2)SCCO1)c1ccc(Cl)cn1,1.6239970922470093,1.6239970922470093,9.178810119628906
C=CC[C@H](C)c1cnn2c1OCCC2,1.6237518787384033,1.6237518787384033,12.605847358703613
Cc1nc([N+](=O)[O-])c(-c2ccc(C#N)cn2)n1C,1.6237516403198242,1.6237516403198242,7.7843427658081055
CC[C@@H](C)N(OC)C(=O)C[C@H]1CCNC12CCC2,1.6237132549285889,1.6237132549285889,12.8240385055542
C#CCCCc1c([N+](=O)[O-])ncn1C,1.6236704587936401,1.6236704587936401,5.812460422515869
C[C@H](O)C[C@@H](C)c1nn(C)cc1[N+](=O)[O-],1.623558521270752,1.623558521270752,10.06330394744873
CN1CCC(C#N)([C@@H](CO)Cc2ncccc2F)CC1,1.6233916282653809,1.6233916282653809,6.859960556030273
Cn1cc([N+](=O)[O-])cc1-c1cn(C)c(=O)nc1O,1.623085379600525,1.623085379600525,2.6336472034454346
N#Cc1ccc([N+](=O)[O-])c(-c2cnn3c2OCCC3)c1,1.6228868961334229,1.6228868961334229,10.632088661193848
Cc1c([C@@H]2CC(C(N)=O)=NO2)cnn1C,1.622841238975525,1.622841238975525,1.9713915586471558
Cc1ncc(Br)n1-c1cc2nccnc2cc1F,1.6222138404846191,1.6222138404846191,15.822216033935547
Cc1nc(CCc2nncs2)oc1C,1.6221985816955566,1.6221987009048462,13.083931922912598
CN1CCC(C#N)([C@H]2CCCC[C@@H]2O)CC1,1.621862530708313,1.621862530708313,6.818687438964844
C[C@@H]1C[C@@H](C2(C3OCCO3)CCC2)[C@H](C)O1,1.621852159500122,1.621852159500122,2.5792903900146484
Cn1cnc([N+](=O)[O-])c1CCCCc1cnn2c1OCCC2,1.621517300605774,1.621517300605774,17.710786819458008
C[C@@H]1CCCN([C@@H]2CC(C)(C)CO2)C1,1.621503233909607,1.621503233909607,3.3682005405426025
C[C@@H](O)CCCc1cc(C=O)ccc1F,1.621251106262207,1.621251106262207,5.137375354766846
CN1CC[C@@H]2[C@@H](CCCN2[C@H]2CC(=O)N(C)C2)C1,1.6204038858413696,1.6204040050506592,11.907246589660645
O=c1ccn(-n2cnnn2)cc1[N+](=O)[O-],1.6199194192886353,1.6199194192886353,5.480528831481934
Cc1cc([N+](=O)[O-])sc1-c1cc(C#N)ncn1,1.6198393106460571,1.6198394298553467,6.647995948791504
Clc1nc2nonc2nc1-c1nnc(Br)o1,1.6197916269302368,1.6197916269302368,3.059056043624878
Cc1cccc(-c2ccc([N+](=O)[O-])s2)n1,1.619631290435791,1.619631290435791,23.824886322021484
C[C@H]1CC(=O)NCCN1n1cnc(C#N)cc1=O,1.619605541229248,1.619605541229248,2.829737663269043
C[C@H]1CC(=O)NCCN1c1cccc([S@](C)=O)c1,1.619226098060608,1.619226098060608,5.28948974609375
Cn1ncnc1CCN[C@H]1CCCn2ncnc21,1.619062066078186,1.619062066078186,7.5647077560424805
C=CC[C@H](CO)Cc1ncccc1Cl,1.6190377473831177,1.6190377473831177,5.336375713348389
CON(C)C(=O)[C@H](C)n1cc(Cl)cn1,1.6189581155776978,1.6189581155776978,5.80656623840332
c1ccc2c(c1)CCN2OCCc1cnn2c1OCCC2,1.6189433336257935,1.6189433336257935,13.246870994567871
CC(CCC[C](N)CC/C=C\Cl)C[C@@H]1CCCCNC1=O,1.6188558340072632,1.6188558340072632,4.589813232421875
Cc1cccc(CCCCS(C)(=O)=O)n1,1.6188421249389648,1.6188421249389648,9.467180252075195
Cn1cnc(-c2ncc(C#N)cc2[N+](=O)[O-])c1,1.618666648864746,1.618666648864746,0.9261399507522583
Cc1cnc(-c2cnn(C)c2-c2scnc2C)o1,1.6185027360916138,1.6185028553009033,5.511908054351807
Cc1cc([N+](=O)[O-])sc1CC[C@H](C)O,1.6184920072555542,1.6184920072555542,4.105299472808838
C[C@H](CF)S(=O)(=O)CCN1CCC[C](O)C1,1.6184719800949097,1.6184719800949097,5.4316277503967285
CCCCC[C](CCc1ncc(F)cc1[N+](=O)[O-])C(=O)O,1.6184172630310059,1.6184173822402954,4.33970308303833
CC(C)(CCn1cnc(C#N)cc1=O)S(C)(=O)=O,1.6183018684387207,1.6183018684387207,37.511207580566406
NS(=O)(=O)CCCN1C[C]2CNC[C@H]2C1,1.6181344985961914,1.6181344985961914,7.662336349487305
C[C@H]1N(N2CCn3nccc3C2)CCOC1(C)C,1.6181315183639526,1.6181315183639526,3.408635139465332
O=[N+]([O-])c1cncc(Br)c1Oc1cnn2c1OCCC2,1.617972493171692,1.617972493171692,18.917510986328125
Cc1nc(-c2nnc(Cl)nn2)oc1C,1.6179163455963135,1.6179163455963135,11.97665023803711
Cc1nc2n(n1)C[C@@H]([C@@H]1OC[C@@H]3CCC[C@@H]31)CC2,1.6178545951843262,1.6178545951843262,6.53771448135376
OC1CCC(c2ccc3nonc3c2)CC1,1.617704153060913,1.617704153060913,4.739729881286621
CCC(CC)(CN)c1cnc(N)cn1,1.617336630821228,1.617336630821228,2.4532859325408936
N#Cc1ccc(-c2c(Br)cncc2[N+](=O)[O-])cc1Cl,1.617204189300537,1.617204189300537,8.030191421508789
CN1CC[C@]2(CCN(c3nc4ccc(Cl)cc4[n+]([O-])n3)C2)C1,1.6167933940887451,1.6167933940887451,3.9192698001861572
O=c1ccn(-c2ccccc2F)cc1[N+](=O)[O-],1.6167919635772705,1.6167919635772705,8.262202262878418
C[C@@H]1CCCN(n2cnn(C)c2=O)C1,1.616572380065918,1.616572380065918,10.247252464294434
CC(C)(C)[C](O)C(=O)CCCCC#N,1.6165708303451538,1.6165708303451538,9.389460563659668
CCCCC[C@@H](C)c1ncc([N+](=O)[O-])cc1Br,1.6165521144866943,1.6165521144866943,9.335206985473633
Cc1noc(C)c1-c1cnc(Cl)cn1,1.616526484489441,1.616526484489441,9.774935722351074
O=CN1CCC[C@@H]1c1cnn2c1OCCC2,1.616045355796814,1.616045355796814,10.855467796325684
CC(C)(Cc1ccc(S(C)(=O)=O)s1)N1CCC[C@](C)(O)CC1,1.6159356832504272,1.6159356832504272,14.403135299682617
Cc1cccc(-n2ccc(=O)c([N+](=O)[O-])c2)n1,1.615240454673767,1.615240454673767,13.28567123413086
C[C@H](CCCCS(C)(=O)=O)CC(=O)O,1.6151732206344604,1.6151732206344604,6.649649620056152
Cc1nnc(N2CCNC[C@H]2C)cc1N1CCOC[C@H](C)C1,1.6150996685028076,1.6150996685028076,10.72603988647461
Cn1cnc([C@@H]2CCOC[C@H]2O)cc1=O,1.6150851249694824,1.6150851249694824,1.0391193628311157
Cc1cc(-c2ccc([N+](=O)[O-])s2)cc(O)n1,1.6150058507919312,1.6150058507919312,3.3615190982818604
C[C](C(=O)CCC(C)C)c1c([N+](=O)[O-])ncn1C,1.6144516468048096,1.6144516468048096,2.9443917274475098
C[C](O)CCCOc1nccc2ccncc12,1.6138391494750977,1.6138391494750977,7.8282647132873535
CN1CCN(c2ccnc(F)c2F)[C@@H](C2(C#N)CCC2)C1,1.613762617111206,1.613762617111206,4.910142421722412
CC[C@H](C)N(OC)C(=O)CCc1cnn2c1OCCC2,1.613721251487732,1.613721251487732,28.342634201049805
CS(=O)(=O)c1ccc(-c2ncccc2O)s1,1.613640308380127,1.613640308380127,8.170690536499023
C[C@H]1CN(c2c([N+](=O)[O-])ncn2C)C[C@@H]1O,1.6134707927703857,1.6134707927703857,1.6508309841156006
C[C](C#N)Cn1c(C=O)nc2ccccc21,1.6133922338485718,1.6133922338485718,0.6557372212409973
OCCCCCc1cc2n(n1)CCC2,1.6129634380340576,1.6129634380340576,7.617945194244385
CN1CCC(C#N)(CC(O)Cc2cnn3c2OCCC3)CC1,1.6129034757614136,1.6129034757614136,56.93571472167969
C#CC1(O)CN(c2cnc3nonc3n2)C1,1.61282217502594,1.61282217502594,4.128866672515869
CC[C@H](C)C[C@H](CO)c1nc2nonc2nc1O,1.6127281188964844,1.6127281188964844,3.0081379413604736
C[C@@H](C[S@](C)=O)N1CCC[C@](C)(O)CC1,1.612725019454956,1.612725019454956,7.300813674926758
CC(C)[C@@H](C(N)=O)N1CCC[C@](C)(O)CC1,1.6119340658187866,1.6119340658187866,19.319711685180664
C[C@H]1N(c2nc(O)c3ncnnc3n2)CCOC1(C)C,1.6117764711380005,1.6117764711380005,5.017423152923584
N#Cc1ccc(-c2ccc(N)nc2)cc1Cl,1.6116516590118408,1.6116516590118408,17.82193374633789
CC(=O)CCCN1CCOC[C@H](C)C1,1.6113232374191284,1.6113232374191284,10.853080749511719
CCCCC[C@@H](C)c1ncccc1F,1.6112130880355835,1.6112130880355835,16.524978637695312
Cc1nnc([C@@H]2OC[C@@H]3CCC[C@@H]32)n1C,1.6111005544662476,1.6111005544662476,15.951115608215332
C[C@H](CCO)c1cnn2c1OCCC2,1.610999345779419,1.610999345779419,10.598828315734863
CC[C@@H](C)N(OC)C(=O)CCc1cnn2c1OCCC2,1.6109358072280884,1.6109358072280884,16.22477149963379
C[C@@H](C[S@@](C)=O)c1cc(C#N)ccc1[N+](=O)[O-],1.6105380058288574,1.6105380058288574,7.410241603851318
NC(=O)CCCc1cc2n(n1)CCO2,1.6103765964508057,1.6103765964508057,0.07746084779500961
CN1CCC(C#N)(CC(O)Cc2ccc(S(C)(=O)=O)s2)CC1,1.6100469827651978,1.6100469827651978,26.482637405395508
Cn1cc(Oc2cnn3c2OCCC3)c(O)nc1=O,1.6100187301635742,1.6100187301635742,9.491324424743652
C#CCCCc1ncc(-c2nonc2[N+](=O)[O-])c(C)n1,1.6096692085266113,1.6096692085266113,7.797906398773193
c1nonc1[C@@H]1[C]2CCO[C@@H]2C12CCC2,1.6096035242080688,1.6096035242080688,5.575643062591553
Cc1cc(C#N)cnc1-c1ccc2c(c1)n(C)c(=O)n2C,1.6094982624053955,1.6094982624053955,9.735126495361328
Cn1c(=O)cc(-c2ncc(F)cn2)c2ccccc21,1.609420895576477,1.609420895576477,1.7069791555404663
CC(C)S(=O)(=O)CCCCC(O)CN1CCC[C@@](C)(O)CC1,1.6093820333480835,1.6093820333480835,6.317345142364502
C[C@]1(O)CCCN(c2cc3nccnc3cc2F)CC1,1.6090410947799683,1.6090410947799683,9.804749488830566
NC(=O)C1=NO[C@H](N2C[C@H](O)[C@@H](O)C2)C1,1.6089826822280884,1.6089826822280884,13.77785873413086
C[C@H](C[S@@](C)=O)N1CCC[C@](C)(O)CC1,1.608864665031433,1.6088645458221436,8.776866912841797
CC[C](C[C@H]1CCCC12OCCO2)C(=O)O,1.6088541746139526,1.6088541746139526,10.377084732055664
Cc1cc(C)n([C@@H]2CCOC[C@H]2O)n1,1.6088297367095947,1.6088297367095947,1.0556457042694092
Cn1ncc(CCOc2ccc(C#N)c(Cl)c2)c1Cl,1.60850191116333,1.60850191116333,11.11789321899414
N#Cc1ccc(-c2cc3n(n2)CCO3)o1,1.6082566976547241,1.6082566976547241,24.690771102905273
Cn1cnc([N+](=O)[O-])c1-c1cccnc1C#N,1.608098030090332,1.608098030090332,11.71651554107666
Cc1cnc(CCC(=O)Nn2c(O)nnc2O)o1,1.6079696416854858,1.6079696416854858,10.109125137329102
C=CC[C](CO)Cc1ncnc2sc([N+](=O)[O-])cc12,1.6078368425369263,1.6078368425369263,13.890360832214355
NC(=O)C1=NO[C](CC(O)CN2CCn3nccc3C2)C1,1.6077193021774292,1.6077193021774292,12.37924575805664
C[C@H](C(N)=O)c1cnn2c1OCCC2,1.6076805591583252,1.6076805591583252,11.753005027770996
C[C@H]1CCCN(CCCCS(C)(=O)=O)C1,1.6073710918426514,1.6073710918426514,19.366031646728516
Cc1noc(C)c1[C@@H]1OC[C@@H]2CCC[C@@H]21,1.6071945428848267,1.607194423675537,10.267550468444824
CC1CCN(N2C[C@@H](C)[C@H](O)C2)CC1,1.607126235961914,1.6071261167526245,5.266960144042969
Clc1nccnc1N1C[C@H]2CNC[C@H]2C1,1.6070514917373657,1.6070514917373657,4.056375026702881
C#CCCCCN1CCCNC(=O)[C@H]1C,1.6069763898849487,1.6069763898849487,8.239306449890137
CN1C[C@@H]2CN(c3c(Br)cncc3[N+](=O)[O-])C[C@@H]2C1,1.6068763732910156,1.6068763732910156,11.820857048034668
N#Cc1ccc(-c2cccc(Cl)c2)cc1Cl,1.6067579984664917,1.6067579984664917,12.154122352600098
Cn1nc2c(c1[C@@H]1COC[C@@H]1O)CCCC2,1.6065878868103027,1.6065877676010132,5.367471694946289
N#Cc1ccc(S(=O)(=O)c2cn(-c3cnon3)nn2)s1,1.6064729690551758,1.6064729690551758,4.722726821899414
C[C@@H](O)CCCN1CCc2c[nH]nc2C1,1.606419563293457,1.606419563293457,3.698850154876709
CC[C@H](CO)c1cc(C#N)ccc1[N+](=O)[O-],1.6058868169784546,1.6058868169784546,8.076993942260742
CC(C)[C](O)CN1CCCNC(=O)[C@@H]1C,1.6058049201965332,1.6058049201965332,6.950185775756836
C[C@@H]1C[C@H](C)CN(c2cnc(N)cn2)C1,1.6057419776916504,1.6057419776916504,8.092912673950195
CC(C)(CCN1CC[C@H]2CCN[C@H]2C1)S(C)(=O)=O,1.6055362224578857,1.6055362224578857,25.038330078125
N#Cc1cc(-c2ccc([N+](=O)[O-])o2)ccn1,1.6052597761154175,1.6052597761154175,9.594364166259766
N[C@@H]1CCCN(c2ccc([N+](=O)[O-])s2)C1,1.6049995422363281,1.6049995422363281,4.330075740814209
Cc1nonc1-c1ccnc(C#N)c1,1.604806900024414,1.604806900024414,4.2596025466918945
C[C@@H]1CCCN(CCCCS(C)(=O)=O)C1,1.604714274406433,1.604714274406433,9.66348934173584
CC[C@@](C)(CCO)c1cc(C#N)ccc1[N+](=O)[O-],1.6046247482299805,1.60462486743927,10.573249816894531
Cc1nc([N+](=O)[O-])c([C@H]2CCN(C)C2)n1C,1.6043438911437988,1.6043438911437988,3.864712953567505
C[C](C(=O)CC[C@H](C)CC(=O)N1CCCOC[C@H]1C)C(C)C,1.6039575338363647,1.6039575338363647,12.080484390258789
CN1CCC(C#N)(n2c(Br)nc([N+](=O)[O-])c2[N+](=O)[O-])CC1,1.6038856506347656,1.6038856506347656,12.3866605758667
Cn1cc([N+](=O)[O-])c(C2(C#N)CCC2)n1,1.6038260459899902,1.6038260459899902,0.740914523601532
Cc1nnccc1-c1ccnnc1C,1.6034919023513794,1.6034919023513794,14.04469108581543
CCC(C)(C)C(=O)Cc1cn(C)cn1,1.6034764051437378,1.6034764051437378,3.1511054039001465
c1nn2c(c1CCCOc1cnn3c1OCCC3)OCCC2,1.6031769514083862,1.6031769514083862,37.49457550048828
CC(C)S(=O)(=O)CCCc1c(Br)cncc1[N+](=O)[O-],1.6030243635177612,1.6030243635177612,2.508295774459839
C[C](C(=O)CCCS(=O)(=O)C(C)C)c1ccc([N+](=O)[O-])s1,1.6027922630310059,1.6027922630310059,2.619581460952759
C=CC[C@H](CO)CC[C](C(=O)C(C)(F)F)C(C)C,1.6026813983917236,1.6026813983917236,8.286356925964355
O=[N+]([O-])c1cncc(Br)c1-c1cnn2c1OCCC2,1.6026777029037476,1.6026777029037476,6.889123439788818
C[C@H](O)C[C@@H](C)n1ccc(=O)c([N+](=O)[O-])c1,1.6019176244735718,1.6019176244735718,8.039210319519043
CC[C@@H](C)CCCCCC(=O)C(=O)O,1.6018531322479248,1.6018531322479248,10.995314598083496
CC(=O)CCCc1ccc(S(C)(=O)=O)s1,1.6015889644622803,1.6015889644622803,15.2314453125
C=C[C@H](C(=O)O)C(=O)N(CC(C)(C)C)OC,1.6015204191207886,1.6015204191207886,8.79422664642334
CCCC[C@H](C(=O)O)c1c2c(nn1C)CCCC2,1.601517915725708,1.601517915725708,14.137948036193848
Cn1nccc1-c1c(F)ccnc1F,1.6010862588882446,1.6010862588882446,13.571579933166504
CC(C)(Cc1cnn2c1OCCC2)c1ccc([N+](=O)[O-])o1,1.601011037826538,1.601011037826538,12.45966625213623
CC(C)(CCC(C)(C)[N+](=O)[O-])[N+](=O)[O-],1.6009715795516968,1.6009715795516968,11.56734848022461
O=Cc1ccc(-c2cc(Br)cnc2[N+](=O)[O-])o1,1.6004912853240967,1.6004912853240967,4.110406875610352
CC1CCN(C(=O)[C]2CSc3ccccc32)CC1,1.600228190422058,1.600228190422058,2.239751100540161
O=[N+]([O-])c1cc(Cl)ncc1[C@H](CO)CC(F)F,1.5995997190475464,1.5995997190475464,2.1331892013549805
C#CCCC[C@H]1CCCC12OCCO2,1.599037766456604,1.599037766456604,8.677661895751953
Cc1nc([N+](=O)[O-])c(CCc2ccc3c(c2)OCCO3)n1C,1.5989551544189453,1.5989551544189453,17.5568904876709
N#Cc1ccc(N2CCC[C@@H](N)C2)o1,1.5987892150878906,1.598789095878601,10.775715827941895
CC[C@@H](O)Cc1cnn2c1OCCC2,1.5987682342529297,1.5987682342529297,11.41787338256836
N[C@H]1CCN(n2c(=O)cnc3ccccc32)C1,1.598642349243164,1.598642349243164,7.27703857421875
Cc1cnc(S(C)(=O)=O)nc1-c1cnn2c1OCCC2,1.5986303091049194,1.5986303091049194,5.166941165924072
Cc1nc(-c2ncccc2F)oc1C,1.5985724925994873,1.5985724925994873,28.18790626525879
CCC(C)(C)C(=O)[C@@H]1COCCN1N1C[C@H](C)C[C@H](C)C1,1.5984208583831787,1.5984208583831787,8.284538269042969
N#Cc1cc(=O)n(-n2ccc(=O)c([N+](=O)[O-])c2)cn1,1.5980240106582642,1.5980240106582642,7.638408184051514
C[C@H]1CN(N2CCn3nccc3C2)CCN1,1.5979673862457275,1.5979673862457275,3.071707248687744
C[C@@H]1C[C@@H](S(=O)(=O)c2ccc([N+](=O)[O-])s2)[C@@H](C)O1,1.5979423522949219,1.5979423522949219,4.489893913269043
C[C@H](Cc1ccc2c(c1)OCCO2)C(=O)c1ccc(N)nc1,1.5978418588638306,1.5978419780731201,0.38212794065475464
Cc1nnccc1-c1nccn2ccnc12,1.5976357460021973,1.5976357460021973,7.851226806640625
Cn1nnc(-c2c(F)ccnc2F)n1,1.5973864793777466,1.5973864793777466,2.630995750427246
Cn1ncc(-c2c(F)ccnc2F)n1,1.5973221063613892,1.5973221063613892,36.426292419433594
C[C@H]1C(=O)NCCN1Oc1cnn2c1OCCC2,1.59725821018219,1.59725821018219,10.06126880645752
CCCCC[C@@H](C)c1ncc(Cl)n1C,1.5971097946166992,1.5971097946166992,13.300898551940918
C#C[C@H](c1cnn2c1OCCC2)C(C)C,1.5970052480697632,1.5970052480697632,8.789020538330078
CS(=O)(=O)c1ccc(-c2ccnc(F)c2)s1,1.5965763330459595,1.5965763330459595,5.406982898712158
C[C@@H]1O[C@@H](C)C[C]1CCC(=O)c1c2c(nn1C)CCCC2,1.5964032411575317,1.5964032411575317,5.6954264640808105
C[C@H]1COCCN([C@@H]2COC[C@@H]2O)C1,1.595902919769287,1.595902919769287,8.081831932067871
C[C@H]1CCCCN1N1CCc2ccccc2CC1,1.5958627462387085,1.5958627462387085,11.225717544555664
CCCC[C@@H](CCN(C)OC)C(=O)O,1.5952730178833008,1.5952730178833008,14.62842845916748
CCCCC[C@@H](C)c1ccc(C#N)o1,1.5950146913528442,1.5950146913528442,20.89204978942871
CS(=O)(=O)CCCCc1ccc(O)c(O)c1,1.5945415496826172,1.5945415496826172,11.326004981994629
C[C]1CN(CCC[C@@](C)(C#N)c2cccnc2C)C[C@H]1O,1.594280481338501,1.594280481338501,9.635186195373535
CC1CCN(c2cc([N+](=O)[O-])c([N+](=O)[O-])cc2Cl)CC1,1.5940693616867065,1.5940693616867065,4.823046684265137
CCC(C)(C)C(=O)c1cc(C)nc(O)c1,1.5939885377883911,1.5939886569976807,9.744318962097168
CC(C)S(=O)(=O)CCCc1cnnc(O)c1,1.5939222574234009,1.5939222574234009,0.49801433086395264
Cc1nc(N2CCS[C@H](C)C2)oc1C,1.5938612222671509,1.5938612222671509,17.000782012939453
CC[C](C)C(=O)C(=O)[C@H]1CSc2ccccc21,1.5936131477355957,1.5936131477355957,4.920163631439209
CON(C)CCN[C@@H]1CCCn2ncnc21,1.59346342086792,1.5934633016586304,15.06397533416748
C[C@H]1C(=O)NCCCN1c1ccnc(F)c1F,1.5933419466018677,1.5933419466018677,10.290026664733887
Cc1cnc(-c2ccnc(C3OCCO3)n2)o1,1.592757225036621,1.592757225036621,3.55869460105896
C=C(Cl)CS(=O)(=O)c1ccc(C#N)s1,1.5926519632339478,1.5926519632339478,13.208727836608887
CS(=O)(=O)CCCC[C@H](CF)C(=O)O,1.5922973155975342,1.5922973155975342,5.679439067840576
CC(C)C[C@H](CN)N1CCOC[C@H](C)C1,1.5922858715057373,1.5922858715057373,20.718408584594727
CCC(c1cnn2c1OCCC2)[N+](=O)[O-],1.5920298099517822,1.5920298099517822,36.54845428466797
c1ccc2c(c1)CCN2c1cc2n(n1)CCC2,1.5916708707809448,1.5916708707809448,24.531503677368164
C[C@@H]1C[C@@H](c2ccnc3ccccc23)[C@H](C)O1,1.5916634798049927,1.5916634798049927,0.7397971749305725
C[C@@H]1CCCN(N2CCNC[C@@H]2C)C1,1.5915440320968628,1.5915439128875732,4.4612226486206055
O=[N+]([O-])c1ccc(-c2ccccc2F)s1,1.591381549835205,1.591381549835205,9.660438537597656
CCCC[C@H](C(=O)O)c1c(F)ccnc1F,1.5912513732910156,1.5912513732910156,0.3191799223423004
Cn1cc(-n2ncc([N+](=O)[O-])c2N)c(O)nc1=O,1.5911500453948975,1.5911500453948975,7.988581657409668
C[C@@H]1C(=O)NCCN1N1CC[C@@]2(CCOC2=O)C1,1.5909485816955566,1.5909485816955566,14.448320388793945
CC1(C)OCC[C@H]1c1ccc(S(C)(=O)=O)nc1,1.590895175933838,1.590895175933838,2.2142653465270996
CN1C[C@@H](N2CCC[C@](C)(O)CC2)CC1=O,1.5908011198043823,1.5908011198043823,16.898744583129883
c1nn2c(c1CCC[C@@H]1[C]3CCO[C@@H]3C13CCC3)OCCC2,1.5901285409927368,1.5901285409927368,10.084590911865234
CCCCC[C@@H](C)c1cc2n(n1)CCO2,1.5900025367736816,1.5900025367736816,13.531103134155273
Cc1cnc(-c2cn(C)c(=O)nc2O)o1,1.5899279117584229,1.5899279117584229,11.521556854248047
N#C[C@@H]1CCCN(n2ncc([N+](=O)[O-])c2N)C1,1.5896657705307007,1.5896657705307007,6.687077045440674
[O-][n+]1nc(-c2ncccc2O)nc2ccc(Cl)cc21,1.5896245241165161,1.5896245241165161,3.807878017425537
CC[C](Cn1nc(C)cc1C)C(=O)O,1.589229941368103,1.589229941368103,8.508441925048828
CN1CC(=O)N(N2CCC(N)CC2)C1=O,1.5892263650894165,1.5892263650894165,2.464526653289795
CC[C@H](C)C(=O)[C@H]1CCN(OS(C)(=O)=O)C[C]1C,1.5892221927642822,1.5892221927642822,2.9358625411987305
O=c1oc(-c2c(F)ccnc2F)cc2ccccc12,1.5891544818878174,1.5891544818878174,8.086150169372559
Cc1noc(C)c1-c1c(F)ccnc1F,1.589072346687317,1.589072346687317,37.95225524902344
C[C@@H]1C[C@H](C)CN(c2ncccc2F)C1,1.588437557220459,1.588437557220459,13.529400825500488
Cc1ccc(C=O)cc1-n1cnc([N+](=O)[O-])c1[N+](=O)[O-],1.5884027481079102,1.5884027481079102,1.3754273653030396
O=[N+]([O-])c1ccc(Oc2nnc(Cl)nn2)o1,1.5881712436676025,1.5881712436676025,10.49561595916748
CON(C)C(=O)[C@H](C)N1CC[C@H](N)C1,1.5881019830703735,1.5881019830703735,16.894498825073242
C[C@H](C(=O)c1ccc([N+](=O)[O-])s1)c1ccccc1C#N,1.587986707687378,1.587986707687378,8.90394115447998
N#C[C@H]1CCCN(CCCC(=O)CCC(=O)O)C1,1.5874817371368408,1.5874817371368408,0.8312426805496216
C[C]1C[C@H](C)CN([C@@H]2CC[C@H](C)C2)C1,1.5873417854309082,1.5873417854309082,9.271500587463379
N#Cc1ccc([C@H]2CCCC23OCCO3)cc1Cl,1.5872836112976074,1.5872836112976074,50.98452377319336
C[C@H](C(=O)O)c1cnn2c1OCCC2,1.587070345878601,1.587070345878601,8.462163925170898
CS(=O)(=O)c1ccc(-c2ccc(C#N)cn2)s1,1.5869711637496948,1.5869711637496948,3.0411536693573
CN1CCC(C#N)(C(=O)CCc2cnn3c2OCCC3)CC1,1.5868334770202637,1.5868334770202637,45.625064849853516
CC(C(=O)O)c1cnn2c1OCCC2,1.5868021249771118,1.5868021249771118,10.014447212219238
CC(C)(CCc1ccc2nonc2c1)S(C)(=O)=O,1.5867104530334473,1.5867104530334473,9.088176727294922
C[C]1CN(N2C[C@H](O)[C@@H](O)C2)C[C@@H]1O,1.5862064361572266,1.5862064361572266,13.621744155883789
CN1CCC(C#N)(CCCC(=O)C(=O)O)CC1,1.5860086679458618,1.5860086679458618,13.609597206115723
Cc1nc([C@@H]2CCN3CCC[C@@H]3C2)oc1C,1.5854305028915405,1.5854305028915405,21.013713836669922
CC(C)CCC1OC(=O)c2ccccc21,1.5849982500076294,1.5849982500076294,7.039639949798584
C[C@H]1COCCN(N2C[C]3CN(C)C[C@@H]3C2)C1,1.5849436521530151,1.5849436521530151,10.352781295776367
N[C]1CCN(c2cnc(-c3ncccc3F)s2)C1,1.5845704078674316,1.5845704078674316,3.61564564704895
O=C1NCCn2c(CN3CCOC3=O)nnc21,1.584494709968567,1.584494709968567,2.3088157176971436
Cc1nc([C@@H]2[C@@H]3CCO[C@H]3C23CCC3)ccc1C#N,1.5840181112289429,1.5840181112289429,1.865803599357605
O=[N+]([O-])c1nonc1-c1ccc(Cl)nc1,1.5838921070098877,1.5838922262191772,5.523710250854492
CC(C)(C)CC(=O)Cc1ccc(C#N)c(Cl)c1,1.5837441682815552,1.5837441682815552,13.525463104248047
OC[C@H](CC(F)F)c1nc2ncccn2n1,1.5837376117706299,1.5837376117706299,11.94837760925293
CCCCC[C@@H](C)c1cnn(C)c1Cl,1.5837324857711792,1.5837324857711792,2.3457982540130615
C[C]1C[C@H](C)CN([C@H]2CCCNCC2)C1,1.5836230516433716,1.5836230516433716,14.168075561523438
C[C@H](C[S@@](C)=O)c1ccc([N+](=O)[O-])s1,1.5833911895751953,1.5833911895751953,9.29627513885498
Nc1cnc(N2CCc3ccccc3CC2)cn1,1.5833055973052979,1.5833055973052979,6.320277690887451
CC(C)CCc1cc(C=O)ccc1F,1.5832879543304443,1.5832879543304443,7.63610315322876
OC[C@H](CC(F)F)c1c(F)ccnc1F,1.5827453136444092,1.5827453136444092,13.778945922851562
Cc1cc(CCCCS(C)(=O)=O)cc(O)n1,1.58273184299469,1.58273184299469,15.327192306518555
CC(C)C[C@H](CN)c1c(F)cc([N+](=O)[O-])cc1F,1.582174301147461,1.582174301147461,5.252063751220703
C[C@@H](CCS(C)(=O)=O)N1CC[C@H]([C@@H]2CCOC2)C1,1.5821044445037842,1.5821044445037842,3.4945335388183594
Cn1cnc([N+](=O)[O-])c1-c1c2c(nn1C)CCCC2,1.5819491147994995,1.5819491147994995,39.18180465698242
CCC(C)(C)[C@@H](C[C@@H](CN)CC(C)C)C(C)(C)C,1.581465244293213,1.581465244293213,3.770944833755493
N#Cc1ccc([N+](=O)[O-])c(N2CC[C@@]3(CCOC3=O)C2)c1,1.5814497470855713,1.5814497470855713,7.415022373199463
C[C@H]1CN(c2nnc(Cl)nn2)CCO1,1.581432819366455,1.5814329385757446,18.9041805267334
Cc1nnc(O)c([C@@H]2[C]3CCO[C@@H]3C23CCC3)c1C,1.581022024154663,1.581022024154663,0.2691103219985962
CCC(=O)CN1C[C@H]2CN(C)C[C@H]2C1,1.5807315111160278,1.5807315111160278,11.26767349243164
CC(C)C[C@@H](CC(=O)O)Cc1nnn[nH]1,1.5806578397750854,1.5806578397750854,9.178866386413574
CC[C@@H](Cc1cccc([C@H]2CC(C)=NO2)c1)C(=O)O,1.5805492401123047,1.5805492401123047,2.5308282375335693
C=CC[C@H](CO)Cc1cc2n(n1)CCO2,1.5803617238998413,1.5803617238998413,14.89448356628418
CC[C@@H](C)N(OC)C(=O)c1cc2n(n1)CCO2,1.5802701711654663,1.5802701711654663,7.838654518127441
C=CCCC(=O)[C@@](C)(CC)C(=O)c1ncc(C#N)cc1C,1.5801799297332764,1.5801799297332764,5.548058986663818
O=[N+]([O-])c1ccc(-c2cc3n(n2)CCC3)s1,1.5801784992218018,1.5801784992218018,6.166712760925293
C[C@H]1CCCN(N2C[C](O)[C@@H](O)C2)C1,1.5798258781433105,1.5798258781433105,3.022385597229004
Fc1cccc(F)c1N[C]1CCCn2ncnc21,1.5797724723815918,1.5797724723815918,5.465646743774414
C[C@@H]1C[C@@H](c2ccc3nccn3n2)[C@H](C)O1,1.5797561407089233,1.5797561407089233,3.3082175254821777
N#CC1(n2ncc([N+](=O)[O-])c2N)CCC1,1.579447865486145,1.579447865486145,0.3789561092853546
C#Cc1ccc(-c2nc(C)c(C)o2)nc1,1.5792012214660645,1.5792012214660645,11.14035701751709
CC[C](C[C@@H]1CCOC[C@H]1O)C(=O)O,1.5791981220245361,1.5791981220245361,10.482852935791016
C[C]1CN([C@@H]2CCOC2(C)C)C[C@H]1O,1.5791219472885132,1.5791219472885132,7.6199798583984375
C[C@]1(O)CCCN(c2nc(O)c([N+](=O)[O-])cc2Br)CC1,1.5790789127349854,1.5790789127349854,12.587331771850586
Clc1nc2nonc2nc1CCc1cnn2c1OCCC2,1.5783076286315918,1.5783076286315918,15.255073547363281
C[C@H](O)CCCC(=O)[C](O)C(C)(C)C,1.5780870914459229,1.5780870914459229,8.828648567199707
C[C@]1(O)CCCN(c2nccc3ccncc23)CC1,1.5779473781585693,1.5779473781585693,13.81851577758789
Cn1ncn(-c2ccc(/C=C/[N+](=O)[O-])c([N+](=O)[O-])c2)c1=O,1.5776270627975464,1.5776270627975464,4.810262680053711
CN1C[C@@H](C2(O)CCOCC2)CC1=O,1.577574610710144,1.577574610710144,10.873689651489258
C[C@@H](O)CCCc1c(F)ccnc1F,1.5773206949234009,1.5773206949234009,30.001192092895508
O=[N+]([O-])c1ncc(-c2nccn3ccnc23)s1,1.5772210359573364,1.5772210359573364,3.0561556816101074
N#CCCCCOc1ccc(C#N)o1,1.5768340826034546,1.5768340826034546,13.652714729309082
Cc1nnc(O)c([C@H]2CCCC[C@H]2O)c1C,1.5768094062805176,1.5768094062805176,10.304061889648438
C[C@H](CC(=O)[C@H]1CCCC12OCCO2)C(=O)C(F)(F)F,1.5765975713729858,1.5765975713729858,3.6999285221099854
C#Cc1ccc(-c2ccc(S(C)(=O)=O)s2)nc1,1.5765858888626099,1.5765858888626099,14.36201286315918
C[C@H]1CCCN(c2ccc3nccn3n2)C1,1.576447606086731,1.576447606086731,10.10391616821289
CS(=O)(=O)c1ccc(CC(O)Cc2cnn3c2OCCC3)s1,1.5756160020828247,1.5756160020828247,13.256195068359375
CC(C)(CCc1ccc2c(c1)OCCO2)CNC1=NCCS1,1.5755853652954102,1.5755852460861206,12.34936237335205
Cc1nc(CCCc2ncc(C=O)cc2Br)cnc1Cl,1.5754895210266113,1.5754895210266113,7.509891033172607
C[C@@H]1CNCCN1[C@H]1CCNC12CCC2,1.5750524997711182,1.5750524997711182,17.10780143737793
CC[C@H](C)N(OC)C(=O)c1cc2n(n1)CCO2,1.574841022491455,1.574841022491455,45.7020149230957
CC[C@@H](C)N(OC)C(=O)Oc1c(F)ccnc1F,1.5744436979293823,1.5744436979293823,27.41895866394043
C[C@H](O)CCCc1c(F)ccnc1F,1.574256420135498,1.574256420135498,13.601832389831543
CN1CC[C@@H]2CC[C@H](C1)N2N1CCC[C@H](O)CC1,1.5740652084350586,1.5740652084350586,6.5138373374938965
Cc1ccc(N2CCc3c[nH]nc3C2)nn1,1.5738742351531982,1.5738742351531982,3.9732747077941895
C#CCCCC(=O)C[C@H](C)c1c(F)ccnc1F,1.5735561847686768,1.5735561847686768,4.606913089752197
CCCCC[C@@H](C)c1nc(C)c(C)o1,1.573132872581482,1.573132872581482,1.1106493473052979
CC[C@@H](C)N(OC)C(=O)[C@H]1CCNC(=O)C1,1.5729976892471313,1.5729976892471313,1.6146281957626343
N#Cc1ccccc1[C@@H]1CCCC12OCCO2,1.5728694200515747,1.5728694200515747,2.0517919063568115
Cc1nnsc1-c1ccc2oc(=O)ccc2c1,1.5723663568496704,1.5723663568496704,3.6398894786834717
C=CC[C@H](C)c1c([N+](=O)[O-])ncn1C,1.572235107421875,1.572235107421875,15.023175239562988
CC(=O)[C@H](CC(=O)[C@@H](CN)CC(C)C)[C@@H](C)CCO,1.5721732378005981,1.5721732378005981,9.541622161865234
C[C@]1(O)CCCN(c2ccc(C=O)[nH]2)CC1,1.5718680620193481,1.5718680620193481,11.3619966506958
CCCCCc1ncc(C#N)cc1C,1.571408987045288,1.571408987045288,4.504565238952637
CC(O)(CCC(=O)O)Cc1ccc(F)cc1,1.5712709426879883,1.5712708234786987,6.882019996643066
CC(C)(C)[C@H](C(=O)O)c1cnn2c1OCCC2,1.5711294412612915,1.5711294412612915,1.622487187385559
Fc1ccccc1[C@H]1CCCC12OCCO2,1.5709328651428223,1.5709328651428223,13.288284301757812
C[C@H]1CN(c2cncc(O)c2)CCN1,1.5707217454910278,1.5707217454910278,2.97564959526062
O[C@@H]1CCCC[C@H]1N1C[C@H]2CCC[C@@H](C2)C1,1.5706721544265747,1.5706721544265747,7.472408771514893
CCCCC[C@H](C)c1cnc2ncc(Br)cc2c1,1.5696017742156982,1.5696017742156982,3.8806262016296387
C[C@H](CCS(C)(=O)=O)Oc1ccc(C#N)o1,1.5695990324020386,1.5695990324020386,8.045884132385254
CC(F)(F)C(=O)N1C[C@H]2CNC[C@H]2C1,1.5695635080337524,1.5695635080337524,6.04580545425415
CCC(C)(C)C(=O)[C@H]1CCNC12CCC2,1.5695533752441406,1.5695533752441406,7.307827949523926
Cc1cc2ccccc2nc1-c1ccc(C#N)o1,1.5692882537841797,1.5692882537841797,9.865501403808594
CN1CCC(C#N)(CC(O)CC2(C#N)CCN(C)CC2)CC1,1.569224238395691,1.569224238395691,61.35367202758789
C=CC[C@H](CO)Cc1cccc([N+](=O)[O-])c1,1.5691646337509155,1.5691646337509155,9.057480812072754
Cc1nc(C2(C#N)CCC2)oc1-c1ccc2c(c1)OCCO2,1.5688037872314453,1.5688037872314453,4.222818851470947
Cc1cnc(CCn2c(Br)cnc2C)o1,1.5684797763824463,1.5684797763824463,9.375253677368164
CC[C@@H](C)N(OC)C(=O)[C@@H](C)CC(C)(C)O,1.5679429769515991,1.5679429769515991,9.638623237609863
O=[N+]([O-])c1ccc(Cl)c(CCCCO)c1,1.5673739910125732,1.5673739910125732,1.4793171882629395
C[C@H](O)CCCc1cc(Cl)ncc1F,1.5670466423034668,1.5670466423034668,6.395413398742676
CN1CC[C@@H]2[C](CCCN2CCc2cnn3c2OCCC3)C1,1.566723346710205,1.566723346710205,11.3782377243042
CON(CCCCC(C)=O)C(=O)c1ccnnc1,1.566288948059082,1.566288948059082,0.3522484302520752
CN1CCC[C](Oc2ccc(Cl)cn2)C1,1.5661379098892212,1.5661379098892212,8.912518501281738
Cc1ccc(CC(=O)CC(C)(C)C)o1,1.5661259889602661,1.5661259889602661,3.78865385055542
C[C@H](CCO)[C@@H]1[C@H]2CCO[C@@H]2C12CCC2,1.5659128427505493,1.5659128427505493,6.754791736602783
C#CCCCc1cc(Br)cnc1[N+](=O)[O-],1.5655070543289185,1.5655070543289185,14.977221488952637
Cc1cnoc1[C@@H]1CC(C(N)=O)=NO1,1.5652611255645752,1.5652611255645752,4.877610206604004
Clc1ncnc2c(N3C[C@H]4CNC[C@H]4C3)snc12,1.5652248859405518,1.5652248859405518,2.5172553062438965
N#CCCCCc1cc2n(n1)CCO2,1.5642582178115845,1.5642582178115845,20.485305786132812
C1CNC[C@@H]([C@H]2CCCC23OCCO3)C1,1.564145565032959,1.564145565032959,3.964216709136963
Cc1nn(C)cc1-c1ccc(F)c(F)c1F,1.5640686750411987,1.5640686750411987,7.666959285736084
CCC[C](CCCCC(=O)O)Cc1ccn2cc(C)nc2c1,1.563966155052185,1.563966155052185,3.2027885913848877
Cc1nc([N+](=O)[O-])c(-c2c(Br)cncc2[N+](=O)[O-])n1C,1.5639604330062866,1.5639604330062866,1.213610291481018
N#Cc1ccc(CCc2cccnc2[N+](=O)[O-])cc1Cl,1.5637809038162231,1.5637809038162231,10.246756553649902
C=CCn1cc([N+](=O)[O-])nc1[N+](=O)[O-],1.562920331954956,1.562920331954956,1.9575430154800415
Cc1ccc(-c2nccnc2C)cc1F,1.5628883838653564,1.5628883838653564,7.326315879821777
CS(=O)(=O)CCCCc1ccccc1F,1.5628758668899536,1.5628758668899536,11.926665306091309
N#CC1(N2CC[C@@H]([C@@H]3CCOC3)C2)CC1,1.562692403793335,1.562692403793335,7.597480297088623
CC(C)CC[C@@](C)(C#N)c1cc(Br)cc([N+](=O)[O-])c1,1.5625702142715454,1.5625702142715454,0.8551697134971619
CC(C)[C@@H](C(N)=O)N1C[C@H]2CCC[C@@H](C2)C1,1.5624958276748657,1.5624958276748657,2.972940683364868
Cn1nc2c(c1-c1ccc(C#N)c(Cl)c1)CCCC2,1.5623887777328491,1.5623887777328491,61.86671829223633
C[C@H](O)c1ccc2c(c1)OCCO2,1.5621839761734009,1.5621839761734009,5.764127254486084
O=C1OCCN1c1cnc2ccc(Cl)nn2c1=O,1.562124490737915,1.562124490737915,3.313610076904297
C[C@H]1C(=O)NCCN1c1cc2n(n1)CCC2,1.561729907989502,1.561729907989502,9.176450729370117
C[C@@H]1CCCN(N2C[C@H](O)[C@@H](O)C2)C1,1.5615309476852417,1.5615309476852417,6.568425178527832
C[C](O)CCc1cnn2c1OCCC2,1.5612690448760986,1.5612690448760986,11.739612579345703
C[C@H]1CN(N2C[C](O)[C@@H](O)C2)CCN1,1.5610616207122803,1.5610616207122803,11.409398078918457
C[C@H]1CN(c2cc3n(n2)CCO3)CCO1,1.559827446937561,1.559827446937561,15.446961402893066
c1nn2c(c1CC[C]1[C@H]3CCO[C@@H]3C13CCC3)OCCC2,1.5596392154693604,1.5596392154693604,15.939051628112793
C[C@H]1C(=O)NCCN1N1C[C@H]2CN(C)C[C@H]2C1,1.5596383810043335,1.5596383810043335,14.451190948486328
CN1CC[C@@H]2[C@@H](CCCN2c2cccc([N+](=O)[O-])c2)C1,1.559116005897522,1.559116005897522,8.257375717163086
CS(=O)(=O)c1ccc(-c2cnnc(O)c2)s1,1.5590764284133911,1.5590764284133911,21.045658111572266
C[C@H]1C(=O)NCCCN1c1ccc(C#N)c(Cl)c1,1.5588430166244507,1.5588430166244507,11.239763259887695
Cc1nnc([C@H]2CN(c3ccnnc3C)C[C]2O)s1,1.558562994003296,1.558562994003296,6.525820732116699
CC[C@H](C(N)=O)N1CCC[C@](C)(O)CC1,1.558501958847046,1.558501958847046,11.70263671875
CC(C)[C@H](O)Cc1cnc(N2CCOC(C)(C)[C@H]2C)o1,1.558484673500061,1.558484673500061,5.240023136138916
CC(C)S(=O)(=O)CCCCCOC(=N)c1c(C#N)no[n+]1[O-],1.55813729763031,1.5581374168395996,5.131834030151367
CON(Cc1cnon1)C(=O)N1C[C@H]2CCN(C)C[C@H]2C1,1.5579084157943726,1.5579084157943726,3.061018228530884
C[C@H]1C(=O)NCCN1N1CCC[C@](C)(O)CC1,1.5574976205825806,1.5574976205825806,12.469968795776367
C[C@@H](CC(C)(C)c1ccnn1C)N1C[C@H]2CNC[C@H]2C1,1.5573289394378662,1.5573289394378662,3.9437458515167236
c1cc2c(cc1-c1cnn3c1OCCC3)CCC2,1.5571833848953247,1.5571832656860352,20.63997459411621
C[C@H]1COCCN(n2cccn2)C1,1.5570889711380005,1.5570889711380005,7.486493110656738
Cn1cc([N+](=O)[O-])c(-c2cncc(C#N)n2)n1,1.557047963142395,1.557047963142395,5.264885425567627
CC[C@H](C#N)c1c([N+](=O)[O-])nc(C)n1C,1.5568199157714844,1.5568197965621948,2.4128739833831787
CN1CCC(C#N)(CCCCc2ccc3c(c2)OCCO3)CC1,1.5566717386245728,1.5566717386245728,18.901161193847656
Cc1cnc(-c2ccncc2C#N)s1,1.5565695762634277,1.5565695762634277,1.662249207496643
CCCC[C@H](C(=O)O)c1c(C)noc1C,1.5564730167388916,1.5564730167388916,3.4019596576690674
CC1CCN(On2cnn(C)c2=O)CC1,1.5564393997192383,1.5564393997192383,10.219382286071777
N#Cc1ccc(-c2cc3n(n2)CCC3)cc1Cl,1.556373953819275,1.556373953819275,31.540292739868164
CCc1ccc(-c2ncn(C)n2)cn1,1.5563325881958008,1.5563325881958008,4.416574954986572
OC[C@H](CC(F)F)c1cnn2c1OCCC2,1.5560953617095947,1.5560953617095947,12.134832382202148
CCC(C)(C)C(=O)c1ccnn1C,1.5559196472167969,1.5559196472167969,5.990211009979248
CC[C@@H](C)N(OC)C(=O)c1ncc([N+](=O)[O-])cc1C#N,1.5558849573135376,1.5558849573135376,6.971615314483643
C[C@@H]1C[C@H](C)CN([C@H]2CCCSC2)C1,1.555482268333435,1.5554821491241455,13.332244873046875
Cn1cnc([N+](=O)[O-])c1-c1ccc(C#N)cn1,1.5548198223114014,1.5548198223114014,7.94069766998291
c1c([C@@H]2CCCSC2)nn2c1OCC2,1.5547112226486206,1.5547112226486206,30.773601531982422
CCCCC[C@@H](C)n1c(Br)nc([N+](=O)[O-])c1[N+](=O)[O-],1.5545908212661743,1.5545908212661743,6.128938674926758
C=CC[C@H](CO)C[C@H](C)CCCCC,1.5538691282272339,1.5538691282272339,7.044412136077881
CC1CCN(c2cn(C)cn2)CC1,1.553355097770691,1.553355097770691,6.122292518615723
Cc1cnc(N2CCC[C@H](O)CC2)o1,1.5531951189041138,1.5531951189041138,12.394366264343262
O=[N+]([O-])c1cc(Cl)c([C@@H](CO)CC(F)F)s1,1.5531898736953735,1.5531898736953735,4.809158802032471
NS(=O)(=O)CCCC(=O)C1=Cc2ccccc2OC1,1.553186058998108,1.553186058998108,1.8843109607696533
O=C(O)CCC(=O)Cc1ccc([N+](=O)[O-])s1,1.5528634786605835,1.5528634786605835,5.05556583404541
CC[C](C)Cc1cnn2c1OCCC2,1.5526316165924072,1.5526316165924072,10.501187324523926
Cc1ncccc1N1CC[C@H]2CCN[C@H]2C1,1.5525809526443481,1.5525809526443481,6.652902603149414
C=CC[C@H](CO)Cc1cccnc1O,1.5524370670318604,1.5524370670318604,0.44534993171691895
Cc1nccnc1-c1sc([N+](=O)[O-])cc1O,1.5523567199707031,1.5523567199707031,0.05737805739045143
C[C@H]1CN(c2c(F)ccnc2F)C[C@@H]1O,1.5522010326385498,1.5522010326385498,36.37177658081055
C=C(CC)Cc1ccc([S@](C)(=N)=O)cc1,1.5521961450576782,1.5521962642669678,1.5518784523010254
CC[C@H](CCO)c1cnn2c1OCCC2,1.5518056154251099,1.5518056154251099,11.321220397949219
CC(C)(C(=O)O)C(=O)CN1CC[C@@H]2COC(=O)N[C@H]2C1,1.5518007278442383,1.5518007278442383,2.913464069366455
C[C@@H]1C[C@H](C)CN(c2ccccc2)C1,1.5517032146453857,1.5517032146453857,12.400569915771484
C=CC[C@H](CO)CN1CCO[C@@H](C)C1,1.5514882802963257,1.5514882802963257,11.067095756530762
CC[C@H](C)N(OC)C(=O)c1cc([N+](=O)[O-])cnc1C#N,1.5514565706253052,1.5514565706253052,0.96279376745224
CCCCC[C](C)OC(=O)N(OC)[C@H](C)CC,1.5510878562927246,1.5510878562927246,11.448860168457031
Cc1cc2ccccc2nc1C1(C#N)CCN(C)CC1,1.550946831703186,1.550946831703186,33.6578254699707
O=Cc1cnc([C@@H]2[C@H]3CCO[C@@H]3C23CCC3)cc1Cl,1.5503268241882324,1.5503268241882324,2.7091803550720215
CC[C@H](C)N(OC)C(=O)CC(O)Cc1c(F)ccnc1F,1.5502957105636597,1.5502957105636597,28.18614387512207
CC[C@@H](CCCCS(C)(=O)=O)C(C)=O,1.549926996231079,1.549926996231079,10.71341609954834
CN1CCC(C#N)(CC(O)CN2CCC[C@](C)(O)CC2)CC1,1.549835443496704,1.549835443496704,19.72920036315918
C[C@H](CCS(C)(=O)=O)CC(=O)CCC(=O)O,1.5494202375411987,1.5494202375411987,1.9225627183914185
CCC(=O)N1CCOC(C)(C)[C@H]1C,1.5490432977676392,1.5490432977676392,1.9791868925094604
C[C]1CN([C@@H]2[C]3CCO[C@@H]3C23CCC3)C[C@@H]1O,1.5489329099655151,1.5489329099655151,16.321365356445312
Cn1nc2c(c1-c1sc([N+](=O)[O-])cc1O)CCCC2,1.548807144165039,1.548807144165039,3.651254892349243
C[C]1CCCN(CCCC(C)C)C1,1.548764944076538,1.548764944076538,6.347689628601074
N#CC1(c2c(F)ccnc2F)CC1,1.5482826232910156,1.5482826232910156,10.067449569702148
Cc1cnc(ON2C[C@@H](C)[C@H](O)C2)o1,1.54810631275177,1.54810631275177,11.307655334472656
C[C@]1(O)CCCN(CCCCc2ccc3c(c2)OCCO3)CC1,1.5475170612335205,1.5475170612335205,18.188505172729492
Clc1ccc([C@H]2CCCC23OCCO3)nc1,1.5473988056182861,1.5473988056182861,20.108503341674805
N#Cc1cc(=O)n(-c2ncccc2F)cn1,1.547189712524414,1.547189712524414,14.67313289642334
C[C@H](O)CCCc1cc2n(n1)CCO2,1.5470631122589111,1.5470631122589111,15.304025650024414
CCC(=O)[C@@H](C)N1CCOC(C)(C)[C@H]1C,1.5470101833343506,1.5470101833343506,9.493430137634277
C#CCCCc1ncc([N+](=O)[O-])cc1C#N,1.5468978881835938,1.5468978881835938,1.7951858043670654
CCC(=O)c1cnn2c1OCCC2,1.5468860864639282,1.5468860864639282,12.645849227905273
CC[C@@H](CCCCS(N)(=O)=O)C(=O)O,1.5466563701629639,1.5466563701629639,10.541243553161621
C=Cn1nnc(CCCC[C@H](C)N2CCNCC2)n1,1.546560525894165,1.5465606451034546,5.024142265319824
N#CC1([C@@H]2[C]3CCO[C@@H]3C23CCC3)CC1,1.5460937023162842,1.5460937023162842,4.1631293296813965
Cc1nc(-c2ccc(C#N)o2)oc1C,1.5458760261535645,1.5458760261535645,54.793251037597656
CC(C)(CCN1CCc2ccccc21)S(C)(=O)=O,1.545741319656372,1.545741319656372,13.896151542663574
C[C@H]1CCN(CC(=O)CCc2c3c(nn2C)CCCC3)C1,1.545630693435669,1.545630693435669,0.3684993088245392
CN1C[C@@H]2CN(c3ccccc3C(=O)C(F)(F)F)C[C@@H]2C1,1.545624017715454,1.545624017715454,3.373152494430542
NC(=O)C1=NO[C@H](N2CCc3ccccc3CC2)C1,1.5455167293548584,1.5455167293548584,6.020817756652832
Cn1cnc(-c2ncccc2Cl)cc1=O,1.5453169345855713,1.5453169345855713,4.291422367095947
C=C(CC)Cc1ccc([N+](=O)[O-])s1,1.5451626777648926,1.5451626777648926,6.889872074127197
CC(C)CN1CCC[C@](C)(O)CC1,1.5448960065841675,1.5448960065841675,7.759858131408691
Cc1cnc(-c2ncsc2-c2cnn3c2OCCC3)o1,1.5443872213363647,1.5443872213363647,10.108031272888184
CC(C)Cc1ccc(S(C)(=O)=O)s1,1.5442832708358765,1.5442832708358765,10.854869842529297
C[C@]1(O)CCCN(N2CCCCC2)CC1,1.5442814826965332,1.5442814826965332,7.366905689239502
c1nnc(N2C[C@H]3CCC[C@@H](C3)C2)s1,1.5441583395004272,1.5441583395004272,3.080789804458618
C=C[C@H](CC[C@@H](C)[C@H]1CCOC1)C(=O)c1ccncc1Cl,1.5440860986709595,1.5440860986709595,4.852095603942871
C[C@H]1C(=O)NCCN1c1c(F)ccnc1F,1.5440815687179565,1.5440815687179565,14.981904983520508
Cc1ccnc([C@@H]2[C@@H]3CCO[C@H]3C23CCC3)n1,1.5440791845321655,1.5440791845321655,1.3494598865509033
CC(C)CCCCCCS(C)(=O)=O,1.5437387228012085,1.5437387228012085,17.077974319458008
Cc1ccc(N2CCC(C)CC2)o1,1.543630599975586,1.543630599975586,3.395395040512085
Cc1nonc1C(=O)C(C)(C)N1CCOC1,1.5434366464614868,1.5434366464614868,4.167182445526123
O=c1cnnc(S)n1N=Cc1cn(-c2ccncc2Cl)nn1,1.543269395828247,1.543269395828247,8.709931373596191
CC[C@@H](C#N)CCc1cc2n(n1)CCO2,1.5431853532791138,1.5431853532791138,13.770441055297852
CC(=O)CCCc1cc2n(n1)CCO2,1.5431396961212158,1.5431396961212158,11.871654510498047
C=C(C)[C@H](C)CCCCS(C)(=O)=O,1.5427579879760742,1.5427579879760742,8.44791316986084
CN1CC[C@@H]2[C@@H](CCCN2N2CC[C@H]([C@@H]3CCOC3)C2)C1,1.5427504777908325,1.5427504777908325,50.327430725097656
Cc1cnc(N2CCc3c[nH]nc3C2)cn1,1.5424634218215942,1.5424634218215942,1.7383911609649658
N#Cc1cc(N2CCc3ccccc32)ncn1,1.5420178174972534,1.5420178174972534,2.98791766166687
N#Cc1cc(-c2nccnc2C#N)ccn1,1.54192054271698,1.54192054271698,1.35630464553833
Cc1nc2n(n1)C[C@H](C(=O)C1=NCCN1)CC2,1.5413459539413452,1.5413459539413452,4.2569355964660645
CC[C@@H](C(=O)O)[C@@H]1[C]2CCO[C@@H]2C12CCC2,1.5412150621414185,1.5412150621414185,5.706197738647461
Cc1nc(-c2cccc(Cl)c2)cnc1Cl,1.5409868955612183,1.5409868955612183,2.5815324783325195
Cn1cnc(-c2c(F)ccnc2F)n1,1.540778398513794,1.540778398513794,26.020017623901367
Cn1c(=O)cc(CCF)c2ccccc21,1.5406688451766968,1.5406688451766968,8.289987564086914
Cc1cc(C#N)cnc1-c1ccccc1F,1.540427327156067,1.540427327156067,9.145160675048828
C=CC[C@H](C)CCCCCC(=O)O,1.5401774644851685,1.5401774644851685,12.687255859375
CC(C)CCN1CCCNC(=O)[C@@H]1C,1.5400053262710571,1.5400053262710571,10.130870819091797
CC(C)(CCCc1cnn2c1OCCC2)C[C@@H]1CCCSC1,1.5398781299591064,1.5398781299591064,12.133650779724121
C#Cc1ccc([C@H](C)C(=O)c2cnn3c2OCCC3)nc1,1.5398271083831787,1.5398271083831787,11.357914924621582
O=c1cnc2ccccc2n1-c1ccc([N+](=O)[O-])o1,1.539520263671875,1.539520263671875,14.504120826721191
N#CCCCCc1cccnc1[N+](=O)[O-],1.5391846895217896,1.5391846895217896,9.595602989196777
CC(C)(Cc1cnn2c1OCCC2)c1cnn2c1OCCC2,1.5390459299087524,1.5390459299087524,10.267897605895996
CC[C@@H](C)N(OC)C(=O)C(=O)N(OC)[C@@H](C)CC,1.5389947891235352,1.5389947891235352,10.00784683227539
Cc1nnccc1N1CCNC(=O)[C@@H]1C,1.538474678993225,1.538474678993225,11.368305206298828
O=c1nc(-c2cnn3c2OCCC3)[nH]o1,1.5384458303451538,1.5384458303451538,0.040169209241867065
O=c1cc(CCc2cnn3c2OCCC3)cc[nH]1,1.5384454727172852,1.5384454727172852,15.386618614196777
C[C@H]1COCCN(c2cc(=O)[nH]c3ccccc23)C1,1.5383793115615845,1.5383793115615845,4.021283149719238
CC[C](O)C[C@@H]1CC(F)(F)CN1n1c(Br)cnc1C,1.5383784770965576,1.5383784770965576,10.045882225036621
CS(=O)(=O)c1ccc(-c2cncc(O)c2)s1,1.5382912158966064,1.5382912158966064,11.419435501098633
N#CCCCCN1C[C@H](O)[C@@H](O)C1,1.5380818843841553,1.5380818843841553,11.214478492736816
CN1CCC(C#N)(c2ncsc2C2(C#N)CCN(C)CC2)CC1,1.5380650758743286,1.5380650758743286,48.51799011230469
CC1(F)CN(C[C](O)n2c(=O)cnc3ccccc32)C1,1.5380258560180664,1.5380258560180664,3.375091075897217
N#Cc1ccc(-c2cc3nccnc3cc2F)o1,1.536902666091919,1.536902666091919,11.517598152160645
CS(=O)(=O)c1ccc(-n2c(C=O)nc3ccccc32)s1,1.5365911722183228,1.5365911722183228,12.994247436523438
N#Cc1ccc(CCS(=O)(=O)C(F)F)o1,1.536586046218872,1.536586046218872,15.441864967346191
CN1CCC[C@H](c2cnn(C)c2Cl)C1,1.536465048789978,1.536465048789978,6.560519218444824
Cc1nc(N2CCC[C@@H](C)C2)cnc1Cl,1.5364245176315308,1.5364245176315308,1.6904654502868652
CCC(C)(C)C(=O)N1CCNC(=O)[C@@H]1C,1.5363469123840332,1.5363469123840332,8.858617782592773
CCC(C)(C)C(=O)[C@@H]1CCN2CCC[C@@H]2C1,1.536292314529419,1.536292314529419,3.0469934940338135
CCC(C)(C)C(=O)[C@@H]1C[C](C)O[C@H]1C,1.5362690687179565,1.5362690687179565,14.650879859924316
Cn1ncc(-c2ncccc2O)c1Cl,1.5362342596054077,1.5362342596054077,8.042415618896484
CCCC[C@H](C(=O)O)c1ncc(C)o1,1.5361857414245605,1.5361857414245605,12.5225830078125
CC[C@@H](C)CCc1cccc([N+](=O)[O-])c1,1.5361634492874146,1.5361634492874146,3.8391144275665283
Cc1nonc1N1CCC(C)CC1,1.535943865776062,1.535943865776062,8.61950397491455
N#Cc1ccc(C2(O)COC2)cc1,1.5359280109405518,1.5359280109405518,3.3475098609924316
C[C@H](CCCC1(C#N)CCN(C)CC1)CN1CCOC[C@H](C)C1,1.5359188318252563,1.5359188318252563,10.512615203857422
C[C@H]1COCCN(N[C@H]2CCCn3ncnc32)C1,1.5358220338821411,1.5358220338821411,21.26031494140625
CS(=O)(=O)CCCC[C@@H]1[C]2COC[C@H]21,1.5357670783996582,1.5357670783996582,5.201333045959473
Cc1cc(-c2ncccc2F)ccc1C#N,1.535733699798584,1.535733699798584,5.556901454925537
CC1CCN(c2ccc([N+](=O)[O-])nc2)CC1,1.5356807708740234,1.5356807708740234,2.3789255619049072
C[C@@H](O)[C@@H](CO)c1cnn2c1OCCC2,1.535484790802002,1.535484790802002,10.892889022827148
C[C@@H](C#N)Cc1c(F)ccnc1F,1.5353132486343384,1.5353132486343384,12.651399612426758
Cn1nc([N+](=O)[O-])c([N+](=O)[O-])c1-c1cnc(N)cn1,1.5349737405776978,1.5349737405776978,7.230823040008545
C=C[C@@H](CCC(CC)[N+](=O)[O-])C(=O)O,1.534942865371704,1.534942865371704,6.529232978820801
O=C(O)CCCCNC1=NCCS1,1.5348153114318848,1.5348153114318848,10.709047317504883
C=CC[C](CO)Cc1cncnc1C[C](C)C(=O)O,1.5346862077713013,1.5346862077713013,0.1845652163028717
NC1CCN(N2CC[C@H]3CCN[C@@H]3C2)CC1,1.5346139669418335,1.5346139669418335,4.917746543884277
C[C]1COCCN(CCCCCCC2(C#N)CCN(C)CC2)C1,1.5342833995819092,1.5342833995819092,12.08447265625
Cc1nc(-c2ncccc2O)oc1C,1.5335311889648438,1.5335311889648438,8.116294860839844
C[C@]1(O)CCCN(C2(CCCCCC(=O)O)CCC2)CC1,1.5333564281463623,1.5333564281463623,6.553427696228027
CN1CCC(C#N)(CCCCCc2cnn3c2OCCC3)CC1,1.5333166122436523,1.5333164930343628,24.563518524169922
CCCC(=O)c1cc(C)c(C#N)cn1,1.5330339670181274,1.5330339670181274,4.154797077178955
CS(=O)(=O)CCCCC(=O)Nn1c(O)nnc1O,1.532778024673462,1.532778024673462,14.011054992675781
Nc1cnc(-c2nonc2[N+](=O)[O-])cn1,1.532707691192627,1.5327075719833374,6.431674957275391
C[S@](=O)c1ccc(-c2ccc(Cl)cn2)cc1,1.5326626300811768,1.5326626300811768,5.644774913787842
C[C@@H]1OC(=O)N[C@@H]1c1ccc2c(c1)OCCO2,1.5321156978607178,1.5321156978607178,10.246177673339844
CCS(=O)(=O)C[C@@H](C)N1CCC[C@H]2CN(C)CC[C@H]21,1.53209388256073,1.53209388256073,5.145158290863037
O=[N+]([O-])c1cc(Cl)[n+]([O-])nc1-c1cnn2c1OCCC2,1.5319753885269165,1.5319753885269165,14.360426902770996
CC[C@H](C)N(OC)C(=O)CC(O)C[C@@H]1OC[C@@H]2CCC[C@@H]21,1.5317409038543701,1.5317409038543701,9.141989707946777
CC1(C)OCC[C@H]1CCCCC#N,1.531341791152954,1.531341791152954,23.80406951904297
C[C]1C[C@@H](N2C[C@H](O)[C@@H](O)C2)[C@H](C)O1,1.5309356451034546,1.5309356451034546,9.075663566589355
C=CCCc1ccc(S(C)(=O)=O)s1,1.5306414365768433,1.5306414365768433,10.58381462097168
CCC(=O)[C@@H](C)c1sc([N+](=O)[O-])cc1O,1.5304107666015625,1.5304107666015625,4.199382781982422
C=C[C@H](C(=O)O)c1ccc(S(C)(=O)=O)s1,1.5303349494934082,1.5303348302841187,10.054153442382812
CN1CC[C@H]2[C@H](CCCN2CCc2ccc(S(C)(=O)=O)s2)C1,1.5302162170410156,1.5302162170410156,20.302597045898438
O=C1OCC[C@@]12CCN(c1ccc3c(c1)CCC3)C2,1.530211091041565,1.530211091041565,34.81159973144531
O=[N+]([O-])c1nc(N2C[C]3CCC[C@@H](C3)C2)cnc1Cl,1.5301011800765991,1.5301011800765991,5.944048881530762
CC[C@H](C)N(OC)C(=O)C(=O)N(OC)[C@@H](C)CC,1.530013084411621,1.530013084411621,14.994409561157227
C[C@@H]1C(=O)NCCCN1N1CCC[C@](C)(O)CC1,1.529900074005127,1.529900074005127,8.912598609924316
O=[N+]([O-])c1ncc(NC2=NCCS2)[nH]1,1.5296496152877808,1.5296496152877808,1.616113543510437
C=C(Cl)Cc1ccc(C#N)c(Cl)c1,1.5296005010604858,1.5296005010604858,16.22449493408203
C[C@H](O)CCCN1C[C@H](O)[C@@H](O)C1,1.5294417142868042,1.5294417142868042,15.137670516967773
Cn1nccc1-c1cc2nccnc2cc1F,1.5293910503387451,1.5293910503387451,6.276339054107666
c1nn2c(c1[C@H]1CCOC1)OCCC2,1.529090404510498,1.529090404510498,10.837305068969727
O[C@@H]1CCCC[C@H]1ON1CC[C@H]2CCN[C@H]2C1,1.5290565490722656,1.5290565490722656,9.839411735534668
Cc1cnc(-c2nc3ccccc3cc2C)cn1,1.5290559530258179,1.5290559530258179,12.052225112915039
CS(=O)(=O)c1ccc(OCCc2cnn3c2OCCC3)s1,1.5290377140045166,1.5290377140045166,15.790477752685547
C[C@H]1COCCN(c2cc3ccccc3[nH]c2=O)C1,1.528671383857727,1.528671383857727,7.212717533111572
C#Cc1ccc(-c2ccc(C#N)o2)nc1,1.5285848379135132,1.5285848379135132,5.728841304779053
C[C@H]1N(OC(F)(F)F)CCOC1(C)C,1.5283844470977783,1.5283844470977783,7.812877655029297
CCC(C)(C)C(=O)N1CC2(C1)CN(c1cc(Cl)no1)CCO2,1.5282576084136963,1.5282576084136963,7.978062629699707
O=C(O)[C@@H](CO)c1cnn2c1OCCC2,1.5277631282806396,1.5277631282806396,9.079587936401367
O=C(O)[C@H](CO)c1cnn2c1OCCC2,1.5277611017227173,1.5277611017227173,9.586206436157227
c1ccc([C@@H]2[C]3CCO[C@@H]3C23CCC3)cc1,1.5277572870254517,1.5277572870254517,6.490145206451416
Oc1cc(NC2=NCCS2)ncn1,1.5274357795715332,1.5274357795715332,4.707134246826172
CCS(=O)(=O)c1cc2n(n1)CCO2,1.5272718667984009,1.5272718667984009,6.778807163238525
N#Cc1ccc(-c2ncc(C=O)cc2Br)cc1Cl,1.5272643566131592,1.5272643566131592,10.372762680053711
CC[C@@H](C)N(OC)C(=O)c1ccns1,1.527167558670044,1.527167558670044,11.281105995178223
C[C@H](C[C@H]1CCCC12OCCO2)[N+](=O)[O-],1.5271154642105103,1.5271154642105103,2.5634877681732178
C=C(Cl)Cn1ncc([N+](=O)[O-])c1N,1.5269229412078857,1.5269229412078857,2.5222551822662354
Clc1ccc(-c2ccc(Cl)s2)nn1,1.5263625383377075,1.5263625383377075,7.216883659362793
CC[C@H](C)N(OC)C(=O)N1CCc2ccccc21,1.526153564453125,1.526153564453125,63.430171966552734
C=CC[C](CO)Cc1cc(-c2nnc(N)s2)cnc1O,1.5260379314422607,1.5260379314422607,1.520161747932434
CS(=O)(=O)c1ccc(-n2c(=O)cnc3ccccc32)s1,1.5259408950805664,1.5259408950805664,9.898822784423828
Cc1nonc1[C@@H]1CC(C(N)=O)=NO1,1.5257954597473145,1.5257954597473145,9.23080062866211
CCCC[C@H](C(=O)O)N1CCc2ccccc21,1.525759220123291,1.525759220123291,10.042244911193848
C#Cc1ccc(N2C[C@H](O)[C@@H](O)C2)nc1,1.525310754776001,1.525310754776001,9.088202476501465
CC[C@H](C)N(OC)C(=O)CC(O)Cc1ccc(S(C)(=O)=O)s1,1.5252882242202759,1.5252882242202759,19.163461685180664
C[C@H]1C(=O)NCCCN1N1CCC[C@](C)(O)CC1,1.525057315826416,1.525057315826416,6.983064651489258
C[C]1CN([C@H]2CC[C@@H](CCCCS(C)(=O)=O)CC2)CCO1,1.5247207880020142,1.5247207880020142,11.464347839355469
C[C@@H]1CN(C(=O)C(C)(C)C)CCO1,1.5243428945541382,1.5243428945541382,8.981459617614746
C[C@@H](CCS(C)(=O)=O)[C@@H]1COC[C@@H]1O,1.5241858959197998,1.5241858959197998,10.950950622558594
N#CC1(c2cccc(-c3ccc([N+](=O)[O-])s3)c2O)CC1,1.524135708808899,1.524135708808899,5.023090839385986
C[C@H]1CN(C[C@H](O)C(=O)O)CCO1,1.5235799551010132,1.5235799551010132,9.88668441772461
N#CC1(c2ccnc(F)c2F)CCC1,1.52342689037323,1.52342689037323,7.581421852111816
Cc1nc(-c2cc3n(n2)CCO3)oc1C,1.523287057876587,1.523287057876587,44.36161422729492
C#CCCCN1CCOC[C@H](C)C1,1.5229233503341675,1.522923231124878,39.71361541748047
C[C](O)CCOC(=N)c1ccc([N+](=O)[O-])c([N+](=O)[O-])c1,1.5228297710418701,1.5228297710418701,12.113693237304688
CC(C)CC[C@@]1(C)CN([C@@H]2CCC(=O)C2)C[C@@H]1C,1.522587537765503,1.522587537765503,0.5132529735565186
Cn1nncc1N1C[C](O)[C@@H](O)C1,1.5222338438034058,1.5222338438034058,6.301939964294434
Cc1cc(C#N)cnc1[C@H](C)C[C@H](C)O,1.522203803062439,1.522203803062439,4.126059532165527
C[C](C(=O)N1CC[C@@]2(CCOC2=O)C1)N1CC[C@H](N)C1,1.5218141078948975,1.5218141078948975,15.59552001953125
C[C@]1(O)CCCN(C2SC(=S)N(N)C2=O)CC1,1.5217506885528564,1.521750569343567,9.768001556396484
O=C(O)C(=O)CCCCCCC(F)([N+](=O)[O-])[N+](=O)[O-],1.5216447114944458,1.5216447114944458,2.2749507427215576
CC(C)(CN)c1cnc2ccc(Cl)nn2c1=O,1.5215946435928345,1.5215946435928345,0.7488657832145691
CC[C@H](C)N(OC)C(=O)c1nnn(C)n1,1.5212088823318481,1.5212088823318481,8.252386093139648
C[C@@H]1CCCN(c2cc(Br)cnc2[N+](=O)[O-])C1,1.5212007761001587,1.5212007761001587,4.146687030792236
Oc1nc2c(cc1N1CCC3(CCNC3)CC1)CCC2,1.5210696458816528,1.5210696458816528,8.509115219116211
C[C@@H]1CN([C@@H]2CC(C(N)=O)=NO2)C[C@H]1O,1.520699381828308,1.520699381828308,16.43071937561035
C#CCCCCN1CCC(N)CC1,1.520577311515808,1.520577311515808,13.478261947631836
N#CCCCCc1ccc(C#N)o1,1.5205005407333374,1.5205005407333374,15.36202335357666
N#Cc1ccccc1N1CCc2ccccc2CC1,1.520175814628601,1.520175814628601,3.0319559574127197
Cc1nc([N+](=O)[O-])c([C@H]2CCCC23OCCO3)n1C,1.5195305347442627,1.5195305347442627,12.525710105895996
Cc1cc(O)nc2cc(C3(C#N)CCN(C)CC3)ccc12,1.5194995403289795,1.519499659538269,13.005352973937988
O=C1c2ccccc2SC1c1cc(Cl)no1,1.5193792581558228,1.5193792581558228,2.973015785217285
C=CC[C@H](C(=O)O)N1CCC[C@@](C)(O)CC1,1.5193626880645752,1.5193626880645752,2.203270673751831
C[C@H]1CN(c2ccc(C#N)cn2)CCN1,1.518982172012329,1.518982172012329,8.392147064208984
CC1=NOC(=O)C1[C@H](C)CCc1ccc(S(C)(=O)=O)s1,1.5189052820205688,1.5189052820205688,0.7987421751022339
c1cc2c(cc1CCOc1cnn3c1OCCC3)OCCO2,1.5188665390014648,1.5188665390014648,18.645273208618164
O=[N+]([O-])c1cc([N+](=O)[O-])[n+]([O-])nc1-c1c(F)ccnc1F,1.5184649229049683,1.5184649229049683,9.146615982055664
Cn1nc2c(c1-c1ccc(Cl)cn1)CCCC2,1.5184118747711182,1.5184118747711182,20.38724708557129
CCCC[C@H](C(=O)O)c1cnn(C)c1Cl,1.5183165073394775,1.5183165073394775,6.244014263153076
O=[N+]([O-])c1cc2c(-c3ccc4c(c3)OCCO4)ncnc2s1,1.5182323455810547,1.5182323455810547,14.675342559814453
C#CCCCCc1ccnnc1C,1.5181313753128052,1.5181313753128052,6.073343753814697
N#Cc1nccc(-c2cccc(Cl)c2)n1,1.518021821975708,1.518021821975708,7.939328670501709
Brc1cnc2ncc(N3CC[C@H]([C@@H]4CCOC4)C3)cc2c1,1.5177730321884155,1.5177730321884155,5.811717987060547
C[C](O)CCN1C[C@H](C)C[C@H](C)C1,1.5177425146102905,1.5177425146102905,7.682878017425537
Cn1cnc([N+](=O)[O-])c1-c1cn(C)c(=O)nc1O,1.5176374912261963,1.5176374912261963,10.477934837341309
Cc1nonc1-c1cc(Br)cc([N+](=O)[O-])c1,1.5175279378890991,1.5175279378890991,7.783335208892822
C[C@H](C#N)CC1(c2cnn3c2OCCC3)CCC1,1.5173448324203491,1.5173448324203491,5.6258721351623535
N#CC1([C@@H]2CCCN(c3nonc3[N+](=O)[O-])C2)CC1,1.5172502994537354,1.5172502994537354,2.107076644897461
O=S1(=O)CCC[C@@H](c2cnn3c2OCCC3)C1,1.5169068574905396,1.5169068574905396,1.2306995391845703
CC1(C)CO[C@@H](c2ccc(N)nc2)C1,1.516676664352417,1.516676664352417,1.3430755138397217
CC(C)(C)C(=O)n1cnc(C#N)cc1=O,1.5166081190109253,1.5166081190109253,8.508902549743652
CCCCN1CCn2nccc2C1,1.5165843963623047,1.5165843963623047,5.017392635345459
Cn1nnnc1[C@H]1CCNC12CCC2,1.5165053606033325,1.5165053606033325,4.004013538360596
CC[C@@](C)(CCO)c1nc(C)c(C)o1,1.5163236856460571,1.5163236856460571,5.21153450012207
C[C@H]1C(=O)NCCCN1[C@@H]1CCOC1(C)C,1.5160456895828247,1.5160456895828247,6.487530708312988
CN1CC[C@@]2(CCN(c3ccc([N+](=O)[O-])c4nonc34)C2)C1,1.5159653425216675,1.5159653425216675,0.5507825613021851
CCC[C](N)CN1CCC[C@@H](O)C1,1.5158003568649292,1.5158003568649292,8.798649787902832
Cc1ccc2cc(-c3ccnc(C#N)n3)ccc2n1,1.515762448310852,1.515762448310852,2.671147346496582
C=C(Cl)Cc1cnn2c1OCCC2,1.5155287981033325,1.5155287981033325,13.902851104736328
CCC(CCn1c(=O)cnc2ccccc21)[N+](=O)[O-],1.515381932258606,1.515381932258606,10.340893745422363
COC1=CC(=O)C(CCCCCS(C)(=O)=O)=C(OC)C1=O,1.5153125524520874,1.5153125524520874,7.29148530960083
C#CCCCc1ccc([N+](=O)[O-])s1,1.5151623487472534,1.5151623487472534,8.979104995727539
C[C]1C[C@@H](N2CCN[C@@H](C)C2)[C@@H](C)O1,1.5148104429244995,1.5148104429244995,3.355895757675171
Cc1nc(-c2nc3ccccc3n3nnnc23)oc1C,1.5147888660430908,1.5147888660430908,8.422941207885742
O=c1cnc2ccccc2n1CCc1cnn2c1OCCC2,1.5147587060928345,1.5147587060928345,13.994754791259766
O=[N+]([O-])c1cc(Cl)c(-c2ncccc2Cl)cc1[N+](=O)[O-],1.5147384405136108,1.5147384405136108,7.718482971191406
C[C@@H](O)[C@@H](C(=O)O)c1ccc(S(C)(=O)=O)s1,1.514487624168396,1.514487624168396,2.2802531719207764
CCCC[C@H](C(=O)O)[C@@H]1C[C](C)O[C@H]1C,1.5142793655395508,1.5142793655395508,8.52176570892334
O=C(O)[C@@H](CF)c1nc2nonc2nc1Cl,1.5142005681991577,1.5142005681991577,6.4339070320129395
c1cc2c(cc1CCCCc1cnn3c1OCCC3)OCCO2,1.5139684677124023,1.5139684677124023,23.900432586669922
Cc1nnccc1[C@@H]1CCOC[C@H]1O,1.5139034986495972,1.5139034986495972,7.8641204833984375
N#Cc1ccc(-c2ncc([N+](=O)[O-])cc2C#N)cc1Cl,1.513733148574829,1.513733148574829,16.724206924438477
CC1CCN(c2ccnn2C)CC1,1.513504981994629,1.513504981994629,4.3345255851745605
Fc1cncc(-c2c(F)ccnc2F)c1,1.5133705139160156,1.5133705139160156,8.367745399475098
CC[C@](C)(C#N)c1nc(O)c([N+](=O)[O-])cc1Br,1.5132360458374023,1.5132360458374023,5.956804275512695
O=[N+]([O-])c1ncccc1-c1nonc1[N+](=O)[O-],1.5132215023040771,1.5132215023040771,9.6468505859375
CC1(C)CO[C@H](c2cc3n(n2)CCC3)C1,1.5132086277008057,1.5132086277008057,5.114701271057129
C[C@H]1COCCN(c2cc([N+](=O)[O-])cc([N+](=O)[O-])c2C#N)C1,1.5130975246429443,1.5130975246429443,18.09856605529785
Cc1cc(-c2ccc(C#N)cn2)c2cnn(C)c2n1,1.5127975940704346,1.5127975940704346,5.091856479644775
CC1CCN(CCC[C@H](C)O)CC1,1.5125612020492554,1.5125612020492554,11.165654182434082
C[C@H](CC(=O)O)c1cccc(CCc2nccn2C)c1O,1.512510895729065,1.512510895729065,7.834253311157227
Cc1nonc1-c1c(F)ccnc1F,1.5124963521957397,1.5124963521957397,11.462212562561035
C[C@@H]1C[C@@H]([C@H]2CCCCNC2=O)[C@H](C)O1,1.5122873783111572,1.5122873783111572,9.755002975463867
Cn1cc(-c2nc3ncccn3n2)c(O)nc1=O,1.5122265815734863,1.5122265815734863,7.970237731933594
O=C(c1c(F)ccnc1F)[C@@H]1CSc2ccccc21,1.5121748447418213,1.5121748447418213,1.6889958381652832
NC1(c2ccc3c(c2)OCCO3)CCCCC1,1.5120817422866821,1.5120817422866821,10.522408485412598
CN1CCC[C@H](c2ccnc3c2nnn3C)C1,1.5118714570999146,1.5118714570999146,6.134093761444092
CCC(C)(C)C(=O)c1nnn(C)n1,1.5118581056594849,1.5118582248687744,1.3666596412658691
CCC(C)(C)C(=O)CCC[C@H](C)O,1.5116958618164062,1.5116958618164062,14.47668170928955
CC[C@H](C)CN1CCC[C@H](O)CC1,1.511174201965332,1.511174201965332,5.181579113006592
C[C@@H]1C[C@@H](c2ccc([N+](=O)[O-])s2)[C@H](C)O1,1.5111403465270996,1.5111403465270996,17.401931762695312
C[C@]1(O)CCCN(OOc2cnn3c2OCCC3)CC1,1.5108397006988525,1.5108397006988525,19.259185791015625
Cc1cc(C#N)cnc1CC(=O)CC(C)(C)C,1.5108115673065186,1.5108115673065186,8.75728988647461
N#Cc1ccc(OON2CC[C@@]3(CCOC3=O)C2)cc1Cl,1.510518193244934,1.510518193244934,32.4044189453125
C[C@@H](O)CCCc1cn(C)c(=O)nc1O,1.5104625225067139,1.5104625225067139,8.66309928894043
CCCC[C@H](C(=O)O)N1C[C@@H](C)[C@H](O)C1,1.510279893875122,1.510279893875122,1.5648541450500488
C[C@H](O)CCCN1C[C@H](C)[C@@H](O)C1,1.510159969329834,1.510159969329834,13.528243064880371
CCC(=O)[C@@H](C)[C@@H](C)CS(=O)(=O)N1CCC[C](C#N)C1,1.510120153427124,1.510120153427124,1.5153214931488037
CC(C)(C)[C@@H](C(=O)O)c1cnccc1Cl,1.5099858045578003,1.5099858045578003,5.626266002655029
O=C(/C=C/[N+](=O)[O-])[C@H]1CCN2CCC[C@@H]2C1,1.5098752975463867,1.5098752975463867,3.0829579830169678
CC[C@@H](C)[C@@]1(c2ccc([N+](=O)[O-])cn2)CCOC1,1.50986909866333,1.50986909866333,3.1600542068481445
C[C]1CN(N2CCO[C@@H](C)C2)C[C@@H]1O,1.5090936422348022,1.5090936422348022,4.4073638916015625
Cn1nc(-c2cnc(N)cn2)cc1-c1nccnc1Cl,1.5090850591659546,1.5090850591659546,2.5575461387634277
Nc1cnc(NC2=NCCS2)cn1,1.5090258121490479,1.5090258121490479,3.9200189113616943
Cc1nnccc1-c1nccn1C,1.5088202953338623,1.5088202953338623,10.496626853942871
C[C@@H]1CN(c2ncccn2)CCS1,1.5088105201721191,1.5088105201721191,2.4661529064178467
CC(C)C[C@@H](CC(=O)O)Cc1ccc2c(c1)n(C)c(=O)n2C,1.5086086988449097,1.5086086988449097,5.755781173706055
C[C@@H]1CN(CCCCC#N)C[C@H]1O,1.50858473777771,1.50858473777771,16.08069610595703
CC(C)(C)C(=O)C(=O)CCc1ccc([N+](=O)[O-])s1,1.5083577632904053,1.5083577632904053,3.6979939937591553
CCCC(=O)C1(C#N)CCN(C)CC1,1.5079203844070435,1.5079203844070435,13.068674087524414
Cc1c(-c2nc[nH]c2[N+](=O)[O-])cnn1C,1.5077779293060303,1.5077778100967407,0.6429485082626343
O=C1OCC[C@@]12CCN(CCCc1ccc3c(c1)OCCO3)C2,1.5076438188552856,1.5076438188552856,43.237178802490234
CC[C](C(=O)n1cc([N+](=O)[O-])c(C)n1)[C@@H]1CC(C)=NO1,1.5075942277908325,1.5075942277908325,6.764101028442383
CC(C)[C@@H](C(N)=O)c1c(F)ccnc1F,1.5064606666564941,1.5064606666564941,16.307453155517578
CC(=O)[C@H](C)CCc1ccc(N2CCN[C@@H](C)C2)cc1C,1.5063258409500122,1.5063258409500122,3.118605375289917
CN1CC[C@H]1CCc1cncc(C#N)n1,1.506213665008545,1.506213665008545,0.4107387065887451
C[C@@H]1OC(=O)N[C]1OCCCCS(C)(=O)=O,1.5060335397720337,1.5060335397720337,12.886811256408691
FCCCN1CCn2nccc2C1,1.5059492588043213,1.5059492588043213,6.080141067504883
Cc1nnccc1-c1ccnn1C,1.5058945417404175,1.5058945417404175,8.97081184387207
CC(C)(C)[C@@H](C(=O)O)N1CCC(N)CC1,1.5058720111846924,1.5058720111846924,5.294982433319092
CN1CC[C@@H]2[C@@H](CCCN2n2c([N+](=O)[O-])nn(C)c2=O)C1,1.5057873725891113,1.5057873725891113,11.018753051757812
CN1CCC(C#N)(c2cnn(C)c2[C@H]2CCCN(C)C2)CC1,1.5057352781295776,1.5057352781295776,24.785470962524414
Cc1cnc(N2C[C](O)[C@@H](O)C2)o1,1.5057185888290405,1.5057185888290405,12.825488090515137
CC1CCN(N2CCC[C@@H](N)C2)CC1,1.5054666996002197,1.5054666996002197,0.9842835068702698
Cc1cnc(-c2nccn3ccnc23)cn1,1.5050917863845825,1.5050917863845825,8.591822624206543
C[C@H]1CC(=NC(=O)c2cnn3c2OCCC3)NO1,1.5048549175262451,1.5048549175262451,21.052898406982422
C[C](CC(=O)O)[C@@H]1CN(OS(C)(=O)=O)CCCO1,1.5047454833984375,1.5047454833984375,3.1427879333496094
CCC[C](N)CCC[C](C)C(C)=O,1.5046329498291016,1.5046329498291016,4.796189308166504
O=[N+]([O-])c1c(Cl)nc(Cl)nc1[C@@H]1CC1(F)F,1.5042660236358643,1.5042660236358643,0.18860673904418945
Cc1cccc(-c2ncc(C#N)cc2C)n1,1.5040934085845947,1.5040934085845947,6.286126136779785
Nc1cnc(N2C[C]3CCC[C@@H](C3)C2)cn1,1.5039536952972412,1.5039536952972412,0.4238574802875519
Cc1nc(N2CCNC[C@H]2C2(C#N)CCN(C)CC2)oc1C,1.5037994384765625,1.5037994384765625,10.927474975585938
Cc1cnc(-c2ccnnc2C)cn1,1.503551959991455,1.503551959991455,2.717682361602783
CC(C)[C@H](CCCCC#N)C(N)=O,1.5032665729522705,1.5032665729522705,13.20934009552002
CC[C](Cc1nc(C)c(C)o1)C(=O)O,1.5032048225402832,1.5032048225402832,11.315354347229004
C[C@H]1C[C@@H](C(=O)CCCc2cc(Br)c([N+](=O)[O-])o2)[C@@H](C)O1,1.5030786991119385,1.5030786991119385,4.403608798980713
CC(C)[C@@H](C(N)=O)C(=O)CCCC1SC(=S)N(N)C1=O,1.5029691457748413,1.5029691457748413,8.080085754394531
Cc1cncc(NC2=NCCS2)c1,1.502748966217041,1.502748966217041,3.192803382873535
CC[C@@H](C#N)C(=O)N(OC)[C@H](C)CC,1.502724051475525,1.502724051475525,9.476578712463379
CC[C@@H](C)N(OC)C(=O)C/C=N/Nc1ccccc1,1.502678394317627,1.502678394317627,2.0429136753082275
CC1CCN(N2C[C]3CN(C)C[C@@H]3C2)CC1,1.5024298429489136,1.5024298429489136,17.030601501464844
Cn1ncn(N2CCOC2=O)c1=O,1.5021473169326782,1.5021473169326782,1.329021692276001
CCC(N1CCC[C@](C)(O)CC1)[N+](=O)[O-],1.501747488975525,1.501747488975525,9.225800514221191
CN1CC[C@@H]2[C@@H](CCCN2c2cnc([N+](=O)[O-])[nH]2)C1,1.5016353130340576,1.5016353130340576,2.7984468936920166
Cc1ccnc(-c2ncc([N+](=O)[O-])cc2C#N)n1,1.5015119314193726,1.5015119314193726,4.919384479522705
Cc1cnc(N2CCC(C)CC2)o1,1.501191258430481,1.501191258430481,9.516785621643066
CC(C)(C)CC(=O)Cc1cncc(F)c1,1.5011074542999268,1.5011074542999268,1.8510892391204834
O=C(Nn1c(O)nnc1O)[C@H]1[C@@H]2COC[C@@H]21,1.5009278059005737,1.5009278059005737,7.031355857849121
C[C@H]1COCCN(n2nc([N+](=O)[O-])cc(C#N)c2=N)C1,1.5008273124694824,1.5008273124694824,7.466894149780273
CCCCc1cnn2c1OCCC2,1.5004692077636719,1.5004692077636719,7.768695831298828
N#Cc1cnccc1CC[C]1CN(c2ccc(Cl)s2)C[C@H]1O,1.5004496574401855,1.5004496574401855,8.780725479125977
Cc1cnc(-c2ccc[n+]([O-])c2)o1,1.5004109144210815,1.5004109144210815,8.820272445678711
N#CC1(c2ncc(Cl)nc2Cl)CC1,1.5003242492675781,1.5003242492675781,6.705494403839111
O=C1c2ccccc2C(=O)c2oc(C(F)F)cc21,1.500249981880188,1.500249981880188,7.156677722930908
CC[C@@H](N)CN1CCOC[C@H](C)C1,1.5001720190048218,1.5001720190048218,35.233154296875
O=C(Nn1c(O)nnc1O)[C@@H]1CCCSC1,1.5001555681228638,1.5001555681228638,0.39784806966781616
CC(C)C[C@H](CN)c1c(F)ccnc1F,1.499819040298462,1.499819040298462,10.195054054260254
CC[C@@H](C#N)CCCCS(C)(=O)=O,1.4992096424102783,1.4992096424102783,14.947246551513672
CC[C@H](c1ccc2c(c1)OCCO2)N1CCC[C@@](C)(O)CC1,1.4990297555923462,1.4990297555923462,7.314964294433594
CC(C)[C@@H](C(N)=O)c1cnn2c1OCCC2,1.4990019798278809,1.4990019798278809,18.5543212890625
C[C]1CCCN(SC(=O)C(C)(F)F)C1,1.498923420906067,1.498923420906067,2.5280447006225586
C[C]1C[C@H](C)CN([C@H](C)C[S@@](C)=O)C1,1.498638391494751,1.498638391494751,6.99353551864624
C[C@H]1COCCN(c2ccc(/C=C/[N+](=O)[O-])c([N+](=O)[O-])c2)C1,1.4984561204910278,1.4984561204910278,7.831416606903076
N#Cc1cc(=O)n([C@H]2CCCC23OCCO3)cn1,1.4984416961669922,1.4984416961669922,15.252979278564453
Cn1nc(-c2nccn3ccnc23)ccc1=O,1.4983857870101929,1.4983857870101929,6.729569911956787
C[C](CCC=O)C(=O)n1c(=O)cnc2ccccc21,1.4983794689178467,1.4983794689178467,6.6377387046813965
CS(=O)(=O)Oc1cnn2c1OCCC2,1.4982450008392334,1.498245120048523,5.571550369262695
O=C(O)CCCc1c(F)cccc1F,1.4981614351272583,1.4981613159179688,10.60743522644043
C=CC[C@@H](C)c1cc(C)nc(Cl)c1,1.4981319904327393,1.4981319904327393,3.034172534942627
C[C@@]1(O)CCCN(CC(F)F)CC1,1.4980332851409912,1.4980332851409912,11.144729614257812
CS(=O)(=O)c1ccc(CCc2onc3ncnc(Cl)c23)s1,1.4978307485580444,1.4978307485580444,12.720366477966309
C[C@]1(O)CCCN(CCCCOc2cnn3c2OCCC3)CC1,1.497792363166809,1.497792363166809,24.29136085510254
C[S@@](=O)c1cccc(CCCc2ncccc2Cl)c1,1.4977840185165405,1.4977840185165405,0.8675873875617981
Cc1nnccc1-c1cc(Cl)no1,1.4976484775543213,1.4976484775543213,8.660000801086426
CCC(C)(C)C(=O)n1nc(C)ccc1=O,1.4975042343139648,1.4975042343139648,1.7786849737167358
CN1CCC(C#N)(c2nc(O)c([N+](=O)[O-])cc2Br)CC1,1.4973617792129517,1.4973617792129517,15.69021987915039
N#Cc1ccc(-n2c(C=O)nc3ccccc32)cc1Cl,1.4972622394561768,1.4972622394561768,13.362322807312012
CC[C@@H](Cc1cnccc1Cl)C(=O)O,1.4968205690383911,1.4968205690383911,6.456730842590332
Cc1nc(CCC[C@@H](C)O)oc1C,1.4968067407608032,1.4968067407608032,3.788609027862549
Cn1cnc([N+](=O)[O-])c1-n1c(=O)cnc2ccccc21,1.496700644493103,1.496700644493103,9.407997131347656
CCC(=O)N1C[C](O)C[C@@H]1[C@H](C)CC(C)=O,1.4966565370559692,1.4966565370559692,2.611057758331299
CC(C)C[C@@H](CN)c1c(F)ccnc1F,1.4966418743133545,1.4966418743133545,21.467754364013672
CON=CC(=O)S(=O)(=O)CCCCCS(N)(=O)=O,1.4966013431549072,1.4966013431549072,3.6008973121643066
C[C@]1(O)CCCN([C@H]2CCS(=O)(=O)C2)CC1,1.4964816570281982,1.4964816570281982,24.104263305664062
c1nn2c(c1[C@@H]1CCN3CCC[C@@H]3C1)OCCC2,1.4961808919906616,1.4961808919906616,13.55593204498291
Cn1cnc([N+](=O)[O-])c1[C@H]1CCCC12OCCO2,1.4954195022583008,1.4954195022583008,21.33649253845215
C[C@]1(O)CCCN(S(=O)(=O)CCN2CCC(N)CC2)CC1,1.4951883554458618,1.4951883554458618,12.004605293273926
C/C(=C/[N+](=O)[O-])C(=O)c1c(F)cccc1[N+](=O)[O-],1.4950931072235107,1.4950931072235107,8.13595199584961
Cn1cnc(-c2nnc(Br)nn2)cc1=O,1.494994878768921,1.494994878768921,3.3435072898864746
C[C@H]1C(=O)NCCN1n1ccc(=O)c([N+](=O)[O-])c1,1.494234323501587,1.494234323501587,10.667588233947754
Cc1nc(CCC[C@H](C)O)oc1C,1.4940983057022095,1.4940983057022095,47.42314147949219
N#Cc1ncn(CCCC(=O)C(=O)O)n1,1.4937859773635864,1.4937859773635864,10.861064910888672
O=[N+]([O-])c1cc(O)c(-c2ccc3nccn3n2)s1,1.49330735206604,1.49330735206604,2.986506223678589
c1nc2n(n1)CCC[C]2Nc1cnn2c1OCCC2,1.4931966066360474,1.4931966066360474,9.590644836425781
C[C@@H](CCO)c1c(F)ccnc1F,1.4931029081344604,1.4931029081344604,3.4903171062469482
CC1CCN(c2cnnn2C)CC1,1.4929192066192627,1.4929192066192627,1.9353564977645874
CC[C@@H](C)CCc1cnc(N)cn1,1.4926053285598755,1.4926053285598755,5.672130584716797
Clc1cc(-c2cc(Cl)no2)ccn1,1.4919638633728027,1.4919638633728027,4.179325580596924
Cc1cnc(-c2ccnnc2C)o1,1.4917783737182617,1.4917783737182617,11.172083854675293
O=C1OCCN1c1ccc(Cl)cn1,1.491647481918335,1.491647481918335,5.98280668258667
Cn1cnc([N+](=O)[O-])c1-n1cc(CCCCS(C)(=O)=O)cn1,1.491273283958435,1.491273283958435,13.118915557861328
C[C@@H](CF)CCCC(=O)c1cccc([N+](=O)[O-])c1[N+](=O)[O-],1.4908899068832397,1.4908899068832397,4.020045280456543
C[C]1CN(CCCCC#N)C[C@H]1O,1.4907890558242798,1.4907890558242798,0.3340446352958679
C=CCCCCc1cccc(C)n1,1.4907609224319458,1.4907609224319458,10.606178283691406
C[C]1CN(CCCCC#N)C[C@@H]1O,1.4907594919204712,1.4907594919204712,9.739945411682129
C[C@H](CC(=O)[C@H]1CCOC(C)(C)C1)C(=O)C1=CCCC1,1.4907172918319702,1.4907172918319702,3.5459280014038086
CCC(C)(C)[C@@H](C)CCS(C)(=O)=O,1.490614891052246,1.490614891052246,11.797906875610352
C[C](CCCC(C)(C)S(C)(=O)=O)CCc1cc2n(n1)CCO2,1.4902313947677612,1.4902313947677612,14.934857368469238
OCCCc1cnn2c1OCCC2,1.4900486469268799,1.4900486469268799,10.469589233398438
O=C1NCC[C@@H]1c1ccc2c(c1)OCCO2,1.4899089336395264,1.4899089336395264,1.8028098344802856
O[C]1CN(c2nccc3ccncc23)C[C@@H]1O,1.4897973537445068,1.4897973537445068,7.91398811340332
Clc1ccc(N2C[C@H]3CCC[C@@H](C3)C2)nn1,1.489742636680603,1.489742636680603,6.473043441772461
C[C@@H]1C[C@@H](c2ccc(Cl)cn2)[C@H](C)O1,1.4895570278167725,1.4895570278167725,9.065065383911133
CC[C@@H](C)N(OC)C(=O)N1CC[C@@H]2COC(=O)N[C@H]2C1,1.4894118309020996,1.4894118309020996,4.130037307739258
N#Cc1ncn(C2(C#N)CCC2)n1,1.4892593622207642,1.4892593622207642,0.40943053364753723
Clc1cnn(-c2cc3n(n2)CCO3)c1,1.489041805267334,1.489041805267334,22.649126052856445
Cc1ncc(Br)n1N1CCO[C@@H](C)C1,1.4890308380126953,1.4890308380126953,10.607242584228516
CCC[C](N)C[C@@H]1CCN2CCC[C@@H]2C1,1.488944411277771,1.488944411277771,3.6887669563293457
CC[C@@H](C)C(=O)c1ccc(C#N)o1,1.4889434576034546,1.4889434576034546,3.765526056289673
CC[C@H](N)Cc1ccc([N+](=O)[O-])o1,1.488873839378357,1.488873839378357,8.76230239868164
CC[C@@H](C(N)=O)c1ccc([N+](=O)[O-])o1,1.4879586696624756,1.4879586696624756,8.761472702026367
C[C]1CN(c2ncc(C)o2)C[C@@H]1O,1.487487554550171,1.487487554550171,11.47817611694336
C#CCCCC[C@H]1CCCN(C)C1,1.487304925918579,1.487304925918579,11.749909400939941
C#Cc1ccc(-c2cc([N+](=O)[O-])no2)nc1,1.4872997999191284,1.4872997999191284,9.114776611328125
Cc1nc([C@H]2CCCN(C)C2)ccc1C#N,1.4871466159820557,1.4871466159820557,3.2965903282165527
Cc1nnccc1-c1cc2nccnc2cc1F,1.4871423244476318,1.4871423244476318,13.224185943603516
C[C@@H](CCS(C)(=O)=O)[C@@H]1[C@H]2CCO[C@@H]2C12CCC2,1.4870312213897705,1.4870312213897705,8.293758392333984
O=C1OCC[C@@]12CCN(CCCCc1cnn3c1OCCC3)C2,1.4865686893463135,1.4865686893463135,26.630718231201172
Cc1ccc2nc([C@H]3CCCSC3)cc(=O)n2c1,1.486560344696045,1.486560344696045,0.2758503556251526
CC[C@H](C)CC(=O)Nn1c(O)nnc1O,1.4865211248397827,1.4865211248397827,3.8183701038360596
Oc1cccnc1-c1nc2nonc2nc1Cl,1.4864274263381958,1.4864274263381958,9.401684761047363
Cc1cc2ccccc2nc1[C@@H]1CCOC1(C)C,1.4861795902252197,1.4861795902252197,7.9535603523254395
CCC(C)(C)C(=O)N1CC[C@H](N)C1,1.4860925674438477,1.4860925674438477,9.807171821594238
CN1CC(=O)N([C@@H]2CC23CCC3)C1=O,1.4860864877700806,1.4860864877700806,2.534757375717163
Cc1cc(C#N)cnc1-c1ccc([N+](=O)[O-])nc1,1.486032247543335,1.486032247543335,5.840934753417969
CCC(C(=O)C(C)(C)CC)[N+](=O)[O-],1.4858553409576416,1.4858553409576416,8.110857009887695
Clc1nnc(NC2=NCCS2)nn1,1.4857946634292603,1.4857946634292603,3.171388626098633
CC(=O)CCC[C@@H](CN)CC(C)C,1.4857741594314575,1.4857741594314575,3.3565380573272705
CC1CCN(N2CCCC[C@H]2C)CC1,1.4855931997299194,1.4855931997299194,5.731505393981934
O=C1NCCCC[C@@H]1CCCc1nnc(Cl)nn1,1.4853289127349854,1.4853289127349854,6.375327110290527
C[C@H](O)CCC[C@@H]1C[C@@H](C)O[C@H]1C,1.4852080345153809,1.4852080345153809,5.974921226501465
C=C(C)[C@H](C)c1nonc1[N+](=O)[O-],1.4850584268569946,1.4850584268569946,0.24731148779392242
C[C@H](CC(=O)CCC[C@@H](C)O)[C@H]1CC12CC2,1.4850003719329834,1.4850003719329834,2.800036668777466
Cc1nonc1N1CCN[C@@H](C)C1,1.4849739074707031,1.4849739074707031,2.795564651489258
C[C@H]1C(=O)NCCN1CCCCC#N,1.484867811203003,1.484867811203003,1.9895058870315552
C=CCc1ncc(-c2cccc([S@](C)=O)c2)o1,1.4841361045837402,1.4841361045837402,0.09560471773147583
CC(C)(N)CN1CCc2ccccc21,1.4837754964828491,1.4837754964828491,10.27145767211914
CC(C)(C(=O)N1CCC[C@](C)(O)CC1)c1ccc([N+](=O)[O-])s1,1.483762264251709,1.483762264251709,12.032308578491211
c1nn2c(c1C1OCCO1)OCCC2,1.4836479425430298,1.4836479425430298,7.802227020263672
O=Cc1ccc(-c2cc3n(n2)CCC3)o1,1.4835213422775269,1.4835213422775269,4.258603096008301
CN1CCC(C#N)(CCCCc2c3c(nn2C)CCCC3)CC1,1.4835034608840942,1.4835034608840942,16.01902961730957
Cn1ncc(N[C@H]2CCCn3ncnc32)c1Cl,1.483286738395691,1.483286738395691,0.09341955929994583
C[C@@H]1C[C@@H](C)CN([C@H](CF)C(=O)O)C1,1.4829859733581543,1.4829859733581543,2.3483877182006836
O=[N+]([O-])c1cccc(N2CCc3ccccc32)c1,1.4826264381408691,1.4826264381408691,3.5030837059020996
N#Cc1ccc(CCCF)cc1Cl,1.4824930429458618,1.4824930429458618,9.082226753234863
C[C@@H]1CCCN([C@H]2CCCN(C)C2)C1,1.48214590549469,1.48214590549469,1.142856478691101
Cc1ccc(-c2nc(C)no2)nn1,1.4819177389144897,1.4819177389144897,6.51701021194458
CCC(C)(C)C(=O)c1ncccc1F,1.4815493822097778,1.4815493822097778,9.122806549072266
O=c1cc[nH]c(-c2ccc3c(c2)OCCO3)c1,1.4815129041671753,1.4815129041671753,7.812592029571533
Cc1cc(C#N)cnc1N1CC[C@H]2CCN[C@H]2C1,1.4814629554748535,1.4814629554748535,10.757390022277832
CC1(c2cnn3c2OCCC3)CCC1,1.481330156326294,1.481330156326294,7.295116901397705
CC(C)[C@@H](C(N)=O)N1CCn2nccc2C1,1.4808738231658936,1.4808738231658936,8.738080978393555
C[C@H]1CC[C@@H]([C@@H]2C[C@@H](C)O[C@@H]2C)C1,1.4808229207992554,1.4808229207992554,8.374427795410156
C=CC[C@@H](CO)CN1CCOC1=O,1.4808127880096436,1.4808127880096436,2.4013493061065674
Cc1ncccc1-c1ccnc(C#N)n1,1.4807360172271729,1.4807360172271729,4.29103946685791
CN1CC[C@H]1N1CCC(c2ncc(Cl)nc2Cl)CC1,1.4807220697402954,1.4807219505310059,5.889957427978516
C[C@H](CCN1CC[C@@]2(CCOC2=O)C1)Cc1c(F)ccnc1F,1.480568528175354,1.480568528175354,11.960350036621094
CC(C(=O)O)N1CCOC[C@H](C)C1,1.4802314043045044,1.4802314043045044,10.91075611114502
CN1CCC[C@H](ON2CCC(=O)CC2)C1,1.479980230331421,1.4799801111221313,12.871256828308105
N#Cc1ccc([C@@H]2OC[C@@H]3CCC[C@@H]32)o1,1.4798177480697632,1.4798177480697632,10.898030281066895
C[C@H]1N(N2CCc3c[nH]nc3C2)CCOC1(C)C,1.4797313213348389,1.4797313213348389,1.2673017978668213
C[C@H](C[C@H](C)c1ccc(S(C)(=O)=O)s1)c1cc2n(n1)CCO2,1.4797178506851196,1.4797178506851196,2.088338851928711
Cc1nc(-c2nc(C)c(C)o2)oc1C,1.4793925285339355,1.479392409324646,47.290985107421875
Cn1ncn(-c2ncc(-c3cc([N+](=O)[O-])no3)cn2)c1=O,1.479164719581604,1.479164719581604,5.116095542907715
N#C[C@@H]1CCCN(c2cccc([N+](=O)[O-])c2)C1,1.4791265726089478,1.4791265726089478,1.9387985467910767
C[C@H]1COCCN(C2(C#N)CC2)C1,1.4786031246185303,1.4786031246185303,15.721689224243164
CCCCC[C@@H](C)c1nnn(C)n1,1.4784939289093018,1.4784939289093018,12.863469123840332
C[C@@H]1CCCN(c2ccc(=O)n(C)n2)C1,1.4784870147705078,1.4784870147705078,0.5115519165992737
C[C@]1(O)CCCN(CC(=O)CCC(=O)O)CC1,1.4783655405044556,1.4783655405044556,15.494997024536133
Nc1c([N+](=O)[O-])cnn1CCCC(=O)C(=O)O,1.4780964851379395,1.4780964851379395,10.064615249633789
C[C]1CCCN(S(=O)(=O)CCN2CC[C@]3(CCOC3=O)C2)C1,1.4780142307281494,1.4780142307281494,5.4400248527526855
Cn1cc(-c2cc3oc(=O)n(C)c3cc2F)c(O)nc1=O,1.4775173664093018,1.4775173664093018,2.209352731704712
c1sc([C@H]2CCCSC2)cc1[C@@H]1CC12CCC2,1.4774965047836304,1.4774965047836304,2.7575201988220215
CC[C@@](C)(CCO)c1cc(C)n(C)c1C,1.477228045463562,1.477228045463562,1.611215591430664
Cc1ccc(C=O)cc1[C@@H]1[C]2CCO[C@@H]2C12CCC2,1.4772067070007324,1.4772067070007324,5.734375476837158
Cn1nc([N+](=O)[O-])n(C2OCCO2)c1=O,1.4766154289245605,1.4766154289245605,10.781017303466797
O=[N+]([O-])c1cc2c(-c3ccccc3Cl)ncnc2s1,1.476116418838501,1.476116418838501,7.4031877517700195
Fc1ccc(F)c(CCN2CCc3c[nH]nc3C2)c1,1.4760026931762695,1.4760026931762695,4.467982769012451
N#Cc1ccc([N+](=O)[O-])c(-c2ccnnc2)c1,1.4759963750839233,1.4759963750839233,5.516622543334961
Cc1cc(-c2ccc(C#N)c(Cl)c2)c2c(O)nn(C)c2n1,1.4756144285202026,1.4756144285202026,15.605053901672363
C[C@H]1CC(=O)NCCN1N1CCCNC(=O)[C@@H]1C,1.475342869758606,1.475342869758606,5.183656215667725
CN1CCC(C#N)(N[C@H]2CCCn3ncnc32)CC1,1.475268840789795,1.475268840789795,14.983022689819336
C[C@H]1CN(c2ncccc2Cl)CCN1,1.4752304553985596,1.47523033618927,5.327642440795898
c1cc2c(cc1CCCN1CC[C@H]([C@@H]3CCOC3)C1)OCCO2,1.4744127988815308,1.4744127988815308,14.465483665466309
C[C@@H](O)CCC[C@@H](CO)CC(F)F,1.474349021911621,1.474349021911621,1.5492953062057495
CCC(C)(C)C(=O)[C@H](CO)[C@@H](C)O,1.4742789268493652,1.4742789268493652,4.123434066772461
Cc1nonc1-c1cccc([N+](=O)[O-])c1,1.4741915464401245,1.4741915464401245,1.4606354236602783
C[C@H](CC(C)(C)O)N1C[C@H](O)[C@@H](O)C1,1.4741737842559814,1.4741737842559814,6.565446376800537
Cc1ccc(-c2nnc(C)o2)nn1,1.4738606214523315,1.4738606214523315,0.5705047249794006
[O-][n+]1cccc(-c2ncccc2Cl)c1,1.4738250970840454,1.4738250970840454,10.183311462402344
Fc1ccc(Cl)nc1N1CCOC[C@@H]1n1cnnn1,1.4737247228622437,1.4737247228622437,3.283184766769409
CC(C)(Cc1ccc2c(c1)OCCO2)c1ccc(S(C)(=O)=O)s1,1.473550796508789,1.473550796508789,12.780656814575195
Cc1ncccc1-c1cc(Cl)cc([N+](=O)[O-])n1,1.4734691381454468,1.4734691381454468,4.863961219787598
C=CC[C@@H](CO)Cc1ncnc2ncccc12,1.4733994007110596,1.4733994007110596,4.882804870605469
C(\Cc1nncs1)=N/Nc1ccccc1,1.473187804222107,1.473187804222107,6.626673221588135
Cc1cccc(-c2nnc(C)o2)n1,1.4731719493865967,1.4731719493865967,6.88134765625
CC1(C)CN([C@H]2COCCN2c2nn[nH]n2)CCO1,1.4729889631271362,1.4729889631271362,0.04149002581834793
CC(C)CCc1cc(=O)n(C)cn1,1.4728314876556396,1.4728314876556396,0.294342577457428
OC(Cc1cnn2c1OCCC2)Cc1cnn2c1OCCC2,1.47263765335083,1.47263765335083,11.903528213500977
Clc1cccnc1-c1noc(-c2cc3n(n2)CCO3)n1,1.4726029634475708,1.4726029634475708,11.749350547790527
C[C@H]1CNCCN1c1nc([N+](=O)[O-])n[nH]1,1.4723377227783203,1.4723377227783203,2.8497655391693115
O=[N+]([O-])c1ncc(-c2cn3c(n2)CCCC3)s1,1.4719847440719604,1.4719847440719604,0.3071436882019043
Cc1ccc(-n2cnnc2-c2cc(C#N)ccc2[N+](=O)[O-])o1,1.471799612045288,1.471799612045288,3.5293617248535156
N#CCCc1cnn2c1OCCC2,1.4713493585586548,1.4713493585586548,11.8013334274292
C=C[C@H](C(=O)O)N1CCOC[C@H](C)C1,1.4713037014007568,1.4713037014007568,7.066404819488525
CC1CCN(CCCCC#N)CC1,1.4710276126861572,1.4710276126861572,4.292652606964111
CC[C](C)C(=O)c1ccc(C#N)o1,1.4705097675323486,1.4705097675323486,9.497893333435059
N#Cc1ccc(-c2nc(O)c([N+](=O)[O-])cc2Br)cc1Cl,1.4704303741455078,1.4704303741455078,13.989391326904297
CC[C](N)CO[C](C)CC(=O)C(C)C,1.4701647758483887,1.4701647758483887,5.232411861419678
C[C@@H](O)CCCc1ccc(Cl)cn1,1.47002112865448,1.47002112865448,16.762008666992188
C1CSC[C@@H]([C@@H]2OC[C@@H]3CCC[C@@H]32)C1,1.469986081123352,1.469986081123352,9.049944877624512
C[C@@H]1C(=O)NCCN1c1cc(=O)n(C)cn1,1.4699656963348389,1.4699656963348389,8.358366012573242
Nc1cnc(N2C[C@H]3CCC[C@@H](C3)C2)cn1,1.469841480255127,1.469841480255127,10.021915435791016
C[C@H](CCCC(=O)C(=O)O)C[S@@](C)=O,1.4696893692016602,1.4696893692016602,3.6424810886383057
Cc1cc(S(=O)(=O)N2CCC[C@@H](C#N)C2)c([N+](=O)[O-])s1,1.4696043729782104,1.4696043729782104,6.4901909828186035
CC1=NO[C@H](N2C[C](O)[C@@H](O)C2)C1,1.4692941904067993,1.4692941904067993,6.670492649078369
CC(C)CCc1nonc1[N+](=O)[O-],1.4691959619522095,1.4691959619522095,1.7323654890060425
C=CC[C](CO)CC(=O)C[C@@H](C)c1ncccc1O,1.4691219329833984,1.4691219329833984,1.6929875612258911
Cc1cc(N2CCC[C@@H](C)C2)cc(O)n1,1.469059944152832,1.469059944152832,0.5566074252128601
CS(=O)(=O)c1ccc([C@@H]2CCN3CCC[C@H]3C2)s1,1.4690277576446533,1.4690277576446533,0.3659910559654236
CC(C)S(=O)(=O)CCCCC[C@@H](C)CC(=O)[C@@H]1C[C@@H](C)O[C@H]1C,1.4682834148406982,1.4682834148406982,7.761353969573975
Nc1cnc(-n2c(C=O)nc3ccccc32)cn1,1.4679803848266602,1.4679803848266602,3.7984249591827393
CON(C)CCN1CCC[C@@H](C)C1,1.4679571390151978,1.4679571390151978,4.1080641746521
CC[C@@H](c1cncc(F)c1)c1cccc2c1oc(=O)n2C,1.4676926136016846,1.4676926136016846,6.748163223266602
Cc1ccc(-c2cn(C)c(=O)nc2O)nn1,1.467634677886963,1.467634677886963,2.1608262062072754
CC(C)C[C@@H](CN)c1ccc(C#N)c(Cl)c1,1.4676175117492676,1.4676175117492676,13.462855339050293
Cn1cccc1[C@@H]1CC(C(N)=O)=NO1,1.4675111770629883,1.4675111770629883,6.1190056800842285
CC[C@@](C)(CCO)[C@@H]1CCN(C)C1,1.467360496520996,1.467360496520996,21.43793296813965
Cc1ncncc1-c1ccc(F)cc1[N+](=O)[O-],1.4673125743865967,1.4673125743865967,4.691102981567383
Cc1cc([C@@H](C)Cc2cnn(C)c2Cl)on1,1.4671058654785156,1.4671058654785156,3.0256733894348145
OC(CO[C@@H]1CCCC[C@H]1O)Cc1ccc2c(c1)OCCO2,1.4670742750167847,1.4670742750167847,11.173937797546387
O=[N+]([O-])CCCc1c(F)ccnc1F,1.467071771621704,1.467071771621704,5.2592692375183105
Cc1ncc(Br)n1C(C)(C)C(=O)[C@H]1CCOC(C)(C)C1,1.4669314622879028,1.4669314622879028,12.114188194274902
C[C@@H]1CN(c2ccc(F)cc2)CCN1,1.4667810201644897,1.4667810201644897,1.1826378107070923
CCCCC[C@@H](C)CCCCC#N,1.4665818214416504,1.4665818214416504,29.459501266479492
CN1CCC[C@H](c2ccc(C#N)c(Cl)c2)C1,1.4662593603134155,1.4662593603134155,13.761531829833984
C[C]1C[C@@H](c2cnc(N)cn2)[C@H](C)O1,1.4661799669265747,1.4661799669265747,5.093857765197754
C#CCCc1onc2ncnc(Cl)c12,1.4658281803131104,1.4658281803131104,5.314106464385986
C[C@H]1COCCN([C@H](C)CCO)C1,1.4657775163650513,1.4657775163650513,14.628503799438477
FC1(F)C[C@@H]1c1cnn2c1OCCC2,1.4657611846923828,1.4657611846923828,30.90738296508789
CN1C[C@@H](c2ccc(S(C)(=O)=O)s2)CC1=O,1.4649403095245361,1.4649403095245361,13.38775634765625
CC1(F)CN(c2nocc2-c2nc[nH]c2[N+](=O)[O-])C1,1.4648879766464233,1.4648879766464233,6.473707675933838
CCC(=O)CCN1CCO[C@@H](C)C1,1.464813470840454,1.464813470840454,5.120650768280029
Cc1nc(CCCCC#N)oc1C,1.4647283554077148,1.4647283554077148,30.946462631225586
Cc1cc(-c2cn3c(n2)CCCC3)cc(O)n1,1.4647154808044434,1.4647154808044434,4.768638610839844
Nc1ccc(-c2ncc(Br)cc2[N+](=O)[O-])cn1,1.464486002922058,1.464486002922058,6.875771522521973
O=C1NCCCC[C@H]1c1cnn2c1OCCC2,1.463934302330017,1.463934302330017,12.735526084899902
CC1(Cc2cnn3c2OCCC3)CCC1,1.463808298110962,1.463808298110962,4.415942192077637
C[C@@H]1C[C@@H](c2ccc([N+](=O)[O-])nc2)[C@H](C)O1,1.4633017778396606,1.4633017778396606,9.767208099365234
CC1(c2ccc(-c3ccc(N)nc3)cc2)OCCO1,1.4632015228271484,1.4632015228271484,0.3484734296798706
CC(C(=O)O)c1c(F)ccnc1F,1.4630820751190186,1.4630820751190186,7.517291069030762
C[S@](=O)[C@@H]1CCC[C@H](c2cnn3c2OCCC3)C1,1.4629995822906494,1.4629995822906494,4.5873823165893555
Cc1nnc(CCCCC#N)n1C,1.462487816810608,1.462487816810608,9.665295600891113
C[C@H]1CC[C@@H](N2CCO[C@@H](C)C2)C1,1.4624075889587402,1.4624075889587402,8.389640808105469
C#CCCCC[C@@H]1C[C@@H](C)O[C@H]1C,1.462331771850586,1.462331771850586,7.179496765136719
CC(=O)Cc1ccc2c(c1)OCCO2,1.462068796157837,1.462068796157837,13.088443756103516
C[C](CN)CCCC(=O)C(=O)c1ccc([S@](C)=O)cc1,1.4615092277526855,1.4615092277526855,0.1895321160554886
O=C1OC[C@@H]([C@H]2CCCC23OCCO3)O1,1.461264967918396,1.461264967918396,3.7904956340789795
CN1CCC(C#N)(c2cc3c(nc2O)CCC3)CC1,1.4611562490463257,1.4611562490463257,5.112437725067139
C[C@H]1N(ONC(=O)C(=O)C(C)(C)C)CCOC1(C)C,1.4610238075256348,1.4610238075256348,6.216440200805664
C[C@@H]1C(=O)NCCN1n1ncc([N+](=O)[O-])c1N,1.4610217809677124,1.4610217809677124,1.5495047569274902
c1nn2c(c1CCCCCc1cnn3c1OCCC3)OCCC2,1.4608840942382812,1.4608840942382812,15.185528755187988
O[C@H]1CCCN([C@@H]2CCCCO2)CC1,1.460568904876709,1.460568904876709,9.263335227966309
CC(C)S(=O)(=O)CCC[C@@H]1C(=O)NCC[C@H]1C,1.4605449438095093,1.4605449438095093,10.784710884094238
C[C@H](C(=O)[C@@H](C)CC(=O)O)N1CCC[C@](C)(O)CC1,1.4604393243789673,1.4604393243789673,8.005148887634277
N#CC1(C(=O)C(=O)c2ncc(F)cc2[N+](=O)[O-])CC1,1.460301160812378,1.460301160812378,3.4412689208984375
C=CCCc1cnn2c1OCCC2,1.4600920677185059,1.4600920677185059,17.459972381591797
Cn1nnc(-c2ccncc2C#N)n1,1.4599899053573608,1.4599899053573608,1.9505460262298584
Oc1cc(-c2ccc(Cl)s2)ncn1,1.4598885774612427,1.4598885774612427,6.872132301330566
O=C1CC[C@@H]2CN(c3ccc([N+](=O)[O-])o3)CC[C@H]2N1,1.459718942642212,1.459718942642212,12.456158638000488
Cc1ncc(Br)n1CCCCC#N,1.4591652154922485,1.4591652154922485,18.42190933227539
C[C@]1(O)CCCN(CCCCCc2ccc(C#N)c(Cl)c2)CC1,1.4588723182678223,1.4588723182678223,24.13252067565918
Cc1nnc(-c2cnc3ccc(Cl)nn3c2=O)o1,1.4588167667388916,1.4588167667388916,3.414895534515381
CC(C)[C](CCC(F)(F)CO)C(N)=O,1.458395004272461,1.458395004272461,0.20921839773654938
CC[C@@H](O)C[C@@H](C)CS(=O)(=O)CC,1.45835280418396,1.45835280418396,18.128150939941406
C[C@H]1C(=O)NCCCN1c1cc(C#N)ncn1,1.457985281944275,1.457985281944275,4.370184421539307
CC(C)C[C@H](CN)N1CC[C@@]2(CCOC2=O)C1,1.4577628374099731,1.4577629566192627,10.615824699401855
CN1CC[C@@H]2CC[C](C1)N2CCc1cn(C)c(=O)n(C)c1=O,1.457677960395813,1.457677960395813,11.319721221923828
O[C@H]1CCC[C@H]1c1cnn2c1OCCC2,1.4570317268371582,1.4570317268371582,11.446876525878906
CN1CCC(C#N)(OOCCc2ccc3c(c2)OCCO3)CC1,1.4569971561431885,1.4569971561431885,30.206867218017578
CC[C@@H](OS(=O)(=O)c1ccc(C#N)nc1)C(N)=O,1.4569252729415894,1.4569252729415894,4.013004302978516
Cc1cncc(-n2cnn3c([N+](=O)[O-])nnc23)c1,1.4568334817886353,1.4568334817886353,3.4255740642547607
O=[N+]([O-])c1[nH]cnc1-c1c(F)ccnc1F,1.4567643404006958,1.4567643404006958,5.349928379058838
CON(C)CCN1C[C@H](O)[C@@H](O)C1,1.4565353393554688,1.4565353393554688,3.0225207805633545
FCCCc1cnn2c1OCCC2,1.4563275575637817,1.4563275575637817,15.966080665588379
CC(C)(C)[C@@H](C(=O)O)C(=O)C(F)(F)F,1.4563182592391968,1.4563182592391968,6.570089817047119
Cc1cnc(C2SC(O)=NC2=S)cn1,1.4561644792556763,1.4561644792556763,9.008018493652344
Cc1ccc2cc(-c3csnn3)ccc2n1,1.4557336568832397,1.4557336568832397,2.414604663848877
O=C(O)[C@@H](O)C[C@H]1CCCC12OCCO2,1.4547401666641235,1.4547401666641235,0.7938718199729919
C#CCCCCc1coc(-c2ccnc(C#N)n2)cc1=O,1.4546945095062256,1.4546945095062256,13.035337448120117
CC(C)(C(=O)O)c1ccnc2cccc(O)c12,1.4545783996582031,1.4545783996582031,3.4613935947418213
N#Cc1ccc(-c2ccc(-c3sccc3C#N)cc2)cc1Cl,1.4544888734817505,1.4544888734817505,9.397475242614746
CN1CCC[C@H](c2ccc([N+](=O)[O-])s2)C1,1.4542858600616455,1.4542858600616455,8.685139656066895
Cc1nonc1-c1ncccc1F,1.4540858268737793,1.4540858268737793,12.568731307983398
CCC[C](N)Cc1ccc(Cl)cn1,1.4538744688034058,1.4538744688034058,12.976634979248047
CC(C)(Cc1cncc(O)c1)Cc1ccnc(C#N)c1,1.4537988901138306,1.4537988901138306,0.6895406246185303
CN1CC[C@@H]2[C](CCCN2CCc2ccc3c(c2)OCCO3)C1,1.4534642696380615,1.4534642696380615,33.70306396484375
CC[C@@H](C[C@@H]1C[C@@H](C)O[C@H]1C)C(=O)O,1.4533828496932983,1.4533828496932983,8.857288360595703
Cc1nnc(=NCCC[C@@H]2COC(=O)O2)[nH]c1C,1.4530898332595825,1.4530898332595825,0.010436384938657284
C=CC[C](CO)Cc1ccc(C#N)o1,1.4528836011886597,1.4528836011886597,47.4602165222168
CC(C)(C)C(=O)C(=O)c1ccc(Cl)cn1,1.4528543949127197,1.4528543949127197,2.673016309738159
C[C@@H]1CCCN(C(=O)C[C@@H](C)N2CCn3nccc3C2)C1,1.4528348445892334,1.4528348445892334,3.9300169944763184
Fc1cccnc1[C@H]1CCCC12OCCO2,1.4527310132980347,1.4527310132980347,15.837967872619629
C[C@]1(O)CCCN(c2nc(=N)cc[nH]2)CC1,1.4527225494384766,1.4527225494384766,6.5733323097229
Fc1ccnc(F)c1[C@@H]1CCN2CCC[C@@H]2C1,1.4525736570358276,1.4525736570358276,16.787822723388672
C[C@@H](CN)c1cnn2c1OCCC2,1.4524410963058472,1.4524410963058472,11.301060676574707
CCS(=O)(=O)C[C@H](C)[C@@H]1CCCSC1,1.4523909091949463,1.4523909091949463,14.140897750854492
CN1CCC(C#N)(CC(O)CN2CC[C@@]3(CCOC3=O)C2)CC1,1.4521430730819702,1.4521430730819702,52.15092468261719
Cc1nc(-c2nnc(C)n2C)oc1C,1.451891303062439,1.451891303062439,9.201088905334473
Fc1cccnc1N1CCc2ccccc21,1.4518424272537231,1.4518424272537231,18.84380531311035
C[C@H](C[C@](C)(O)C(=O)C[C@@H](C)N1C(=O)CNC1=O)C(N)=O,1.4514141082763672,1.4514141082763672,4.818851947784424
CC(C)[C@@H](C(N)=O)[C@@H](C)CC(C)(C)O,1.4514085054397583,1.4514085054397583,5.144016742706299
Cn1c(Cl)cnc1-c1ncsc1-c1ccc2c(c1)OCCO2,1.4510047435760498,1.4510047435760498,10.892868041992188
C[C@@H]1CCCN(c2cc(Cl)no2)C1,1.4508075714111328,1.4508075714111328,2.5931060314178467
O=[N+]([O-])c1cc(-c2csnn2)on1,1.4502886533737183,1.4502886533737183,7.652406215667725
O=C1OC[C@@H](c2cnn3c2OCCC3)O1,1.4501553773880005,1.4501553773880005,8.417756080627441
c1c([C@@H]2CC23CCC3)nn2c1OCC2,1.4499109983444214,1.4499109983444214,8.324007034301758
CCCCC[C@@H](C)CCC[C@H](C)O,1.449904203414917,1.449904203414917,16.84327507019043
C[C](Cn1cnc(C#N)cc1=O)[N+](=O)[O-],1.4491106271743774,1.4491106271743774,2.7615764141082764
C#CCCCC(=O)[C]1CSc2ccccc21,1.449015498161316,1.449015498161316,3.3552281856536865
Cc1noc(C)c1-c1ccc(F)cc1[C@@H](C)CC(C)(C)O,1.4489423036575317,1.4489423036575317,12.477850914001465
C#CCCCCc1nc(C)c(C)o1,1.4489320516586304,1.4489320516586304,11.090570449829102
C[C@@H]1C[C@@H](c2cnc(C#N)cn2)[C@H](C)O1,1.448889970779419,1.448889970779419,1.3198882341384888
O=C(CCCc1cnn2c1OCCC2)c1cnn2c1OCCC2,1.4484107494354248,1.4484107494354248,12.752054214477539
CS(=O)(=O)c1ccc([C@H]2CCCO2)s1,1.4480812549591064,1.4480812549591064,20.25359535217285
C[C](C(=O)N1CCc2ccccc2CC1)c1cnn(C)c1Cl,1.4477510452270508,1.4477510452270508,10.18687915802002
Cn1ncc(C(C(=O)O)c2c(F)ccnc2F)c1Cl,1.4476970434188843,1.4476970434188843,10.194762229919434
Cn1nc(N2CCCC2)nc1[N+](=O)[O-],1.4472086429595947,1.4472086429595947,3.283606767654419
C[C@@H]1CCCCN1[C@H]1CCCN(C)C1,1.4471855163574219,1.4471855163574219,5.020387649536133
N#Cc1nccc(-c2ncc(C=O)cc2Br)n1,1.4470990896224976,1.4470990896224976,2.8593227863311768
O=C1OC[C@H](c2cnn3c2OCCC3)O1,1.44687020778656,1.44687020778656,7.536224365234375
Oc1nnc(-c2c(F)ccnc2F)[nH]1,1.4461932182312012,1.4461932182312012,10.238460540771484
Cc1nn([C@H](C)CCO)cc1[N+](=O)[O-],1.4461644887924194,1.4461644887924194,0.80621337890625
C=C[C@H](C(=O)O)N1CC[C@@]2(CCOC2=O)C1,1.4461580514907837,1.4461580514907837,12.478707313537598
C[C@@H]1OC(=O)N[C@H]1N1CCC[C@](C)(O)CC1,1.4459692239761353,1.4459692239761353,13.34284782409668
CC[C](C)CN1CCCNC(=O)[C@@H]1n1ccnc1,1.4457751512527466,1.4457751512527466,1.6269820928573608
C[C@@H](O)CC[C@@H]1OC[C@@H]2CCC[C@@H]21,1.4456913471221924,1.4456913471221924,3.8992364406585693
Cn1nc2c(c1[C@@H]1CCC1(C)C)CCCC2,1.4456738233566284,1.4456738233566284,0.20753632485866547
CC[C@H](C)N(OC)C(=O)c1cc([N+](=O)[O-])sc1[C@H](C)CO,1.4453580379486084,1.4453580379486084,4.9155964851379395
c1nn2c(c1-c1nn[nH]n1)OCCC2,1.4452807903289795,1.4452807903289795,12.609230041503906
Cn1ncc(-c2nccc3ccncc23)c1Cl,1.4451625347137451,1.4451625347137451,6.220726013183594
O=[N+]([O-])c1oc(CC(F)(F)F)cc1Br,1.4450771808624268,1.4450771808624268,6.834209442138672
C[C@H]1N(c2ncncc2-c2ccccc2)CCOC1(C)C,1.4450197219848633,1.4450197219848633,7.579607963562012
FC(F)CN1CCCN(c2ccc3c(c2)CCC3)CC1,1.4446135759353638,1.4446135759353638,2.172121047973633
Cn1ncn(-c2nnc(O)[nH]2)c1=O,1.4445654153823853,1.4445654153823853,7.317105293273926
N#Cc1cncc(-c2nc(Cl)cs2)n1,1.4444485902786255,1.4444485902786255,6.730250358581543
C[C@@H]1CCCN(CCCCC#N)C1,1.4441955089569092,1.4441955089569092,0.9834116697311401
Fc1cncc(-n2cc(Cl)cn2)c1,1.4438025951385498,1.4438025951385498,2.176762580871582
CC(C)(CCC1(S(C)(=O)=O)CC1)Cc1ccc(C#N)c(Cl)c1,1.443688988685608,1.443688988685608,5.415538311004639
O=C1OC[C@@H](N2CCn3nccc3C2)O1,1.4435909986495972,1.4435909986495972,5.563792705535889
O=[N+]([O-])c1ccc(-c2cccc(Br)c2)s1,1.442901611328125,1.442901611328125,10.65917682647705
CC(C)[C@H](CCc1nnc(Br)nn1)C(N)=O,1.442828893661499,1.442828893661499,4.858518600463867
CC[C@H](C)N(OC)C(=O)[C@H]1CC12CC2,1.4427801370620728,1.4427801370620728,2.4070186614990234
Cc1cc(CCCCCCCCC[C@@H](C)O)c2cnn(C)c2n1,1.4424577951431274,1.4424577951431274,10.74105167388916
Cc1noc(C)c1[C@@H]1CC[C@H](C)C1,1.442432165145874,1.442432165145874,11.958715438842773
CON(C)CCc1ccnnc1C,1.4422471523284912,1.4422471523284912,5.055890083312988
Cn1cnc(CCCCC(=O)O)c1,1.4420727491378784,1.4420727491378784,4.2674174308776855
Cc1noc(C)c1CCC[C@@H](C)O,1.442035436630249,1.442035436630249,11.401960372924805
Cn1nccc1[C@@H]1OC[C@@H]2CCC[C@@H]21,1.441416621208191,1.441416621208191,11.687569618225098
C[C@@H](CC(C)(C)O)c1cc2n(n1)CCO2,1.4413063526153564,1.4413063526153564,11.295051574707031
O=C(C[C@@H]1CCCS1(=O)=O)N1CCOCCN1,1.4412236213684082,1.4412236213684082,6.4786248207092285
CC[C@@H](C)N(OC)C(=O)n1cc(N2C[C](O)[C@@H](C)C2)cn1,1.441196084022522,1.441196084022522,10.545825958251953
CC[C@@](C)(CCO)c1ncc(C=O)cc1Br,1.4408594369888306,1.4408594369888306,9.351064682006836
O=Cc1cnc(-c2cc([N+](=O)[O-])no2)c(Br)c1,1.4408535957336426,1.4408535957336426,10.449568748474121
Cn1ncc(-c2cccnc2F)n1,1.4401140213012695,1.4401140213012695,1.813289999961853
NC(=O)C1=NO[C@H](c2ccc(Cl)cn2)C1,1.4399372339248657,1.4399372339248657,12.62492561340332
Cc1nnc(-c2cnc(N)cn2)o1,1.43990159034729,1.43990159034729,0.3768393099308014
CCC(=O)[C@@H](C)c1nn(C)cc1[N+](=O)[O-],1.43979811668396,1.43979811668396,6.193476676940918
N#Cc1ncn(-c2nc(O)c3ncnnc3n2)n1,1.4396363496780396,1.4396363496780396,7.151256561279297
CCC(C)(C)C(=O)c1ncccc1O,1.4395055770874023,1.4395055770874023,13.361063003540039
N#Cc1ccc(C(=O)CCc2cnn3c2OCCC3)cc1Cl,1.4393360614776611,1.4393360614776611,15.214683532714844
O=C(O)CCCCc1cccc([N+](=O)[O-])c1,1.4390921592712402,1.4390922784805298,5.855662822723389
c1nocc1N1C[C]2CNC[C@H]2C1,1.438887357711792,1.438887357711792,6.6378068923950195
CCC(=O)c1ncc(F)cc1[N+](=O)[O-],1.43880033493042,1.43880033493042,2.3909645080566406
Cc1nc(-n2cc(Cl)cn2)ncc1-c1cnn2c1OCCC2,1.4384753704071045,1.4384753704071045,9.15786075592041
Fc1cc2nccnc2cc1CCc1cnn2c1OCCC2,1.4382073879241943,1.4382073879241943,15.800480842590332
CCC(C)(C)C(=O)C[C](c1ccc([N+](=O)[O-])o1)C(C)C,1.4382058382034302,1.4382058382034302,2.544961452484131
C[C@@H](CCS(C)(=O)=O)c1c(Br)cncc1[N+](=O)[O-],1.4380905628204346,1.4380905628204346,1.6200350522994995
CC[C@H](C)N(OC)C(=O)c1nonc1C,1.438053011894226,1.438053011894226,40.95860290527344
CC(Cl)(Cl)C(=O)c1ccnc2ccncc12,1.4379867315292358,1.4379867315292358,10.394369125366211
Cc1cc(-c2ccc(N)nc2)no1,1.437743902206421,1.437743902206421,0.10887552797794342
O=[N+]([O-])c1cc(Br)c(-c2cc3n(n2)CCO3)nc1O,1.4373316764831543,1.4373316764831543,10.958675384521484
N#Cc1ccc([N+](=O)[O-])c(-c2c[n+]([O-])ccc2[N+](=O)[O-])c1,1.4370863437652588,1.4370863437652588,1.9655683040618896
CS(=O)(=O)Cc1c(F)ccnc1F,1.4369187355041504,1.4369187355041504,20.830400466918945
Cn1cc(-n2c(=O)cnc3ccccc32)c(=O)n(C)c1=O,1.436439037322998,1.436439037322998,2.574849843978882
Cn1c(=O)oc2c(-c3ncc(C=O)cc3Br)cccc21,1.436395287513733,1.436395287513733,8.585440635681152
Cc1cc2ccccc2nc1CCN1CCC[C@](C)(O)CC1,1.4357728958129883,1.4357728958129883,14.985076904296875
CC(C)(CCc1ncc([N+](=O)[O-])cc1C#N)S(C)(=O)=O,1.4356030225753784,1.4356030225753784,12.823811531066895
C[C](C(=O)c1cnn2c1OCCC2)c1c([N+](=O)[O-])ncn1C,1.4354968070983887,1.4354968070983887,18.044471740722656
O=Cc1nc2ccccc2n1[C@H]1CCNC12CCC2,1.4352755546569824,1.4352755546569824,4.7111053466796875
Cc1nnccc1-c1ncc(C=O)cc1Br,1.4349178075790405,1.4349178075790405,7.395062446594238
C[C@H](CCC[C@@H](C)O)CC(C)(C)O,1.4348115921020508,1.4348115921020508,4.519106864929199
O=C(O)CCCc1n[n+]([O-])c([N+](=O)[O-])cc1[N+](=O)[O-],1.4347352981567383,1.4347352981567383,5.400853633880615
CC#CCN1CCC[C@@H](N2CCN(C)CC2)C1=O,1.4344940185546875,1.4344940185546875,1.851024866104126
CC[C@H](CCO)c1ccccc1C#N,1.434375524520874,1.434375524520874,6.508723735809326
C[C@H]1N(N2CCc3n[nH]cc3C2)CCOC1(C)C,1.433915615081787,1.433915615081787,6.907773494720459
CC[C](C)Cc1ncnn1-n1cccn1,1.4337753057479858,1.4337753057479858,0.8128363490104675
Cn1ncn([C@@H]2OC[C@@H]3CCC[C@@H]32)c1=O,1.4336769580841064,1.4336769580841064,7.742897033691406
C[S@](=O)c1cccc(CCc2ccc(C#N)c(Cl)c2)c1,1.4334890842437744,1.4334890842437744,12.49917221069336
CC[C@@](C)(CCO)c1cc(S(C)(=O)=O)ccc1[N+](=O)[O-],1.4333029985427856,1.4333029985427856,6.971730709075928
Cc1cc(-c2nc3nonc3nc2O)cc(O)n1,1.4330885410308838,1.4330885410308838,4.346161365509033
NC(=O)C1=NO[C@H](CC[C]2[C@H]3COC[C@@H]23)C1,1.4327999353408813,1.4327999353408813,12.097604751586914
CCS(=O)(=O)C[C@H](C)N1CCC[C@@H](C)C1,1.4327359199523926,1.4327359199523926,6.532934188842773
c1c([C@@H]2CCN3CCC[C@@H]3C2)nn2c1OCC2,1.432719349861145,1.432719349861145,14.701297760009766
CON(C)C(=O)[C@H](CON)C(C)C,1.4326711893081665,1.4326711893081665,2.7771739959716797
C#CCCCC(=O)CC[C@@H]1CC12CCC2,1.4322196245193481,1.4322196245193481,5.248009204864502
O=Cc1ccc(F)c(-c2occc2N2CCn3nccc3C2)c1,1.4319182634353638,1.4319182634353638,7.031982421875
c1cnn(-c2ccc3nccn3n2)c1,1.431900978088379,1.431900978088379,7.656765460968018
O=C(Nn1c(O)nnc1O)[C@H]1CCCC12OCCO2,1.4318082332611084,1.4318082332611084,7.850596904754639
Cc1c(-n2c(Br)cnc2C)n2ncc(C#N)c2ncc1=O,1.4318033456802368,1.4318033456802368,2.6518826484680176
CC1(F)CN(N2CCC(N)CC2)C1,1.4316325187683105,1.4316325187683105,9.172844886779785
C[C@H](Cc1c(Br)cncc1[N+](=O)[O-])[N+](=O)[O-],1.4315415620803833,1.4315415620803833,0.603602945804596
CC1CCN(C[C@@H](C)C(=O)O)CC1,1.4314162731170654,1.4314162731170654,4.125913143157959
CC(=O)N1CCc2ccccc2CC1,1.4312126636505127,1.4312126636505127,3.2378087043762207
Cc1nc(CCCCC#N)nn1C,1.4310535192489624,1.4310535192489624,10.00071907043457
Cc1nnsc1-c1cc(C#N)ncn1,1.4307115077972412,1.4307115077972412,3.9107301235198975
CCCCC(=O)[C@H](CCCC)C(=O)O,1.4301671981811523,1.4301671981811523,2.0100748538970947
CC[C@H](C#N)Oc1cc(Br)c([N+](=O)[O-])cc1[N+](=O)[O-],1.4300901889801025,1.4300901889801025,3.6732678413391113
CCCC[C@@H](C(=O)O)n1nc([N+](=O)[O-])nc1[N+](=O)[O-],1.4299886226654053,1.4299886226654053,0.15352590382099152
CC1=NOC(=O)C1N1CCC(N)CC1,1.4299253225326538,1.4299253225326538,6.598315238952637
C[C]1CN(C[C](O)C(C)C)C[C@H]1O,1.4298408031463623,1.4298408031463623,9.744460105895996
CCC[C@@H](C)c1ccncc1C#N,1.4298110008239746,1.4298110008239746,4.566800117492676
Cc1noc(C)c1-c1ccc(-c2ccc(Cl)s2)c([N+](=O)[O-])c1,1.4295587539672852,1.4295587539672852,2.5796396732330322
O=Cc1nc2ccccc2n1-c1ncccc1O,1.4295294284820557,1.4295294284820557,2.906480073928833
Cc1cc(C#N)cnc1N1CCCC[C@@H]1C,1.4293252229690552,1.4293252229690552,12.450471878051758
N#Cc1ccc(C(=O)[C@H]2CSc3ccccc32)cc1Cl,1.4292688369750977,1.4292688369750977,0.7650803327560425
CC[C@@H](C[C@@H]1C=CC[C@@H]([C@@H]2CC(C)(C)CO2)C1)C(=O)O,1.4291056394577026,1.4291056394577026,7.35615348815918
C[C]1CN(c2ccc(-c3nonc3[N+](=O)[O-])nn2)CCN1,1.4290893077850342,1.4290893077850342,8.183351516723633
CN1CCC(C#N)(c2nc(O)c3ncnnc3n2)CC1,1.4290649890899658,1.4290649890899658,6.386581897735596
CS(=O)(=O)c1ccc(-c2cc3nccnc3cc2F)s1,1.4290571212768555,1.4290571212768555,14.908896446228027
CC1CCN(c2nnnn2C)CC1,1.4290460348129272,1.4290460348129272,7.314310073852539
Cc1cnc(S(C)(=O)=O)nc1-c1ccccc1,1.4288837909698486,1.4288837909698486,12.03750991821289
CC(C)(C(=O)c1ccc(F)cc1[N+](=O)[O-])c1ncccc1F,1.4288595914840698,1.4288595914840698,7.586497783660889
C[C@H]1COCCN(n2cnnc2-n2ccc(=O)c([N+](=O)[O-])c2)C1,1.4283623695373535,1.4283623695373535,9.584725379943848
C[C@@H](CC(=O)O)n1ccc(=O)c([N+](=O)[O-])c1,1.428316354751587,1.428316354751587,10.849821090698242
CC[C](C[C@@H](C)C[C@@H](C)O)C(=O)O,1.4281014204025269,1.4281014204025269,7.773209571838379
Cc1nn(C)cc1-c1ncc(C(=O)C2=NN3CCCN=C3N2)s1,1.428093671798706,1.428093671798706,5.336684226989746
C[C@H]1C[C@@H](c2cccc(F)c2C#N)CN1n1cncn1,1.4275010824203491,1.4275010824203491,6.961071491241455
Cn1nc([N+](=O)[O-])n(N2C[C]3CNC[C@H]3C2)c1=O,1.4274134635925293,1.4274134635925293,13.933574676513672
CC1=NO[C@H](N2CCCNC(=O)[C@@H]2C)C1,1.4270910024642944,1.4270910024642944,3.5411009788513184
O=[N+]([O-])c1cccc(CCCCc2nn[nH]n2)c1,1.4270639419555664,1.4270639419555664,1.4510284662246704
C1=NN(CCc2nnc3n2CCCC3)CC1,1.4266256093978882,1.4266256093978882,2.5860283374786377
C=CC[C@@H](C)c1cc(C)nc(O)c1,1.4265944957733154,1.4265944957733154,2.929521322250366
Cc1cccc(-c2ccc(Cl)cn2)n1,1.4262574911117554,1.4262574911117554,21.12140655517578
C[C@@H]1C[C@@H](CC[C]2CCN2C)[C@H](C)O1,1.4261834621429443,1.4261834621429443,8.022286415100098
N#Cc1ccccc1-c1ccc(F)nc1,1.4261423349380493,1.4261423349380493,6.146360397338867
N#Cc1cc(=O)n(C[C](O)C(=O)c2ncccc2F)cn1,1.4260631799697876,1.4260631799697876,5.148582458496094
O=[N+]([O-])c1cc[n+]([O-])cc1-c1nnn[nH]1,1.425952672958374,1.425952672958374,11.544296264648438
C[C@@H]1C(=O)NCCCN1c1ccccc1O,1.425610065460205,1.425610065460205,0.8456152081489563
CCC(=O)c1nc2nonc2nc1Cl,1.425599217414856,1.425599217414856,2.473540782928467
C[C@@H]1CCCN(c2cccc([N+](=O)[O-])c2[N+](=O)[O-])C1,1.4254933595657349,1.4254933595657349,0.7044587135314941
CS(=O)(=O)c1ccc([C@H]2CCCSC2)s1,1.4250293970108032,1.4250293970108032,16.042362213134766
Cc1cccc(-c2nnn(C)n2)n1,1.4248629808425903,1.4248629808425903,4.697283744812012
Cc1nc(N2C[C](c3nccs3)[C@H](O)C2)oc1C,1.4248363971710205,1.4248363971710205,6.3025383949279785
Cn1nc2c(c1-c1cn(C)c(=O)nc1O)CCCC2,1.4248323440551758,1.4248323440551758,15.137938499450684
O=C(O)[C](O)Cc1nc2ncccn2n1,1.4248270988464355,1.4248270988464355,3.0772345066070557
CC(=O)Cn1nnc(-n2nc(C)ccc2=O)n1,1.4239771366119385,1.4239771366119385,0.7941935062408447
COC1=CC(=O)C(O)=C(CC[C@H](C)CO)C1=O,1.4237099885940552,1.4237099885940552,2.995696544647217
Cc1nonc1N1CCNC[C@H]1C,1.423343300819397,1.423343300819397,8.53662395477295
Cc1nnc(-c2nccc3ccncc23)o1,1.4232934713363647,1.4232934713363647,4.3061065673828125
C[C@H](CC(C)(C)O)c1oncc1-c1ccc(C#N)c(Cl)c1,1.4232522249221802,1.4232522249221802,1.1022437810897827
Cc1noc(C)c1-c1cc2n(n1)CCO2,1.4231464862823486,1.4231464862823486,17.428945541381836
CS(=O)(=O)CCCCc1ncccc1F,1.423130989074707,1.423130989074707,4.459310531616211
CC1(C)OCC[C@H]1c1ccc(C#N)o1,1.4230427742004395,1.4230427742004395,3.6240949630737305
O=[N+]([O-])c1ncc(Br)cc1N1CCCCCC1,1.4228806495666504,1.4228806495666504,2.4355783462524414
C=CCC(=O)C[C@H](C)c1nonc1C,1.4228805303573608,1.4228805303573608,3.801994800567627
CC(C)[C@H](O)CCc1nnc(Br)nn1,1.4225184917449951,1.4225184917449951,2.796635389328003
Cn1cnc(C2(C#N)CCC2)cc1=O,1.4223586320877075,1.4223586320877075,8.305127143859863
C=CC[C@H](CO)C[C@]1(C)CCN(OCCCCS(C)(=O)=O)C1,1.422339677810669,1.422339677810669,11.505186080932617
O=C(O)[C](O)Cc1cc2n(n1)CCO2,1.4221529960632324,1.4221529960632324,12.889108657836914
CC(C)[C@H](C(=O)[C@H](C)C[C@H](C)O)[C@H]1CCCSC1,1.4219238758087158,1.4219238758087158,11.545951843261719
C[C](C(=O)CCC[N+](=O)[O-])[C@H](C)c1ccc2c(c1)OCCO2,1.4214246273040771,1.4214246273040771,10.568198204040527
Cc1nc(C[C](O)C(C)C)oc1-c1ccc(C#N)c(Cl)c1,1.4213154315948486,1.4213154315948486,3.6364529132843018
CCC(C)(C)C(=O)[C@@H]1COCCO1,1.4210782051086426,1.4210782051086426,6.526658058166504
NC(=S)c1ccc(-c2ccccc2F)cc1,1.4210749864578247,1.4210749864578247,3.0305182933807373
CC(C)Cc1c([N+](=O)[O-])ncn1C,1.4207873344421387,1.4207873344421387,9.178154945373535
CC1CCN(Cc2ncccc2O)CC1,1.4207841157913208,1.4207841157913208,11.422961235046387
Cc1nonc1-n1ccc(C=NO)nc1=O,1.4205797910690308,1.4205797910690308,3.6482343673706055
Cn1nc2c(c1CCCc1ccc3c(c1)OCCO3)CCCC2,1.4204397201538086,1.4204397201538086,10.381625175476074
C[C@@H]1C[C@@H](n2cnc(C#N)cc2=O)[C@H](C)O1,1.4204211235046387,1.4204211235046387,10.743704795837402
CCS(=O)(=O)C[C@H](C)c1ncccc1F,1.4203156232833862,1.4203156232833862,5.227914333343506
CCC(=O)n1c([N+](=O)[O-])nn(C)c1=O,1.4203031063079834,1.4203031063079834,1.7317848205566406
CC1CCN(c2ccc(Cl)cn2)CC1,1.4198991060256958,1.4198991060256958,0.2337629497051239
N#Cc1ccccc1-c1ccnc(F)c1,1.4198874235153198,1.4198874235153198,5.696257591247559
N#Cc1cnccc1-c1cccc([N+](=O)[O-])c1,1.4198874235153198,1.4198874235153198,8.23035717010498
N#Cc1ccc(CC(O)Cc2ccc3c(c2)OCCO3)cc1Cl,1.4195363521575928,1.4195363521575928,19.56126594543457
Fc1ccnc(F)c1N1CCCCC1,1.4194467067718506,1.4194467067718506,12.420782089233398
C[C]1CN(CC[C]2OC[C]3CCC[C@@H]32)CCN1,1.4194400310516357,1.4194400310516357,11.30012321472168
CC1CCN(c2cnc3c[nH]nc3c2)CC1,1.4194040298461914,1.4194040298461914,10.495691299438477
CC(C)CCc1ncc(-c2[nH]ncc2[N+](=O)[O-])o1,1.4190688133239746,1.4190688133239746,1.1386677026748657
CC[C@@H](C)N(OC)C(=O)[C@@H](CN)CC(C)C,1.4189810752868652,1.4189810752868652,14.596829414367676
CC1=C(C)C(CCNC2=NCCS2)=C(C)C(=O)C1=O,1.41892671585083,1.41892671585083,8.30769157409668
Cn1nnnc1CC(C)(C)[N+](=O)[O-],1.418822169303894,1.418822169303894,14.534399032592773
Cc1cc([C@@H]2[C@H]3CCO[C@@H]3C23CCC3)n[nH]1,1.4186841249465942,1.4186841249465942,0.25867530703544617
FCCCc1cc2nccnc2cc1F,1.4185553789138794,1.4185553789138794,6.568889141082764
O=[N+]([O-])c1cccc(-c2cc(Cl)no2)c1,1.4185419082641602,1.4185419082641602,5.400947570800781
CC(C)(C(=O)c1ccccc1)[C@@H]1[C@H]2CCO[C@@H]2C12CCC2,1.4185287952423096,1.4185287952423096,9.256003379821777
Cc1nccc(N2CCNC(=O)[C@@H]2C)n1,1.4185149669647217,1.4185149669647217,5.2188849449157715
C[S@@](=O)c1cccc(-c2ccnc(C#N)c2)c1,1.4182155132293701,1.4182155132293701,7.152702808380127
N#CCCCCc1cnc(N)cn1,1.4181898832321167,1.4181898832321167,15.169434547424316
CC[C@H](C(N)=O)c1ccc(N2CCC(N)CC2)c(F)c1,1.418163537979126,1.418163537979126,6.779250144958496
O=C(O)C(=O)CCC[C@@H]1CCCOC1,1.4180899858474731,1.4180899858474731,5.533264636993408
C[C]1C[C@@H](c2cncc(O)c2)[C@H](C)O1,1.4180558919906616,1.4180558919906616,5.8246684074401855
C[C@@H]1CCNC(=O)[C@@H]1CCCCc1c(F)ccnc1F,1.4180160760879517,1.4180160760879517,10.277457237243652
C[C@@H]1CC[C@H]([C@@H]2[C]3CCO[C@@H]3C23CCC3)C1,1.4179470539093018,1.4179470539093018,4.706304550170898
CC1CCN(c2n[n+]([O-])c([N+](=O)[O-])cc2[N+](=O)[O-])CC1,1.41791570186615,1.41791570186615,4.012364864349365
C=C(C)[C@H](C)N1CC[C@H]2CCN[C@@H]2C1,1.4176316261291504,1.4176316261291504,1.125760793685913
CC(C)C[C@H](CN)c1ccc([N+](=O)[O-])s1,1.4172850847244263,1.4172850847244263,10.475337982177734
C#C[C@@H](C(C)C)n1cc(C=Nn2c(S)nncc2=O)nn1,1.4170295000076294,1.4170295000076294,4.879322528839111
C[C@H]1CC(=NC(=O)[C@@H]2CCOC[C@H]2O)NO1,1.4166761636734009,1.4166761636734009,0.2666575610637665
CC[C@@H](O)Cc1nnc(O)cc1N1CCn2nccc2C1,1.4165228605270386,1.4165228605270386,4.338813781738281
C[C@]1(O)CCCN(c2nc3ccccc3[nH]2)CC1,1.416325569152832,1.416325569152832,11.524989128112793
C[C@H](C[S@](C)=O)N1CCOC(C)(C)[C@H]1C,1.4162330627441406,1.4162330627441406,2.0187857151031494
Cc1cc(C[C@@H](O)CO)c(C)n1C,1.4156776666641235,1.4156776666641235,0.36899828910827637
C=CC[C](CO)C[C@H]1CCCSC1,1.415515422821045,1.415515422821045,9.078473091125488
Cn1nc2c(c1CCc1ccc(C#N)c(Cl)c1)CCCC2,1.4155131578445435,1.4155131578445435,32.70054626464844
CCC(=O)[C@@H](C)N1CC[C@H]([C@@H]2CC=CC[C@H]2C)[C](C)C1,1.4150986671447754,1.4150986671447754,1.3044793605804443
C[C](ON1CCc2ccccc21)C(C)=O,1.4149680137634277,1.4149680137634277,11.724153518676758
CN1CC[C@H]1CCCCS(C)(=O)=O,1.4148151874542236,1.4148151874542236,8.728354454040527
N#Cc1ccc(-c2nc[nH]c2[N+](=O)[O-])cc1Cl,1.414815068244934,1.414815068244934,23.637107849121094
CC1CCN(C23CC(CO2)C3)CC1,1.4147104024887085,1.4147104024887085,6.23940372467041
O=C1CC[C@H]2[C@@H](CCc3cnn4c3OCCC4)[C@@H]12,1.4135650396347046,1.4135650396347046,11.009629249572754
N#Cc1ccc([N+](=O)[O-])c(-c2cc(C=O)ccc2F)c1,1.4131110906600952,1.4131110906600952,0.351412832736969
CS(=O)(=O)c1ccc(-c2cccnc2[N+](=O)[O-])cn1,1.4131015539169312,1.4131015539169312,0.4944356381893158
CS(=O)(=O)c1ccc(-c2nccc3ccncc23)s1,1.4126460552215576,1.4126460552215576,13.439484596252441
N#Cc1cnccc1-c1cc2nccnc2cc1F,1.412325382232666,1.412325382232666,12.211705207824707
C[C](C#N)C(=O)c1nc2nonc2nc1O,1.4122798442840576,1.4122798442840576,0.9108886122703552
C[C@@H](C(=O)O)N1CCC[C@](C)(O)CC1,1.4121352434158325,1.4121352434158325,1.3403725624084473
CC[C@@H](C[C@H]1CCCN(C)C1)C(=O)O,1.4120935201644897,1.4120935201644897,12.168170928955078
N#Cc1ccc([C@@H]2CC(C(N)=O)=NO2)cc1Cl,1.4120668172836304,1.4120668172836304,20.660205841064453
CC1CCN(c2nccc3ccncc23)CC1,1.4117664098739624,1.4117664098739624,12.308448791503906
Cn1cnc([N+](=O)[O-])c1[C@H](CF)C(=O)O,1.4114811420440674,1.4114811420440674,12.993513107299805
Cc1ncccc1C(=O)C(=O)C(C)(C)C,1.4113595485687256,1.4113595485687256,3.1005799770355225
Cc1ncc(Br)n1[C@@H]1CC(C(N)=O)=NO1,1.4108386039733887,1.4108386039733887,10.259087562561035
CC[C@@H](C)N(OC)C(=O)CC(O)Cc1cnn2c1OCCC2,1.410521149635315,1.410521149635315,18.978864669799805
C[C@@H](CN)c1nccn2ccnc12,1.4103223085403442,1.4103223085403442,7.948552131652832
C(\C[C@@H]1[C]2CCO[C@@H]2C12CCC2)=N/Nc1ccccc1,1.4102596044540405,1.4102596044540405,7.963197708129883
OC(Cc1ccc2c(c1)OCCO2)Cc1cnn2c1OCCC2,1.4100406169891357,1.4100406169891357,32.688358306884766
CC(C)(C)CC(=O)CN1C(=O)CNC1=O,1.4098938703536987,1.4098938703536987,0.14043501019477844
C[C@@H]1C[C@@H](c2cnc([N+](=O)[O-])s2)[C@H](C)O1,1.4098833799362183,1.4098833799362183,9.891081809997559
CCC(=O)[C@@H](C)CC[C@@H](CC(=O)CC(C)(C)CC#N)C(C)=O,1.4095666408538818,1.4095666408538818,2.4653871059417725
C=CC[C@H](CO)Cc1nc(C)c(C(=O)N(OC)[C@@H](C)CC)o1,1.4094593524932861,1.4094593524932861,9.144929885864258
CC[C@@](C)(CCO)n1cnn2c([N+](=O)[O-])nnc12,1.4092020988464355,1.4092020988464355,0.5470969676971436
C[C](C#N)CC(=O)Nn1c(O)nnc1O,1.4091116189956665,1.4091116189956665,4.308034896850586
C#C[C@@H](C(C)C)N1CC[C@H]([C@@H]2CCOC2)C1,1.4089726209640503,1.4089726209640503,2.175705909729004
Cc1cc2ccccc2nc1-c1ccc(C#N)cn1,1.4087687730789185,1.4087687730789185,10.598274230957031
C[C@@]1(O)CCCN(c2oncc2-c2ccnc(C#N)c2)CC1,1.4086203575134277,1.4086203575134277,1.9720193147659302
O=C(O)C(=O)CCCCC(O)Cc1c(F)cccc1F,1.4081591367721558,1.4081591367721558,5.547608852386475
N#Cc1cc(=O)n(Oc2cnc([N+](=O)[O-])s2)cn1,1.4074757099151611,1.4074757099151611,8.812212944030762
CC1(F)CN(S(=O)(=O)c2ccc([N+](=O)[O-])cc2[N+](=O)[O-])C1,1.4071327447891235,1.4071327447891235,1.9957218170166016
CON(C)C(=O)C1(C(C)Cc2nc(C)c(C)o2)COC1,1.4070208072662354,1.4070208072662354,2.384242057800293
CS(=O)(=O)c1ccc(-n2cnnc2-c2cncnc2)s1,1.4069198369979858,1.4069198369979858,5.318022727966309
O=[N+]([O-])c1ncn(N2CCc3c[nH]nc3C2)c1[N+](=O)[O-],1.4068971872329712,1.4068971872329712,1.647993803024292
CC1CCN(c2cnc(N)cn2)CC1,1.4068021774291992,1.4068021774291992,11.597761154174805
C[C@H]1COCCN(CCN2CC[C@H]([C]3CCOC3)C2)C1,1.4067720174789429,1.4067720174789429,18.056854248046875
CC1(c2ncccc2F)OCCO1,1.4063795804977417,1.4063795804977417,2.512456178665161
C=C[C@H](C(=O)O)c1cc(C)nc2c1cnn2C,1.406297206878662,1.406297206878662,8.782054901123047
C=CCCC(=O)N(OC)[C@@H](C)CC,1.4062589406967163,1.4062589406967163,2.360712766647339
CCS(=O)(=O)CCCc1nc(O)c([N+](=O)[O-])cc1Br,1.4059439897537231,1.4059439897537231,3.8695690631866455
C[C@@H]1O[C@@H](C)C[C@H]1c1cnn(C)c1Cl,1.4058077335357666,1.4058077335357666,4.398888111114502
N#Cc1ccc([N+](=O)[O-])c(-n2ccc(=O)c([N+](=O)[O-])c2)c1,1.4056265354156494,1.4056265354156494,5.920908451080322
C#CC1(O)CN(c2nc(Br)n[nH]2)C1,1.4054394960403442,1.4054394960403442,4.634388446807861
CC[C@@H](C(N)=O)c1cn(N2C[C@H]3CN(C)C[C@H]3C2)nn1,1.4051960706710815,1.4051960706710815,1.4551466703414917
NS(=O)(=O)CCCCCCCC(=O)N1CCC2(CCNC2)CC1,1.4050997495651245,1.4050997495651245,0.9591111540794373
C#C[C@@H](C(C)C)n1c(=O)cnc2ccccc21,1.4048162698745728,1.4048162698745728,3.3197076320648193
C[C@]1(O)CCCN([C@@H]2[C]3COC[C@H]32)CC1,1.4047013521194458,1.4047013521194458,12.04078197479248
C[C@H](C(=O)CCC[C@@H](C)O)[C@H](C)c1ccc(C#N)c(Cl)c1,1.4045251607894897,1.4045251607894897,18.992937088012695
CC1(C)OCC[C@H]1N1CC[C@H]2CCN[C@@H]2C1,1.4044102430343628,1.4044102430343628,12.250260353088379
CC1CCN(c2ncccc2Cl)CC1,1.4043949842453003,1.4043949842453003,4.540775299072266
Cc1nonc1-c1ncc(C=O)cc1Br,1.4043110609054565,1.4043110609054565,7.884115695953369
N#Cc1ccc(-c2nc(N)c3ccccc3n2)cc1Cl,1.404099941253662,1.404099941253662,2.1585311889648438
C#CCCCCc1cnn(C)c1Cl,1.403813123703003,1.403813123703003,20.313127517700195
C[C@H]1CC(=O)NCCN1c1ccoc1-c1ccc(=O)n(C)n1,1.4030252695083618,1.4030252695083618,4.717674255371094
Fc1cccc(F)c1CCc1cc(NC2=NCCS2)nc(Cl)n1,1.4030221700668335,1.4030221700668335,9.28172779083252
Cc1cc(C(=O)[C]2CSc3ccccc32)n[nH]1,1.4025431871414185,1.4025431871414185,3.6710762977600098
C[C@H]1CN(N2CCOC2=O)CCO1,1.4023761749267578,1.4023760557174683,6.076438903808594
N#Cc1ccncc1-c1ncc([N+](=O)[O-])cc1Br,1.4022974967956543,1.4022974967956543,5.148210525512695
C=CCC[C@@H]1CCN2CCC[C@@H]2C1,1.4022964239120483,1.4022964239120483,5.990139484405518
NC(=O)C1=NO[C@H](C(=O)Nn2c(O)nnc2O)C1,1.4022860527038574,1.4022860527038574,1.0399442911148071
Oc1ncc(N2C[C@H]3CNC[C@H]3C2)c2ccccc12,1.4022679328918457,1.4022679328918457,8.014394760131836
CCCCC[C@H](C)c1ccc(C)o1,1.4022445678710938,1.4022445678710938,6.187584400177002
C[C@@H]1CCCN(c2ncc([N+](=O)[O-])cc2C#N)C1,1.402052640914917,1.402052640914917,0.15880584716796875
O=[N+]([O-])c1ccc([C@@H]2OC[C@@H]3CCC[C@@H]32)o1,1.4015592336654663,1.4015592336654663,3.4670193195343018
CCCC[C@H](C(=O)O)c1ccnc(C#N)c1,1.4015207290649414,1.4015207290649414,3.6872169971466064
O=Cc1ccc(F)c(-c2cc(Br)cc([N+](=O)[O-])c2)c1,1.4013466835021973,1.4013466835021973,2.223980665206909
CN1CCC[C@H]([C@H]2CCCNC2)C1,1.4010109901428223,1.4010109901428223,6.177859306335449
c1cc2n(n1)CCN(N1CC[C@H]3CCN[C@@H]3C1)C2,1.4006569385528564,1.4006569385528564,6.881217002868652
C[C@H]1N(S(=O)(=O)C(F)F)CCOC1(C)C,1.4003297090530396,1.4003297090530396,1.248116135597229
CC[C@@H](O)Cc1nnc2n1CCNC2=O,1.4001641273498535,1.4001641273498535,4.7625732421875
CON(C)C(=O)N1CCCNC(=O)[C@@H]1C,1.3998123407363892,1.3998123407363892,0.5733845233917236
CC1=C(C(=O)C(=O)O)[C@H](N2CCOC2)NC(=S)N1,1.3993706703186035,1.3993706703186035,8.250551223754883
Cc1cccc([C@@H](CN)CC(C)C)n1,1.3990949392318726,1.3990949392318726,2.545635938644409
CC1CCN(c2ccc(-c3cc([N+](=O)[O-])no3)cc2)CC1,1.3990904092788696,1.3990904092788696,10.896318435668945
C[C@@]1(O)CCCN(N2C[C]3CNC[C@H]3C2)CC1,1.3989938497543335,1.3989938497543335,11.35051155090332
Cc1cc(-c2ccc(C#N)cn2)cc(O)n1,1.3984489440917969,1.3984489440917969,1.1044843196868896
O=[N+]([O-])c1cc(Cl)c(-c2ccc3c(c2)OCCO3)cc1[N+](=O)[O-],1.3982067108154297,1.3982067108154297,8.837712287902832
CS(=O)(=O)CCCCCc1cc(Cl)c2nonc2c1[N+](=O)[O-],1.3980368375778198,1.3980368375778198,1.1951478719711304
CC(C)[C](Cc1cscn1)c1nnc(Br)nn1,1.3979038000106812,1.3979038000106812,3.708444356918335
CCC(=O)[C@@H](C)c1ccnc2c1nnn2C,1.3975249528884888,1.3975249528884888,10.916892051696777
CC(C)(C)C(=O)C(=O)NOc1cnn2c1OCCC2,1.3969796895980835,1.3969796895980835,16.010589599609375
C[C@H]1C[C@@H](c2ccncc2F)[C@@H](C)O1,1.3969429731369019,1.3969429731369019,2.519798517227173
C[C@@H](O)CCCc1cccc([N+](=O)[O-])c1,1.396868348121643,1.396868348121643,4.0555572509765625
CCCCC[C@@H](C)C(=O)[C](C)CC,1.396512508392334,1.396512508392334,6.681341171264648
O=C(Cc1cccc2cnccc12)N1CCCO1,1.3963353633880615,1.3963353633880615,8.294523239135742
CC1CCN([C@]2(C)CC2(F)F)CC1,1.3959240913391113,1.3959240913391113,10.513870239257812
Clc1cncc(N[C@H]2CCCn3ncnc32)n1,1.3957186937332153,1.3957186937332153,6.5476789474487305
C[C@@H]1C(=O)NCCN1c1cn(C)c(=O)nc1O,1.395176887512207,1.395176887512207,2.694521427154541
O=C1Sc2cc(C(F)(F)F)ccc2C1=O,1.3951042890548706,1.3951042890548706,9.66549301147461
Cn1c(-n2nnnc2-c2ccc([N+](=O)[O-])s2)n[nH]c1=O,1.39492928981781,1.39492928981781,3.8533174991607666
Cc1cnc([C@@H](C)CCCCN)o1,1.3948944807052612,1.3948944807052612,4.07586145401001
Cn1ncc([N+](=O)[O-])c1NON1CCC[C@@](C)(O)CC1,1.3948546648025513,1.3948546648025513,11.486587524414062
CC[C@H](C(=O)c1cncc(F)c1)[C@@H]1CCC1(C)C,1.3944013118743896,1.3944013118743896,0.529934287071228
Cc1nn([C@H]2CC[C@@H](C)C2)cc1[N+](=O)[O-],1.3943250179290771,1.3943250179290771,5.319108963012695
OC1([C@@H]2OC[C@@H]3CCC[C@@H]32)COC1,1.3937222957611084,1.3937222957611084,4.8360981941223145
C[C](O)Cc1cnn2c1OCCC2,1.3936675786972046,1.3936675786972046,10.762822151184082
C#CCCCc1ccc([N+](=O)[O-])nc1,1.3935502767562866,1.3935502767562866,16.488269805908203
C=CC[C](CO)Cc1nc(C)c(C)o1,1.393420696258545,1.393420696258545,17.571195602416992
Cn1cc(CCCCO)c(O)nc1=O,1.3933864831924438,1.3933864831924438,9.37365436553955
Nc1cnc(-c2nc(Cl)cs2)cn1,1.3933488130569458,1.3933488130569458,5.781528472900391
O=[N+]([O-])c1ccc([C@@H]2CCN3CCC[C@@H]3C2)s1,1.3932815790176392,1.3932815790176392,3.282484769821167
CCc1ncnc2sc([N+](=O)[O-])cc12,1.393216609954834,1.393216609954834,2.3633275032043457
Cc1cc(C#N)cnc1-c1ccnc(O)n1,1.3930530548095703,1.3930530548095703,12.213786125183105
C[C@H](CF)c1c([N+](=O)[O-])ncn1C,1.3928027153015137,1.3928027153015137,3.084108829498291
NC(=O)Cc1cnn2c1OCCC2,1.3927279710769653,1.3927279710769653,12.974178314208984
Cc1nc([C@@H]2COC[C@@H]2O)oc1C,1.3925776481628418,1.3925776481628418,9.522951126098633
CC1CCN(CCCS(N)(=O)=O)CC1,1.392213225364685,1.392213225364685,13.398778915405273
CCCCCN1CCN(C2(c3nc(C)c(C)o3)CCC2)C1,1.392116904258728,1.392116904258728,1.907378077507019
CC(C(=O)O)C(=O)Nn1c(O)nnc1O,1.3918490409851074,1.3918490409851074,4.840922832489014
O=C1NCCCC[C@H]1[C@H]1CCCSC1,1.3917529582977295,1.3917529582977295,2.9696836471557617
Cc1nnc(-c2ncccc2F)s1,1.391652226448059,1.391652226448059,0.6157181859016418
CC[C@@](C)(CCO)c1ncc(C)o1,1.3910490274429321,1.3910490274429321,14.361242294311523
CC[C@@H](C)N(OC)C(=O)n1c(Br)cnc1C,1.390940546989441,1.390940546989441,13.07899284362793
O=C1OCC[C@@]12CCN(CC(O)Cc1cnn3c1OCCC3)C2,1.3907785415649414,1.3907785415649414,59.715309143066406
CC(C)(C#N)Cc1ccc(C#N)o1,1.3904995918273926,1.3904995918273926,14.693807601928711
O[C]1CN([C@@H]2CCCSC2)C[C@@H]1O,1.3902708292007446,1.3902708292007446,14.808568000793457
C[C@@H]1CCCN(N2CC(C)(F)C2)C1,1.3899450302124023,1.3899450302124023,8.414743423461914
CCCCC[C@@H](C)C(=O)C[C@@H](C)C/C=N/Nc1ccccc1,1.38978111743927,1.38978111743927,7.230466842651367
CC(C)(C)C(=O)c1cnc(N)cn1,1.389717936515808,1.389717936515808,4.81744909286499
C[C@H]1CN(N2CCNCC2)C[C@@H]1O,1.3896465301513672,1.3896465301513672,10.5968656539917
Cc1cc(-c2cn(C)c(=O)nc2O)c2cnn(C)c2n1,1.3892689943313599,1.3892689943313599,7.902004241943359
CCC(=O)[C@@H](C)C(=O)C(C)(C)CC,1.3889604806900024,1.3889604806900024,0.14692755043506622
Cc1nc2n(n1)C[C@H](c1nc(S(C)(=O)=O)ncc1C)CC2,1.388900637626648,1.388900637626648,1.8366265296936035
CC[C](C)CCC(=O)CC(C)(C)C,1.3887852430343628,1.3887852430343628,6.315441131591797
CC[C@H](C)N(OC)C(=O)c1cnc(CCCCC(=O)O)cn1,1.3886666297912598,1.3886666297912598,9.747016906738281
C[C@H](CCCCC#N)CC(C)(C)O,1.3882077932357788,1.3882077932357788,15.251516342163086
CS(=O)(=O)c1ccc(-c2ccccn2)s1,1.3878185749053955,1.3878185749053955,14.042108535766602
N#Cc1nc(-c2cc(Cl)no2)[nH]c1C#N,1.3877922296524048,1.3877922296524048,5.40794038772583
C=CC[C@H](C(=O)O)c1cc(-c2ncn(C)n2)on1,1.3875846862792969,1.3875846862792969,4.444276809692383
CC(C)[C@@H](C(N)=O)c1ccc([N+](=O)[O-])o1,1.38743257522583,1.38743257522583,14.41450309753418
CCCCC(=O)n1cnc(N2CC[C@H]3NC(=O)CC[C@@H]3C2)c1,1.3874281644821167,1.3874281644821167,5.874388694763184
Cn1nc([N+](=O)[O-])c([N+](=O)[O-])c1N1CCc2ccccc21,1.386673092842102,1.386673092842102,6.79473352432251
Cn1cnc(S(=O)(=O)c2ccc([C@]3C[C@@H](N)C3)o2)c1,1.3865944147109985,1.3865944147109985,3.739807605743408
CC[C@H](CCO)N1CCC(C)CC1,1.3862346410751343,1.3862346410751343,5.120159149169922
O=[N+]([O-])c1nonc1-c1ccoc1,1.3860383033752441,1.3860383033752441,3.6684789657592773
O=C1CCC(C(=O)c2cc3n(n2)CCO3)=NN1,1.3860070705413818,1.3860070705413818,8.390237808227539
Cc1ccc(-c2cnccc2C#N)nn1,1.385850429534912,1.385850429534912,2.261687994003296
Cc1c(-c2cc(Cl)no2)csc1-c1cnn2c1OCCC2,1.3854637145996094,1.3854637145996094,1.860289216041565
CC[C@H](C)N(OC)C(=O)Oc1cnn2c1OCCC2,1.3853060007095337,1.3853060007095337,26.458803176879883
c1c(-c2cc3n(n2)CCO3)nn2c1OCC2,1.384939193725586,1.384939193725586,30.97930145263672
C[C@@H](Cc1cnc(N)cn1)C(=O)O,1.3847016096115112,1.3847016096115112,0.596077561378479
Oc1ncc(-c2ncccc2Cl)c2ccccc12,1.3845140933990479,1.3845140933990479,2.666213035583496
O=[N+]([O-])c1cccc(-c2nc3nonc3nc2Cl)c1,1.3840502500534058,1.3840502500534058,10.295950889587402
CCC(=O)[C@@H](C)n1ccc(=O)c([N+](=O)[O-])c1,1.3839231729507446,1.3839231729507446,5.913764476776123
C#Cc1ccc(CC(=O)CC(C)(C)C)nc1,1.3835945129394531,1.3835945129394531,10.635684967041016
OCCCCN[C]1CCCn2ncnc21,1.3833606243133545,1.3833606243133545,5.8366827964782715
C[C@@H]1C(=O)NCCCN1c1ncc(C=O)cc1Br,1.38273286819458,1.38273286819458,4.948436737060547
C[C@@H]1O[C@@H](C)C[C@H]1[C@@H]1CCCCO1,1.3824763298034668,1.3824763298034668,5.4061384201049805
N#Cc1ccnc(CC(=O)O)c1[N+](=O)[O-],1.3824619054794312,1.3824619054794312,2.799793243408203
NN1C(=O)C(Cc2ccc3c(c2)CNCC3)SC1=S,1.3822896480560303,1.3822896480560303,4.576767444610596
C1C[C@H]2CO[C@@H](N3C[C@H]4CNC[C@H]4C3)[C@H]2C1,1.3822160959243774,1.3822160959243774,6.1839280128479
CN1C[C@@H]([C@@H]2[C]3CCO[C@@H]3C23CCC3)CC1=O,1.3821419477462769,1.3821419477462769,15.334498405456543
Cc1cncc(S(=O)(=O)c2ccc([N+](=O)[O-])s2)c1,1.382110595703125,1.382110595703125,6.592543601989746
CC(=O)CCCn1ncc([N+](=O)[O-])c1N,1.382039189338684,1.382039189338684,14.04932975769043
Cc1c(C2(N)CCCCC2)cnn1C,1.3818992376327515,1.3818992376327515,5.775415420532227
CC[C@](C)(C#N)c1ncccc1F,1.3816441297531128,1.3816441297531128,9.264604568481445
Cc1cc([C@@H]2CCN(C)C2)nc(N)n1,1.381462812423706,1.381462812423706,2.8142025470733643
Cc1cc(C#N)cnc1CCCc1ccc([S@](C)=O)cc1,1.3813775777816772,1.3813775777816772,7.5351738929748535
CC[C@H](C)c1cc(C[C@H](O)C(C)C)n(C)n1,1.3813371658325195,1.3813371658325195,1.3618074655532837
C[C@@H]1CCNC(=O)[C@H]1CCCCS(C)(=O)=O,1.3812005519866943,1.3812005519866943,2.436830520629883
CC[C@@](C)(CCO)[C@@H]1C[C](C)O[C@@H]1C,1.3811720609664917,1.3811720609664917,7.775422096252441
CS(=O)(=O)c1ccc([C@H]2C[C@](N)C2)s1,1.3808929920196533,1.3808929920196533,12.044754981994629
N#Cc1cc(-c2ccccc2F)ccn1,1.3808598518371582,1.3808598518371582,2.6653547286987305
CC(C)[C@@H](C(N)=O)c1cc2n(n1)CCO2,1.380575180053711,1.380575180053711,7.828289985656738
Cc1cnc(Oc2cc3ccccc3[nH]c2=O)o1,1.3798251152038574,1.3798251152038574,0.8586032390594482
Cc1nnc(N2CC[C@H]([C@@H]3CCOC3)C2)cc1C(=O)C(F)(F)F,1.379624843597412,1.379624843597412,8.35725212097168
Cn1cnc([N+](=O)[O-])c1[C@H]1CC1(F)F,1.3791168928146362,1.3791168928146362,9.618457794189453
C[C@H](Cc1ccncc1Cl)C(=O)O,1.3790279626846313,1.3790279626846313,2.3316073417663574
C[C@H]1CN([C@H]2CCCNCC2)CCN1,1.3789849281311035,1.3789849281311035,3.081796407699585
C1C[C@H](N2CC[C@H]([C@@H]3CCOC3)C2)CN1,1.37847900390625,1.37847900390625,6.958066463470459
Cc1nnc(-c2ncc(Cl)n2C)n1C,1.37802255153656,1.37802255153656,12.633962631225586
O=C([C@@H]1CSc2ccccc21)N1CCc2ccccc2CC1,1.377666711807251,1.377666711807251,4.261250972747803
N#Cc1ccc(-c2nnc(O)[nH]2)cc1Cl,1.3774194717407227,1.3774194717407227,4.381059646606445
C[C@@H]1[C@H](c2ccc3c(c2)OCCO3)CCS1(=O)=O,1.3774025440216064,1.3774025440216064,12.184381484985352
CC1(C)C[C@@H]([C@@H]2CC=C[C@@H](c3cccnc3O)C2)CCO1,1.377148151397705,1.377148151397705,4.025143623352051
O=C(O)C(=O)CCCc1c(F)ccnc1F,1.376724362373352,1.376724362373352,7.953152656555176
COC1=CC(=O)C(CNC2=NCCS2)=CC1=O,1.3766928911209106,1.3766928911209106,7.725921154022217
CCCC[C@H](C(=O)O)C1(C#N)CCC1,1.3766220808029175,1.3766220808029175,6.842226505279541
C=CC[C@H](CO)CCC[C@@H](C)CC,1.3765846490859985,1.3765846490859985,6.334853649139404
Cc1nn(C)cc1-c1nnc(O)[nH]1,1.3763059377670288,1.3763059377670288,0.885870099067688
Cn1cnc(-n2cnn(C)c2=O)c1,1.3755624294281006,1.3755624294281006,8.932262420654297
Cn1c(-c2nccn3ccnc23)cc(=O)c2ccccc21,1.3755574226379395,1.3755574226379395,5.69871187210083
Cc1ncncc1[C@H]1CN(CCCCCO)C[C]1N,1.3755275011062622,1.3755275011062622,6.309065341949463
C[C@H](Cc1cnn2c1OCCC2)n1ccc(=O)c([N+](=O)[O-])c1,1.3752667903900146,1.3752667903900146,9.070247650146484
O=Cc1cnc(-c2nc3nonc3nc2Cl)c(Br)c1,1.3748338222503662,1.3748338222503662,8.370856285095215
C[C@H]1CCOCCN1NC1=CC(=O)C(=O)c2ccccc21,1.3747738599777222,1.3747738599777222,3.948073625564575
CC1CCN(Cc2ccc([N+](=O)[O-])c([N+](=O)[O-])c2)CC1,1.3747581243515015,1.3747581243515015,2.59389328956604
N#CC1(c2cc(Br)cc(C(N)=O)c2)CCC1,1.3738369941711426,1.3738369941711426,6.899746894836426
C/C(=C/[N+](=O)[O-])C(=O)c1cn(-c2cc([N+](=O)[O-])no2)nn1,1.3737105131149292,1.3737105131149292,4.794615268707275
CC[C@H](C)N(OC)C(=O)c1scnc1-c1ccc(Cl)cn1,1.3734558820724487,1.3734558820724487,8.033304214477539
N#C[C@@H]1CCCN(OS(=O)(=O)c2csc([N+](=O)[O-])c2)C1,1.373144507408142,1.373144507408142,3.249659538269043
Cc1cc([C@@H](CN)CC(C)C)cc(O)n1,1.3730261325836182,1.3730261325836182,0.11722347885370255
C[C@@H](O)CCCc1cncc(F)c1,1.3729544878005981,1.3729544878005981,3.310682535171509
CC1(F)CN(N2C[C@H](O)[C@@H](O)C2)C1,1.3724863529205322,1.3724863529205322,9.533378601074219
O=CN1CCC[C@H]1CCCCC(=O)/C=C/[N+](=O)[O-],1.3723841905593872,1.3723841905593872,4.260440826416016
O=[N+]([O-])c1cc2c(-c3cnn4c3OCCC4)ncnc2s1,1.372255802154541,1.372255802154541,12.769388198852539
CC(C(=O)O)c1cc2n(n1)CCO2,1.3721327781677246,1.3721327781677246,8.992050170898438
O=Cc1cnc(C2(O)COC2)c(Br)c1,1.3718153238296509,1.3718153238296509,8.585384368896484
CS(=O)(=O)CCCC[C@H]1CCCNCC1,1.371752142906189,1.371752142906189,8.745487213134766
Oc1nc(N2C[C]3CCC[C@@H](C3)C2)nc2nncnc12,1.3717422485351562,1.3717422485351562,1.0249276161193848
C[C@]1(O)CCCN(c2nncn2-c2ccc(S(C)(=O)=O)s2)CC1,1.3717150688171387,1.3717150688171387,11.57302188873291
CC(=O)Cc1nc(S(C)(=O)=O)ncc1C,1.371644377708435,1.371644377708435,0.48371002078056335
Cc1ncncc1-c1cc(Cl)no1,1.371528148651123,1.371528148651123,2.741363763809204
Cc1nnccc1[C@H](C)C[S@@](C)=O,1.3710936307907104,1.3710936307907104,10.901799201965332
CC[C@H](C(=O)n1nn[nH]c1=O)c1nccc(C)n1,1.3709936141967773,1.3709936141967773,6.252405166625977
C=C[C@H](C(=O)O)C(=O)C(C)(C)CC,1.3707177639007568,1.3707177639007568,14.466826438903809
C[C@H](O)c1c2c(nn1C)CCCC2,1.3703724145889282,1.3703724145889282,0.7675895690917969
CC1CCN(c2ncccc2F)CC1,1.3703399896621704,1.3703399896621704,6.879217147827148
C[C@]1(O)CCCN([C@@](C)(C#N)c2ccc(S(C)(=O)=O)s2)CC1,1.3702079057693481,1.3702079057693481,8.975945472717285
NC(=O)C1=NO[C@H](c2cnc(N)cn2)C1,1.3700910806655884,1.3700910806655884,16.51169776916504
N#CC1(c2cc(Br)cnc2[N+](=O)[O-])CCC1,1.369873285293579,1.369873285293579,6.300702095031738
CC(=O)CCc1cnc(C(=O)C(F)(F)F)nc1,1.3696060180664062,1.3696060180664062,0.501632034778595
N#Cc1cnc2ccccc2c1-c1cncnc1,1.368830680847168,1.368830680847168,5.617595195770264
C1C[C@@H]2CCN(N3CC[C@H]([C@@H]4CCOC4)C3)C[C@H]2N1,1.368273377418518,1.368273377418518,6.007075309753418
Cc1ncncc1-c1noc(N2CC[C@@H](N)C2)n1,1.3682456016540527,1.3682456016540527,3.848531723022461
CC1=NOC(=O)C1C(C)(C)C(=O)c1nonc1[N+](=O)[O-],1.3675822019577026,1.3675822019577026,6.973606586456299
C=CC[C@H](C)[C@@H]1CC(C(N)=O)=NO1,1.3675789833068848,1.3675789833068848,3.9591188430786133
O=[N+]([O-])c1ncc(-n2cc(-c3ccc4c(c3)OCCO4)nn2)s1,1.3672294616699219,1.3672294616699219,9.09463119506836
CC(C)[C@H](O)Cc1cnc(N)cn1,1.3669226169586182,1.3669226169586182,1.490688443183899
Cn1nc([N+](=O)[O-])n([C@H]2CCCC23OCCO3)c1=O,1.3668879270553589,1.3668879270553589,4.48156213760376
Cc1ccccc1N1CCC(C)CC1,1.366131067276001,1.366131067276001,13.444107055664062
Cc1noc(C)c1N1C(=O)c2nccnc2[C@H]1N,1.3655470609664917,1.3655470609664917,5.668688774108887
C=C[C@@H](C(=O)C(C)(C)C)c1c([N+](=O)[O-])ncn1C,1.3651469945907593,1.3651469945907593,0.4611782729625702
Cc1nc(-c2cnn(C)c2Cl)oc1C,1.3648035526275635,1.3648035526275635,8.738336563110352
CC(C)[C@@H](C(N)=O)c1nnc(N)s1,1.3636521100997925,1.3636521100997925,3.6160666942596436
C[C@@H](O)CCCc1nc2nonc2[nH]c1=O,1.3635179996490479,1.3635179996490479,8.34455680847168
C[C@@H](O)Cc1ccc(C#N)c(Cl)c1,1.3633544445037842,1.3633544445037842,10.687350273132324
Nc1c([N+](=O)[O-])cnn1N1CC[C@@H]2NC(=O)CC[C@@H]2C1,1.3631898164749146,1.3631898164749146,10.569090843200684
Fc1nccc([C@@H]2CCCSC2)c1F,1.3631147146224976,1.3631147146224976,11.009454727172852
Clc1nnc(-c2nccc3ccncc23)nn1,1.363019347190857,1.363019347190857,4.126012325286865
CCC(=O)CCCC(C)(C)S(C)(=O)=O,1.3627493381500244,1.3627493381500244,2.445590019226074
C[C@@H]1CN([C@H]2CCCC[C@H]2O)C[C@H]1N,1.3620703220367432,1.3620703220367432,5.385639667510986
O=C(c1c(F)ccnc1F)C([N+](=O)[O-])[N+](=O)[O-],1.3619447946548462,1.3619447946548462,9.9912691116333
Cc1cccc(N2CCCNC(=O)[C@H]2C)n1,1.3617221117019653,1.3617221117019653,2.4740982055664062
Cc1nc2n(n1)C[C@@H](c1nnc3n1CCNC3=O)CC2,1.361706256866455,1.361706256866455,5.304586887359619
N#Cc1cc(CCCc2c(Br)cncc2[N+](=O)[O-])ccn1,1.3616472482681274,1.3616472482681274,2.298271656036377
O=[N+]([O-])c1ccc([C@H]2CCCC23OCCO3)cn1,1.3613929748535156,1.3613929748535156,14.698456764221191
C#CC[C@H](C)C[C@H](C)n1cc(Cl)cn1,1.3611539602279663,1.3611539602279663,2.6323392391204834
O[C@H]1CCCC[C@@H]1c1cccc2cnccc12,1.3610442876815796,1.3610442876815796,7.413244724273682
C[S@](=O)c1cccc(N2CC[C@@H]3NC(=O)CC[C@@H]3C2)c1,1.3610219955444336,1.3610219955444336,2.473116874694824
C1C[C@@H]([C@H]2CCN(N3CC[C@H]([C@H]4CCOC4)C3)C2)CO1,1.3605766296386719,1.3605766296386719,8.343294143676758
Cc1cnc(-c2cc([N+](=O)[O-])cc([N+](=O)[O-])c2C#N)cn1,1.3604936599731445,1.3604936599731445,8.326440811157227
Fc1ccc(-c2ncccc2Cl)nc1,1.3602951765060425,1.3602951765060425,6.365428447723389
Cc1cc(C2(C)CCC2)c(C)n1C,1.3598045110702515,1.3598045110702515,6.113653182983398
CC(C)C[C@H](CCC(O)CN1CCOC(C)(C)[C@H]1C)CC(=O)O,1.3597688674926758,1.3597688674926758,3.7879393100738525
Cc1ccnc(-c2nccc3ccncc23)n1,1.3597122430801392,1.3597122430801392,2.811974048614502
CC(C)(C(=O)O)c1nccc2ccncc12,1.359313726425171,1.359313726425171,5.367659091949463
C[C@H]1OC(=O)N[C@H]1CC(=O)CCC(=O)O,1.3589491844177246,1.3589491844177246,0.5337659120559692
CC(C)CC(=O)Nn1c(O)nnc1O,1.3589353561401367,1.3589353561401367,5.392310619354248
Cc1nnc(-c2cc3n(n2)CCO3)o1,1.3587433099746704,1.3587433099746704,10.410018920898438
CS(=O)(=O)c1ccc(O[C@H]2C=CCC2)cn1,1.3586968183517456,1.3586968183517456,4.508610725402832
C#CCCCCc1ccnc(O)n1,1.3585608005523682,1.3585608005523682,9.032788276672363
CC[C@@H](C)N(OC)C(=O)C(C)(C)CC,1.358480453491211,1.358480453491211,13.49659538269043
C[C@@]1(c2cc3n(n2)CCO3)CC1(F)F,1.3584089279174805,1.3584089279174805,1.38649320602417
C[C]1C[C@H]1C[C](CC(=O)O)CC(C)C,1.3583186864852905,1.3583186864852905,6.974936485290527
O=[N+]([O-])c1cc(F)cnc1[C@H]1CCCC12OCCO2,1.3580517768859863,1.3580517768859863,1.54067862033844
CN1CCC[C@H](N2CC(C)(F)C2)C1,1.3574563264846802,1.3574563264846802,3.322436571121216
C[C]1CN(NC2=CC(=O)C(F)=CC2=O)C[C@@H]1O,1.3574274778366089,1.3574274778366089,5.249688148498535
C[C]1CN(c2cnoc2-c2c([N+](=O)[O-])ncn2C)CCN1,1.357297420501709,1.357297420501709,7.685388088226318
N#Cc1cc(-c2cc3ccccc3oc2=O)ccn1,1.356740951538086,1.356740951538086,0.7679525017738342
CC(C)[C](C[C@@H]1C[C@H]1C)N1CCC[C@@](C)(O)CC1,1.3566474914550781,1.3566474914550781,7.773898124694824
CCC(C)(C)C(=O)c1oncc1[C]1CCCC[C@H]1O,1.3565518856048584,1.3565518856048584,9.280094146728516
Cc1cc(-c2ccc(S(C)(=O)=O)nc2)c2cnn(C)c2n1,1.3557170629501343,1.3557170629501343,1.1900399923324585
Cn1nncc1-c1ccc(N2CC[C@]3(CCOC3=O)C2)cc1O,1.35542893409729,1.35542893409729,4.06683874130249
C=C(Br)C[C@]1(C)CN([C@@H]2CC(C)(C)OC2(C)C)C[C]1C,1.3553972244262695,1.3553972244262695,5.8404340744018555
CC[C@H](CO)n1cnnc1[S@](C)=O,1.3552732467651367,1.3552732467651367,2.3909616470336914
C[C@H]1CN(C(C)(C)CCCF)C[C]1O,1.3552207946777344,1.3552207946777344,7.564146995544434
CC[C@@H](CC(=O)C(C)(F)F)C(=O)O,1.3550654649734497,1.3550654649734497,10.429924011230469
CON(C)C(=O)N1C[C](c2cc3cccnc3s2)C[C]1C,1.354635238647461,1.354635238647461,0.223677858710289
C[C@@H]1Oc2ccc(CCCCS(C)(=O)=O)cc2NC1=O,1.3544139862060547,1.3544139862060547,3.7279698848724365
C[C@H]1N(c2ccc(/C=C/[N+](=O)[O-])c([N+](=O)[O-])c2)CCOC1(C)C,1.3543113470077515,1.3543113470077515,8.71924114227295
C=CC[C@H](C)[C@H](CC)C(=O)[C@H]1CCCCNC1=O,1.3538289070129395,1.3538289070129395,5.613496780395508
N#CC1(c2cnc(C3([C@@H]4CCCSC4)CCC3)o2)CCC1,1.3536807298660278,1.3536807298660278,6.56273889541626
CC[C@@](C)(CCO)c1nncn1C,1.3534743785858154,1.3534743785858154,3.0135133266448975
C[C@@H]1CCCN(c2ccc3c(c2)NC(=O)CNC3=O)C1,1.3532629013061523,1.3532629013061523,5.992303848266602
O[C]1CN(c2cncnc2)C[C@@H]1O,1.3529516458511353,1.3529516458511353,10.386571884155273
N#Cc1ncn(-c2noc(-c3cnn4c3OCCC4)n2)n1,1.352696180343628,1.352696180343628,2.6511270999908447
C#CCCCc1cc(C)nc(O)c1,1.3516161441802979,1.3516161441802979,6.371829509735107
CC(C)C[C@H](CN)c1cccc2c1oc(=O)n2C,1.3512253761291504,1.3512253761291504,3.2619616985321045
Cc1cnc(-c2nc(C)c(C)o2)o1,1.3511078357696533,1.3511078357696533,17.956924438476562
CC1=NO[C@H](c2cccc(C)n2)C1,1.3507845401763916,1.3507845401763916,8.506205558776855
CC1CCN(c2nc(C#N)c(C#N)[nH]2)CC1,1.3506598472595215,1.3506598472595215,2.779604434967041
O=[N+]([O-])c1n[nH]c(-c2c(F)cccc2[N+](=O)[O-])n1,1.3503156900405884,1.3503156900405884,5.297171115875244
C[C@H]1CN(c2ncnc3ncccc23)CCN1,1.3502193689346313,1.3502193689346313,7.235637664794922
NC(=O)C1=NO[C@H](c2nc3ccc(Cl)cc3[n+]([O-])n2)C1,1.3496112823486328,1.3496112823486328,3.826247215270996
CS(=O)(=O)c1ccc(C2CCC(O)CC2)s1,1.3493071794509888,1.3493071794509888,8.51279067993164
C[C@H]1N([C@H]2CCCCCC2=O)CCOC1(C)C,1.3484898805618286,1.3484898805618286,3.1917378902435303
O=[N+]([O-])c1ccccc1-c1nnc2n1CCCC2,1.3482646942138672,1.3482646942138672,2.9069817066192627
Cc1cc(-c2cnc(O)c3ccccc23)cc(O)n1,1.3475176095962524,1.3475176095962524,5.805939674377441
C[C@@H]1CCCN([C@H](CO)[C@@H](C)O)C1,1.3474735021591187,1.3474735021591187,3.0587499141693115
O=C(CCc1cnn2c1OCCC2)[C@H]1CSc2ccccc21,1.3474069833755493,1.3474069833755493,12.773957252502441
Fc1cccnc1-c1nc(Cl)cs1,1.347301959991455,1.347301959991455,1.5042364597320557
CC(C)(CCc1nnn[nH]1)S(C)(=O)=O,1.347150444984436,1.347150444984436,6.015956878662109
CC[C@H](C)N(OC)C(=O)c1ccc(C=O)[nH]1,1.347149133682251,1.347149133682251,8.005456924438477
O=C(Nn1c(O)nnc1O)[C@@H]1OC[C@@H]2CCC[C@@H]21,1.347080945968628,1.347080945968628,8.339452743530273
Cn1cc([C@H]2CCCC23OCCO3)c(O)nc1=O,1.346888542175293,1.346888542175293,12.0573091506958
CC[C@H](C)C(=O)C(=O)[C@H](C)c1noc2c1CCCC2,1.3463401794433594,1.3463401794433594,3.484816551208496
Cc1cc(C#N)cnc1C1CCOCC1,1.3459298610687256,1.3459298610687256,1.7766920328140259
CON(CC(C)(C)C)C(=O)CC(F)F,1.3458884954452515,1.3458884954452515,0.28506866097450256
N#CC1(c2c(Br)cncc2[N+](=O)[O-])CCC1,1.3455909490585327,1.3455909490585327,9.057950019836426
O=C1CC[C@@H]2CN([C@H]3CCCC34OCCO4)CC[C@H]2N1,1.3452250957489014,1.3452250957489014,2.0037920475006104
Cn1c(=O)oc2c([C@@H]3CCNC(=O)C3)cccc21,1.3452165126800537,1.3452165126800537,3.0185110569000244
Fc1cc(-c2ccc3c(c2)OCCO3)ccc1[C@@H]1CC1(F)F,1.3451013565063477,1.3451013565063477,9.934012413024902
Cc1nn(C)cc1-n1cnc(C#N)n1,1.3445987701416016,1.3445987701416016,9.280363082885742
Cc1nn([C@H]2C[C@@](N)C2)cc1[N+](=O)[O-],1.3442126512527466,1.3442126512527466,1.1997737884521484
CC(F)(F)C(=O)[C@@H]1CC(C(N)=O)=NO1,1.3441400527954102,1.3441400527954102,4.579006671905518
C[C@H](C[C@@H](C)N1CCC[C@](C)(O)CC1)c1cnn2c1OCCC2,1.344051718711853,1.344051718711853,15.306055068969727
Cc1ccc(-c2ccc(CCCCS(C)(=O)=O)nc2C)nn1,1.3438925743103027,1.3438925743103027,9.67091178894043
C[C@@H]1CN([C@@H]2CCCNCC2)C[C@H]1O,1.343469262123108,1.343469262123108,6.615469932556152
CCCCCC[C@@H](CC)C(=O)O,1.3433411121368408,1.3433411121368408,0.9540606737136841
O=[N+]([O-])c1nonc1-c1ccc2c(c1)CNCC2,1.3430312871932983,1.3430312871932983,7.196217060089111
CN1CCC[C@H](CC(=O)CCC(=O)O)C1,1.3428454399108887,1.3428454399108887,4.590246200561523
O=S1(=O)CC[C@H](N2C[C@H](O)[C@@H](O)C2)C1,1.3419733047485352,1.3419733047485352,9.202651977539062
C[C@H]1CCOCCN1[C](N)Cc1n[nH]c(=N)o1,1.3411598205566406,1.3411598205566406,0.61501145362854
Nc1cnc(-c2ccccc2Cl)cn1,1.340664267539978,1.340664267539978,5.989975929260254
C[C@H]1C(=O)NCCN1c1ccc(Cl)cn1,1.3406319618225098,1.3406319618225098,0.015085672028362751
Cn1cnc([N+](=O)[O-])c1-c1nc2nonc2nc1Br,1.340522289276123,1.340522289276123,3.1457440853118896
CC[C@@](C)(CCO)c1cnn(C)n1,1.3403323888778687,1.3403323888778687,7.510378837585449
Clc1ccc(-c2cc3n(n2)CCC3)nc1,1.340316891670227,1.340316891670227,8.746807098388672
Cn1cc(-c2cnc(N)cn2)c(O)nc1=O,1.340104103088379,1.340104103088379,15.076848030090332
c1nn2c(c1CCOc1cnn3c1OCCC3)OCCC2,1.3397347927093506,1.3397347927093506,15.073575019836426
Cc1nc([N+](=O)[O-])c([C@@H]2COC(=O)O2)n1C,1.3395955562591553,1.3395955562591553,4.500651836395264
CC[C@@H](C)CC[C@@](C)(CC)CCO,1.339540958404541,1.339540958404541,9.596111297607422
O=C1CC[C@@H](c2ccc3nonc3c2)C1,1.3394473791122437,1.3394473791122437,0.8198009729385376
C[C@@H]1CCCN([C@@H]2CCCSC2)C1,1.339386224746704,1.339386224746704,9.726836204528809
C#Cc1ccc(-c2ccc(C=O)o2)nc1,1.3391492366790771,1.3391492366790771,3.3583109378814697
CCCCCc1cc2n(n1)CCO2,1.338956594467163,1.338956594467163,14.077470779418945
N#Cc1cc(CCCC(=O)C(=O)O)ccn1,1.3389168977737427,1.3389168977737427,3.900878429412842
O=[N+]([O-])c1cccc(-c2ccccc2F)c1,1.338492751121521,1.338492751121521,5.452140808105469
O=C1C[C@@H](N2C[C](O)[C@@H](O)C2)CCN1,1.3384630680084229,1.3384630680084229,14.41100788116455
CCC(=O)[C@@H](C)c1c(F)ccnc1F,1.338376760482788,1.338376760482788,7.133748531341553
O=[N+]([O-])c1cncc(Br)c1-c1nccn2ccnc12,1.337931513786316,1.337931513786316,1.9330962896347046
Cn1ncc(ONC(=O)C(=O)C(C)(C)C)c1Cl,1.3377877473831177,1.3377877473831177,3.3390233516693115
C[C@H]1C(=O)NCCCN1C(=O)C1=CCCC1,1.3377689123153687,1.3377689123153687,5.974339008331299
N#Cc1cc(-c2ccc(N)nc2)ccn1,1.3374358415603638,1.3374358415603638,5.991904258728027
OC1(n2nnc(-c3cnn4c3OCCC4)n2)COC1,1.3369067907333374,1.3369067907333374,9.23159122467041
C#CC(=O)C[C](CCC)c1cnn2c1OCCC2,1.3369017839431763,1.3369017839431763,3.5614027976989746
CC[C@@H](C)N(OC)C(=O)n1ccnn1,1.3368430137634277,1.3368430137634277,6.335151672363281
Cc1nonc1-c1cc2n(n1)CCO2,1.336834192276001,1.336834192276001,11.428193092346191
N#Cc1ccc(-c2nnn[nH]2)cc1Cl,1.336541771888733,1.336541771888733,3.276153087615967
COC1=C(OC)C(=O)C(CC(C)C(=O)O)=CC1=O,1.3364776372909546,1.3364776372909546,1.7863558530807495
C[C@H](C[C@@H](C)c1cc([N+](=O)[O-])cn1C)c1cnn2c1OCCC2,1.3363397121429443,1.3363397121429443,5.24018669128418
CSc1ccc2c(c1)OCCO2,1.3361762762069702,1.3361762762069702,7.96151065826416
Cc1cc([C@@H](C(=O)c2nonc2[N+](=O)[O-])C(C)C)c(C)nn1,1.33599054813385,1.33599054813385,2.9856717586517334
Cc1cccc(N2CCC(C)CC2)n1,1.3359025716781616,1.3359025716781616,5.803339004516602
C[C@H]1COCCN(C2(O)COC2)C1,1.3358535766601562,1.3358535766601562,8.947527885437012
O=c1cc(O)nc(CCc2cnn3c2OCCC3)[nH]1,1.3357616662979126,1.3357616662979126,13.580887794494629
CC(=O)c1cnn2c1OCCC2,1.3354886770248413,1.3354886770248413,17.2000675201416
CC(C)Cc1cn2c(n1)CCCC2,1.335403561592102,1.335403561592102,2.6497185230255127
CC[C@@](C)(CCO)c1ncn(C)n1,1.3349910974502563,1.3349910974502563,5.48089599609375
CC[C](C[C@H](CO)[C@@H](C)O)N1CCn2nccc2C1,1.334336280822754,1.334336280822754,7.189882278442383
c1nn2c(c1C[C@@H]1CCN3CCC[C@@H]3C1)OCCC2,1.3343087434768677,1.3343087434768677,10.474507331848145
CC1(c2ccc(C#N)c(Cl)c2)COC1,1.3335312604904175,1.3335312604904175,6.061397075653076
C[C@H]1CCCN(C[C@H](O)C(=O)O)C1,1.3334156274795532,1.3334156274795532,10.317816734313965
CC(C)(CC[C@@H]1CCCCNC1=O)S(C)(=O)=O,1.3328779935836792,1.3328779935836792,8.815460205078125
C(\CN1C[C@H]2CNC[C@H]2C1)=N/Nc1ccccc1,1.332841157913208,1.332841157913208,6.559025764465332
C[C](CCc1nccc(O)n1)C(C)=O,1.3326995372772217,1.3326995372772217,6.447159767150879
N#CCCCCc1ccc(N)nc1,1.3318713903427124,1.3318713903427124,10.031732559204102
CC(=O)CC(=O)c1cncc2ccccc12,1.3316400051116943,1.3316400051116943,1.5556933879852295
CON(CC(C)(C)C)C(=O)N1CCCNC(=O)[C@@H]1C,1.3316328525543213,1.3316328525543213,2.0842363834381104
O[C@H]1CCCN(c2nnc(Cl)nn2)CC1,1.331269383430481,1.331269383430481,9.160385131835938
[O-][n+]1ccccc1-n1cnnn1,1.330756425857544,1.330756425857544,7.428964614868164
CC[C@@H](C#N)N1CCc2ccccc21,1.3307336568832397,1.3307336568832397,0.8776172399520874
C1CC2(C1)C[C@H]2[C@@H]1[C]2CCO[C@H]2C12CCC2,1.3301392793655396,1.3301392793655396,7.2251105308532715
C#C[C@@H](C(C)C)[C@@H](CO)Cc1ccc(C#N)c(Cl)c1,1.3300989866256714,1.3300989866256714,11.078997611999512
CC(C)[C@@H](C(N)=O)c1cnn(C)c1Cl,1.330014705657959,1.330014705657959,7.755096912384033
Cc1nc(-c2cc[nH]c(=N)c2[N+](=O)[O-])oc1C,1.3296339511871338,1.3296339511871338,1.3422133922576904
O=[N+]([O-])c1ncc(Br)cc1-c1ncccc1O,1.3294624090194702,1.3294624090194702,3.210794687271118
C[C@@H](O)CCCN1CCOC1=O,1.329182744026184,1.329182744026184,9.609342575073242
O=c1cc(-c2ccc[n+]([O-])c2)c2ccccc2[nH]1,1.328650951385498,1.328650951385498,1.1139514446258545
C[C@@H](C#N)C(=O)c1ccnc(-c2nnn(C)n2)c1[N+](=O)[O-],1.3279199600219727,1.3279199600219727,1.723203420639038
N#Cc1ccc(-c2c([N+](=O)[O-])cc(Cl)cc2[N+](=O)[O-])nc1,1.327866554260254,1.327866554260254,16.0048828125
CCCCC[C@@H](C)c1ncccn1,1.3276753425598145,1.3276753425598145,4.673491477966309
N=c1[nH]ccc(-c2ccc(Cl)s2)c1[N+](=O)[O-],1.327448844909668,1.327448844909668,6.937942981719971
C[C@H]1C(=O)NCCCN1c1nnc(Cl)nn1,1.3261938095092773,1.3261938095092773,0.6105870604515076
CC[C](N)CN1CCC(C)CC1,1.3260656595230103,1.3260656595230103,12.314227104187012
C=C(Cl)Cc1c(F)ccnc1F,1.3259884119033813,1.3259884119033813,9.615281105041504
N#CCCCCn1cc(Cl)cn1,1.3257941007614136,1.3257941007614136,15.465866088867188
Cc1ccnc(C(=O)C(=O)c2cccc([N+](=O)[O-])c2)n1,1.3257393836975098,1.3257393836975098,7.459097862243652
O=C1CC(c2ccncc2)=NN1c1ccc2c(c1)OCCO2,1.3254821300506592,1.3254821300506592,11.26754379272461
CN1C(=O)C([C@@H]2CC(C)(C)CO2)SC1=S,1.3254413604736328,1.3254413604736328,2.4745662212371826
Cc1cc(C#N)cnc1CCCC(=O)C(=O)O,1.3251115083694458,1.3251115083694458,2.9802098274230957
CC(C)[C](O)Cc1ccc2cccnc2c1[N+](=O)[O-],1.324826955795288,1.324826955795288,12.160770416259766
OC1(c2c(F)ccnc2F)COC1,1.3248262405395508,1.3248262405395508,11.584249496459961
O=[N+]([O-])c1cncc(Br)c1-c1c(Br)cncc1[N+](=O)[O-],1.3247898817062378,1.3247898817062378,10.538427352905273
Cc1nonc1-c1nc[nH]c1[N+](=O)[O-],1.3246538639068604,1.3246538639068604,5.291297435760498
CC(C)(C#N)Cc1ncccc1F,1.3243076801300049,1.3243076801300049,1.2006487846374512
C[C@@H]1Oc2ccc(-c3ccncc3Cl)cc2NC1=O,1.3242136240005493,1.3242136240005493,1.5925250053405762
CC[C@@H](C)CC[C@H]1CCCOC1,1.3241820335388184,1.3241820335388184,9.074128150939941
c1nn(-c2cnn3c2OCCC3)cc1-c1cnn2c1OCCC2,1.3240954875946045,1.3240954875946045,12.964569091796875
CON(C)CCc1cc2n(n1)CCO2,1.3232157230377197,1.3232157230377197,11.907882690429688
CC[C@@H](CCO)N1C[C@H](O)[C@@H](O)C1,1.3228541612625122,1.3228541612625122,4.180741310119629
C[C@H]1CCCCN1C(=O)CCCCc1c2c(nn1C)CCCC2,1.3228141069412231,1.3228141069412231,3.846747398376465
C=C[C@@H](C(=O)N1CCOC1=O)N1CCC[C@@](C)(O)CC1,1.32218337059021,1.32218337059021,2.1946287155151367
Nc1nnc(-c2cccc(Cl)c2)s1,1.3219949007034302,1.3219949007034302,3.218015432357788
Fc1cncc(-c2ncc(Cl)s2)c1,1.321742296218872,1.321742296218872,0.9639654755592346
CCCC[C@H](C(=O)O)C1(O)COC1,1.3210889101028442,1.3210889101028442,8.701180458068848
C[C@@H](O)CCCc1cccc(N)c1,1.3208035230636597,1.3208035230636597,1.3576514720916748
Cc1cncc(-c2ccccc2[N+](=O)[O-])c1,1.3208011388778687,1.3208011388778687,8.348786354064941
Cn1nc(-c2onc3ncnc(Cl)c23)nc1[N+](=O)[O-],1.3207963705062866,1.3207963705062866,6.836950778961182
CC1CCN(CC(O)Cc2ncc(C=O)cc2Br)CC1,1.3206031322479248,1.3206031322479248,11.863356590270996
CCCCC[C@H](C(N)=O)C(C)C,1.3200913667678833,1.3200913667678833,4.237152576446533
C[C@H](O)CCCCCCCC#N,1.3200037479400635,1.3200037479400635,17.399459838867188
C[C@H](N)c1ccc(S(C)(=O)=O)s1,1.3197182416915894,1.3197182416915894,10.442481994628906
N#CC1(c2cc3c(o2)C(=O)c2ccccc2C3=O)CCC1,1.3195488452911377,1.3195488452911377,7.75199031829834
Fc1cccnc1-c1nnc(Cl)nn1,1.31948983669281,1.31948983669281,9.329865455627441
CC(C)[C@H](CCCc1cnn2c1OCCC2)c1cnccc1Cl,1.3193124532699585,1.3193124532699585,4.860246658325195
C[C@H]1C(=O)NCCCN1N1CCNC(=O)[C@@H]1C,1.3192943334579468,1.3192943334579468,14.982491493225098
C=CC[C](CO)Cn1c(Br)cnc1C,1.3191754817962646,1.3191754817962646,8.498427391052246
C[C@@H](CC(=O)O)[C@H]1CC(C)(C)CO1,1.319071650505066,1.319071650505066,2.040908098220825
Fc1ccnc(F)c1C1OCCO1,1.3190515041351318,1.3190515041351318,18.001108169555664
N#CCc1cnn2c1OCCC2,1.3188329935073853,1.3188329935073853,7.021026611328125
N#Cc1cc([N+](=O)[O-])nn(-c2nccnc2F)c1=N,1.3186689615249634,1.3186689615249634,2.136291742324829
CS(=O)(=O)c1ccc(N2CC[C@H]3NC(=O)CC[C@H]3C2)cn1,1.3181880712509155,1.3181880712509155,5.159527778625488
O=C(C1=NCCN1)n1ccc(=O)c([N+](=O)[O-])c1,1.3181852102279663,1.3181852102279663,1.4437882900238037
O=C1C=C(Nc2cccc(Cl)c2)C(=O)C=C1F,1.3181463479995728,1.3181463479995728,3.8527209758758545
Fc1cccnc1OC(F)(F)F,1.317941427230835,1.317941427230835,6.741150856018066
O=C1C(=O)N(C(=O)c2ccccc2F)c2ccccc21,1.3177822828292847,1.3177822828292847,8.809700965881348
C[C]1CCCN(N2CCN(c3nc(=O)o[nH]3)CC(C)C2)C1,1.317737340927124,1.317737340927124,4.167810916900635
CCCC(=O)[C@@H](C)CS(=O)(=O)CC,1.3175201416015625,1.3175201416015625,8.160149574279785
C[C@@H]1CCCN(c2ccccc2Cl)C1,1.3171204328536987,1.3171204328536987,12.19180965423584
N#CC1(c2n[n+]([O-])c([N+](=O)[O-])cc2[N+](=O)[O-])CCC1,1.3170990943908691,1.3170990943908691,0.6326709389686584
CCCCCN1CCN[C@@H](C)C1,1.3169689178466797,1.3169689178466797,3.438397169113159
CCC(=O)[C@@H](C)N1CCN(N2CC(C)(F)C2)C[C@@H]1C,1.316683053970337,1.316683053970337,1.0976853370666504
NN1C(=O)C(N2CC[C@@H]([C@@H]3CCOC3)C2)SC1=S,1.3166186809539795,1.3166186809539795,5.841371059417725
c1ccc2c(c1)CCN2[C@@H]1CCCCO1,1.3161484003067017,1.3161484003067017,5.880152225494385
C[C@@H](O)CCCc1nc(Cl)cs1,1.3161181211471558,1.3161181211471558,11.126635551452637
O=c1cc(O)nc(-c2cnn3c2OCCC3)[nH]1,1.3160141706466675,1.3160141706466675,3.024183511734009
CN1CC[C@H]2[C@H](CCCN2c2c(Br)cncc2[N+](=O)[O-])C1,1.3156429529190063,1.3156429529190063,0.666964054107666
CC1CCN(c2nnc(Cl)nn2)CC1,1.3151530027389526,1.3151530027389526,1.8544859886169434
C[C@@H]1CCNC(=O)[C@@H]1C1CCC(O)CC1,1.3151133060455322,1.3151133060455322,5.799416542053223
CC[C@](C)(CCO)[C@@H]1CC[C@@H](C)C1,1.3150049448013306,1.3150049448013306,5.256598472595215
C=CCCCc1ncnc2ncccc12,1.3148930072784424,1.3148930072784424,5.419264316558838
O=[N+]([O-])c1cccc(N2CCCCC2)c1,1.3148574829101562,1.3148574829101562,3.965702533721924
CCCCCN1CCC(N)CC1,1.3147168159484863,1.3147168159484863,9.095608711242676
Cc1nnc(C(=O)C(=O)CCCc2ccc(S(C)(=O)=O)s2)o1,1.314672827720642,1.314672827720642,15.106528282165527
O=c1cc[nH]c(-c2c(F)cccc2[N+](=O)[O-])c1,1.3142824172973633,1.3142824172973633,3.7462809085845947
CC[C@H](C(N)=O)N1CCN[C@@H](C)C1,1.31425940990448,1.31425940990448,3.6295881271362305
Cc1nc(-c2cc3ccccc3[nH]c2=O)oc1C,1.3136558532714844,1.3136558532714844,4.310582160949707
NC1CCN(CCC[N+](=O)[O-])CC1,1.3134311437606812,1.3134311437606812,6.316201686859131
CCS(=O)(=O)Cc1cc(C=O)ncc1Br,1.3131822347640991,1.3131822347640991,2.1830406188964844
CN1CC(=O)N(c2ccccc2)C1=O,1.3127391338348389,1.3127391338348389,7.544036388397217
C[C](O)CCCc1cc(F)cc(S(=O)(=O)c2cnn(C)c2Cl)c1,1.3127328157424927,1.3127328157424927,2.3062164783477783
CC(C)[C](O)CC1C(=O)N(C)c2ccccc21,1.3123377561569214,1.3123377561569214,6.378466606140137
CCCC[C@H](C(=O)O)C(C)(C)CN1CCc2ccccc2CC1,1.312252402305603,1.312252402305603,7.782504081726074
NC(=O)[C](CC[C@H]1CC12CC2)CCN1CCC=N1,1.3122209310531616,1.3122209310531616,4.213430404663086
Cc1nc(C(=O)C2=CCCC2)oc1C,1.3118548393249512,1.3118548393249512,5.266977787017822
CN1CCC[C@@H]1CCCCCO,1.3117105960845947,1.3117105960845947,3.182560920715332
CCC(=O)[C@@H](C)[C@H](CO)CC(F)F,1.311639428138733,1.311639428138733,3.864166021347046
O=C(O)[C@@H](CO)CC(=O)N1CCCO1,1.3116365671157837,1.3116365671157837,3.8900997638702393
O=C1CCC(C(=O)[C@H]2CCc3[nH]ncc3C2)=NN1,1.3116213083267212,1.3116213083267212,2.4499969482421875
C[C@H]1C(=O)NCCCN1c1ccc(C=O)[nH]1,1.3112584352493286,1.3112584352493286,5.945922374725342
CC[C](C[C](CO)CCC(=O)N(OC)C1CCCC1)C(=O)O,1.311240553855896,1.311240553855896,1.1752315759658813
O=[N+]([O-])c1cc(Cl)c(N2CC[C@@H]([C@@H]3CCOC3)C2)cc1[N+](=O)[O-],1.3110955953598022,1.3110955953598022,3.7767250537872314
CCC(=O)[C@@H](C)CC(=O)CCC(=O)O,1.3110705614089966,1.3110705614089966,0.29236137866973877
CC(F)(F)C(=O)c1ccccc1F,1.3110229969024658,1.3110229969024658,1.100103497505188
O=C(O)Cn1ccc(=O)c([N+](=O)[O-])c1,1.310899257659912,1.310899257659912,0.20558635890483856
c1cnnc([C@H]2CCCC23OCCO3)c1,1.3108755350112915,1.3108755350112915,1.721906065940857
CC(C)[C@H](O)C[C@H]1CCCN1C=O,1.3107508420944214,1.3107508420944214,10.651895523071289
C[C]1C[C@@H](c2nnc(S)o2)[C@H](C)O1,1.3107078075408936,1.3107078075408936,1.9780633449554443
O=c1ccn(-n2c(=O)cnc3ccccc32)cc1[N+](=O)[O-],1.310142159461975,1.310142159461975,5.209351539611816
Nc1ccc(-c2ccc(Cl)cn2)cn1,1.3099744319915771,1.3099744319915771,4.774172782897949
C[C@@H]1CCCN(c2ccsc2)C1,1.3097243309020996,1.3097243309020996,12.386659622192383
C[C@H](CN1N=C(c2ccncc2)CC1=O)C(=O)O,1.3097002506256104,1.3097002506256104,2.9463369846343994
CCC(C)(C)C(=O)C[C@@H](C)C#N,1.30963933467865,1.30963933467865,3.3983561992645264
CC[C](Cc1cnn2c1OCCC2)c1cnn2c1OCCC2,1.309175729751587,1.309175729751587,13.155458450317383
N#Cc1cc([N+](=O)[O-])nn(-c2cnn3c2OCCC3)c1=N,1.3091740608215332,1.3091740608215332,10.350708961486816
C[C@H]1CN(c2nnc(Cl)nn2)CCN1,1.3089503049850464,1.3089503049850464,10.57760238647461
C[C@H](CCC[C@@H](C)O)C(F)(F)F,1.308708906173706,1.308708906173706,3.6916263103485107
C[C]1CN(c2ccc3c(c2)OCCO3)CCN1c1ccc(Cl)cc1,1.3086938858032227,1.3086938858032227,2.017817258834839
C[C@H](Cc1cnc2ncc(Br)cc2c1)[N+](=O)[O-],1.3083356618881226,1.3083356618881226,2.978792905807495
CC(C)c1cnn(C)c1[N+](=O)[O-],1.3083323240280151,1.3083323240280151,3.743633270263672
C=CCCCCC(C)(C)[N+](=O)[O-],1.308117389678955,1.308117389678955,2.0956339836120605
C#CCCCCCCCCC#N,1.3078325986862183,1.3078325986862183,6.993144512176514
CN1CC[C@@H]2CC[C@H](C1)N2N1C[C@H]2CNC[C@H]2C1,1.3075568675994873,1.3075568675994873,14.209380149841309
FCCCc1c(F)ccnc1F,1.3072694540023804,1.3072694540023804,13.53212833404541
Cc1noc(C)c1-c1cncnc1,1.3070465326309204,1.3070465326309204,5.380420207977295
C[C@@H]1C(=O)NCCN1N1CCC(=O)CC1,1.30703866481781,1.30703866481781,0.9810243844985962
O=C(C(=NC(=O)C(F)(F)F)C(F)(F)F)c1nnc(Br)nn1,1.306783676147461,1.306783676147461,7.629374980926514
Cc1nnc([C@@H]2CCN[C@H](C)C2)s1,1.3067127466201782,1.3067127466201782,9.616116523742676
CC(C)[C](O)Cc1ncccc1F,1.3066396713256836,1.3066396713256836,7.139688014984131
C=C[C@@H]1OCCC[C@H]1[C@@H]1[C]2CCO[C@@H]2C12CCC2,1.3063106536865234,1.3063106536865234,5.953861236572266
O=[N+]([O-])c1ccc(Cl)c(-c2nc3ccc(Cl)cc3[n+]([O-])n2)c1,1.3059279918670654,1.3059279918670654,4.46204948425293
Cn1ncc(C[S@@](C)=O)c1[N+](=O)[O-],1.3055905103683472,1.3055905103683472,2.507709264755249
C[C@H]1CC[C@@H](c2cccc3cnccc23)C1,1.3051471710205078,1.3051471710205078,10.905970573425293
C[C@H]1COCCN([C@@]2(c3cnn4c3OCCC4)CCOC2)C1,1.3050590753555298,1.3050590753555298,16.126842498779297
C#Cc1ccc(N2CCC[C@@H](C)C2)nc1,1.3048704862594604,1.3048704862594604,3.797776937484741
O=C(O)[C@H](CO)c1ccc(F)cc1,1.3045469522476196,1.3045469522476196,0.7667703032493591
NC1(C23CCCN2CCC3)CCCCC1,1.304344654083252,1.304344654083252,2.030785322189331
C[C@H]1COCCN(C[S@@](C)=O)C1,1.3041675090789795,1.3041675090789795,8.354618072509766
C1CNC(SN2CC[C@H]3CCN[C@@H]3C2)=N1,1.3040831089019775,1.3040831089019775,9.489615440368652
CC[C@H](C)C(=O)C(=O)C(=[N+]=[N-])C(=O)[C@@H](C)C(=O)O,1.3036152124404907,1.3036152124404907,1.9193034172058105
c1nn2c(c1-c1cn(-c3cnn4c3OCCC4)cn1)OCCC2,1.303176999092102,1.303176999092102,20.92464828491211
CC(C)C[C@H](CN)[C@@H]1CCCCNC1=O,1.3031127452850342,1.3031127452850342,4.453040599822998
C[C@@H](C[S@](C)=O)c1ccc(C#N)o1,1.3024840354919434,1.3024840354919434,15.911382675170898
Cn1cncc1CCCCC#N,1.302207589149475,1.302207589149475,0.5039734840393066
c1nn2c(c1[C@H]1[C@@H]3COC[C@@H]31)OCCC2,1.3019871711730957,1.3019871711730957,15.294800758361816
C[C@@H]1CC[C@H](C2CCC(O)CC2)C1,1.3016983270645142,1.3016983270645142,4.630636215209961
C=Cn1nnc(CCC[C@@H](C)O)n1,1.3016629219055176,1.3016629219055176,1.5226492881774902
CCCCCC(=O)C(=O)C(C)(C)C,1.3015550374984741,1.3015550374984741,1.8224281072616577
C[C@@H](CCCCc1cnn2c1OCCC2)C1(C#N)CCN(C)CC1,1.3014893531799316,1.3014893531799316,37.179931640625
Cc1nc(CCOc2cc3n(n2)CCO3)oc1C,1.3013044595718384,1.3013044595718384,22.879924774169922
CCC(C)(C)C(=O)[C@H](C)C(=O)O,1.300679087638855,1.300679087638855,7.832139492034912
C[C@H]1C(=O)NCCCN1C1(C#N)CCC1,1.3004363775253296,1.3004363775253296,8.197733879089355
Cn1cnc([N+](=O)[O-])c1[C@@H]1CCCCO1,1.300319790840149,1.300319790840149,6.045375347137451
C[C]1C[C@H](C)CN(C2(O)COC2)C1,1.3002071380615234,1.3002071380615234,13.806365966796875
O=C(C1CSC1)[C@@H]1CSc2ccccc21,1.3001881837844849,1.3001881837844849,0.2395472526550293
CCC(C)(C)C(=O)[C@@H]1C[C@H](C)N(N2CCCOC[C@H]2C)C1,1.3000948429107666,1.3000948429107666,9.8129243850708
OC1=NC(=S)C(c2cn(-c3c(F)ccnc3F)nn2)S1,1.2999542951583862,1.2999542951583862,3.8769166469573975
C[C@@H](O)CCc1cc2n(n1)CCO2,1.299662470817566,1.299662470817566,2.6266684532165527
N#Cc1nccc(-c2cc(Cl)c3nonc3c2[N+](=O)[O-])n1,1.2996255159378052,1.2996255159378052,3.7134087085723877
Oc1cccnc1-c1ccnc2ccncc12,1.299350380897522,1.299350380897522,2.973379611968994
C[C@H]1COCCN(CCCF)C1,1.2990748882293701,1.2990748882293701,8.072996139526367
CCCCC[C@H]1CC2(CCCC2)CN1c1ccc2c(c1)OCCO2,1.299001693725586,1.299001693725586,5.481637001037598
C=C(C)[C@H](C)c1cc2n(n1)CCO2,1.298977255821228,1.298977255821228,15.272746086120605
Cc1cc(C)c([C@@H]2OC[C@@H]3CCC[C@@H]32)c([C@H](C)CO)n1,1.2987961769104004,1.2987961769104004,8.243115425109863
O=[N+]([O-])c1sc(Br)cc1[C@@H]1CC12CCC2,1.2985265254974365,1.2985265254974365,3.5133321285247803
CC[C@H](C)c1ccc([N+](=O)[O-])s1,1.2984883785247803,1.2984883785247803,6.989658832550049
Cc1ccc2cc(OOS(C)(=O)=O)ccc2n1,1.2982083559036255,1.2982083559036255,5.779473781585693
CCC[C@@H](N)CS(=O)(=O)c1cccc(F)c1-c1ncn(C)n1,1.2981760501861572,1.2981760501861572,5.153162479400635
O=C(CCCC(=O)C(=O)O)Nn1c(O)nnc1O,1.298133373260498,1.298133373260498,8.830955505371094
C1C[C@@H]2C[C@H](N3CC[C@H]([C@@H]4CCOC4)C3)CCN2C1,1.2981302738189697,1.2981302738189697,3.890432834625244
CC[C@H](CCO)c1ccc(N)nc1,1.2974876165390015,1.2974876165390015,12.023833274841309
O=[N+]([O-])c1ccc(N[C]2CCCn3ncnc32)s1,1.2974181175231934,1.2974181175231934,16.221593856811523
C#CCCCc1ccnnc1C,1.2969931364059448,1.2969931364059448,12.441852569580078
CCCCCc1ccc(C)nn1,1.2968074083328247,1.2968074083328247,3.2048749923706055
OC1(N2CCn3nccc3C2)COC1,1.2961403131484985,1.2961403131484985,0.7112762928009033
C=C[C@H](CCCC(=O)C(=O)O)C(=O)O,1.2961312532424927,1.2961312532424927,10.511394500732422
Cn1[nH]c(-c2cnoc2[C@H](CO)CC(F)F)nc1=O,1.2959980964660645,1.2959980964660645,7.643144607543945
CCCCCc1cnc(O)c([C](C(N)=O)C(C)C)c1,1.2958701848983765,1.2958701848983765,9.754840850830078
Cc1conc1C(=O)C1=CCCC1,1.295852780342102,1.295852780342102,3.588203191757202
CC[C](C)N1CCN(C)C[C@@H]1C(=O)N(OC)[C@H](C)CC,1.2955642938613892,1.2955642938613892,1.0765577554702759
C=CC[C@H](C(=O)O)c1ccnnc1C,1.2952684164047241,1.2952684164047241,7.809910774230957
Cc1ncccc1CCCCCCCCc1cnn2c1OCCC2,1.2949798107147217,1.2949798107147217,9.675985336303711
CC(=O)Cc1cnn2c1OCCC2,1.2949362993240356,1.2949362993240356,11.056729316711426
C[C](O)CCC(=O)Nn1c(O)nnc1O,1.2949103116989136,1.2949103116989136,9.490516662597656
Cn1cnc([N+](=O)[O-])c1OCCc1cnn2c1OCCC2,1.2948960065841675,1.2948960065841675,30.325960159301758
Cc1cc(N2CCCNC(=O)[C@H]2C)n[nH]1,1.294381856918335,1.294381856918335,9.417085647583008
C=CC[C@H](C)c1cnc(O)c([C@H]2CCCSC2)c1,1.294175148010254,1.294175148010254,2.81423020362854
c1cc2c(cc1CCCCCc1cnn3c1OCCC3)OCCO2,1.2940744161605835,1.2940744161605835,15.198376655578613
CCC(C)(C)C(=O)c1cccc2c1=NC(=O)N=2,1.293311357498169,1.293311357498169,6.624857425689697
CC(C)[C](O)CCCCC(=O)O,1.2931479215621948,1.2931479215621948,5.917093753814697
O=C1OCCN1c1ccnnc1,1.2931119203567505,1.2931119203567505,11.169734001159668
O=Cc1nc2ccccc2n1CC(=O)O,1.2923846244812012,1.2923846244812012,2.4613759517669678
Cc1ccc([C@H]2C[C@@](N)C2)cc1F,1.2922478914260864,1.2922478914260864,5.84175443649292
C1=C[C@H](c2cnn3c2OCCC3)CC1,1.2921350002288818,1.2921350002288818,8.380834579467773
CC(=O)CC[C@H]1CCN2CCC[C@H]2C1,1.2918992042541504,1.2918992042541504,1.4086796045303345
CCCCCS(=O)(=O)c1ccc2[nH]c(=O)cnc2c1,1.2918063402175903,1.2918063402175903,10.49404239654541
C#CCCCN1CCC(C)CC1,1.29153311252594,1.29153311252594,14.009045600891113
CC[C@H](C)N(OC)C(=O)[C@H]1C=CCC1,1.2914952039718628,1.2914952039718628,5.05990743637085
O=C(O)[C](O)Cc1c(Br)cncc1[N+](=O)[O-],1.290592074394226,1.290592074394226,10.630284309387207
Cc1cc(S(=O)(=O)[C@H]2CCS(=O)(=O)C2)sn1,1.2905579805374146,1.2905579805374146,1.8654320240020752
C[C@H]1Oc2ccc(-c3ccc4c(c3)OCCO4)cc2NC1=O,1.290542483329773,1.290542483329773,13.492325782775879
CON(CC(C)(C)C)C(=O)[C@@H]1C(=O)NCC[C@H]1C,1.2901948690414429,1.2901948690414429,2.361264944076538
C[C@H]1CN([C@H]2COCCN2N2C[C@H](O)[C@@H](O)C2)C[C]1O,1.2898308038711548,1.2898308038711548,5.881143569946289
O=Cc1cnc(CCc2nccn3ccnc23)c(Br)c1,1.2895828485488892,1.2895828485488892,10.184172630310059
Cn1nnc(-c2nc(=O)n(C)[nH]2)n1,1.2888113260269165,1.2888113260269165,4.680191516876221
Cc1cc(C#N)cnc1CCS(C)(=O)=O,1.2887147665023804,1.2887147665023804,7.224935054779053
O=c1nc(C=NO)ccn1-n1cnnn1,1.2884920835494995,1.2884920835494995,9.815914154052734
C/C(=C\[N+](=O)[O-])C(=O)[C@@H]1OC[C@@H]2CCC[C@@H]21,1.2884482145309448,1.2884482145309448,12.402201652526855
CC(C)CC1CC(CCCC(=O)C(=O)O)C1,1.2878326177597046,1.2878326177597046,2.5846211910247803
Cn1cnc([N+](=O)[O-])c1-c1cc2ccccc2oc1=O,1.2874678373336792,1.2874678373336792,9.13794994354248
CON(C)CCCCC[C@@H](C)O,1.2874661684036255,1.2874661684036255,9.383761405944824
CC(=O)CCn1cc([N+](=O)[O-])c(C)n1,1.2873812913894653,1.2873812913894653,3.661470413208008
O=C1C[C@@H](Nc2cnn3c2OCCC3)c2ccccc2N1,1.2873659133911133,1.2873659133911133,5.099782466888428
O=C1CCC(C(=O)c2ccccc2F)=NN1,1.287189245223999,1.287189245223999,1.5816776752471924
CC[C@H](CCO)CCC[C@@H](C)O,1.2870343923568726,1.2870343923568726,8.526854515075684
CS(=O)(=O)c1ccc(-c2ccc3nn[nH]c3c2)s1,1.286948561668396,1.286948561668396,6.886399269104004
Cc1nnc(CCCCO)n1C,1.2863574028015137,1.2863574028015137,7.149734973907471
CCCC[C@H](C(=O)O)N1CC[C@H]2CCN[C@@H]2C1,1.286286473274231,1.286286473274231,4.955414772033691
N#Cc1cncc(S(=O)(=O)c2ncccc2F)c1,1.286265254020691,1.286265254020691,11.637861251831055
Cc1nc([N+](=O)[O-])c(CCc2ncc(Br)cc2[N+](=O)[O-])n1C,1.2861970663070679,1.2861970663070679,8.200148582458496
N#Cc1ccc(-n2cncn2)o1,1.2861182689666748,1.2861182689666748,5.2419633865356445
CONC(=O)Cc1nonc1C,1.2857556343078613,1.2857556343078613,0.4181205630302429
N#Cc1cn([C@@H]2OC[C@@H]3CCC[C@@H]32)nc1[N+](=O)[O-],1.2857515811920166,1.2857515811920166,3.1868062019348145
C=C(Cl)CCCCCS(C)(=O)=O,1.2851722240447998,1.2851722240447998,11.29906177520752
Cc1ccccc1CCCN=c1nnc(C)c(C)[nH]1,1.284968376159668,1.284968376159668,6.817929267883301
Clc1nnc([C@@H]2CCN3CCC[C@@H]3C2)nn1,1.284799337387085,1.284799337387085,12.216571807861328
CCCC(=O)C(=O)[C@@H](O)C(C)(C)C,1.2847704887390137,1.2847704887390137,2.835357427597046
CC(C)C[C@H](CN)Oc1ccc(/C=C/[N+](=O)[O-])c([N+](=O)[O-])c1,1.2847663164138794,1.2847663164138794,10.114059448242188
C[C@@H]1C[C@@H](C)CN(CCC#N)C1,1.2845532894134521,1.2845532894134521,2.920001983642578
CC1CCN(n2cccn2)CC1,1.2839622497558594,1.2839622497558594,16.894290924072266
Cn1ccnc1[C@@H]1CCC[C@H]1c1cnn(C)c1Cl,1.2838013172149658,1.2838013172149658,0.5841086506843567
Cc1cc2ccccc2nc1-n1c([N+](=O)[O-])nn(C)c1=O,1.283766746520996,1.283766746520996,3.2678134441375732
C[C@@H]1C[C@@H](C)CN(CCCC2=CC(=O)C(=O)C=C2)C1,1.283520221710205,1.283520221710205,2.2126598358154297
CC1CCN(c2cccc3c2=NC(=O)N=3)CC1,1.2834926843643188,1.2834926843643188,11.772339820861816
C[C@H](O)CCCc1ncnc2c1CCC2,1.283437728881836,1.283437728881836,4.038092136383057
CCC[C@H](C[C](C)O)Cc1ccc(=O)[nH]n1,1.2833778858184814,1.2833778858184814,4.319587707519531
C#CC1(O)CN(O[C](C)C(=O)CC)C1,1.283219814300537,1.283219814300537,4.18831205368042
O=C(C[N+](=O)[O-])c1ccc([N+](=O)[O-])s1,1.2830045223236084,1.2830045223236084,3.35054874420166
Cc1cc(C[C@H](CO)c2ccc3c(c2)OCCO3)c(C)n1C,1.2827452421188354,1.2827452421188354,1.4330557584762573
C[C@@H]1CCCN(N2CCCCC2)C1,1.282670259475708,1.282670259475708,6.06387996673584
CC[C@@H](C[C@@H]1CCN(C)C1)C(=O)O,1.282624363899231,1.282624363899231,8.804141998291016
Cn1nnnc1-c1ncccc1Cl,1.282437801361084,1.282437801361084,2.6828856468200684
Oc1ccnc(-c2ccc(F)cc2)n1,1.2820204496383667,1.2820204496383667,2.9410481452941895
O=[N+]([O-])c1cccc(F)c1CCCC[C@H]1CCCC[C@H]1O,1.2816786766052246,1.2816786766052246,8.072083473205566
CCCC[C@@H](CCCF)C(=O)O,1.2812622785568237,1.2812622785568237,0.10673702508211136
C[C]1CN(c2cnoc2)C[C@@H]1O,1.281142234802246,1.281142234802246,12.591743469238281
O=C(CCCc1cnn2c1OCCC2)c1ccc2c(c1)OCCO2,1.2806422710418701,1.2806422710418701,16.935914993286133
O=C(O)CCCCCCCCO,1.280635118484497,1.280635118484497,4.169007301330566
C[C@@H](CF)c1ccnc(N2CCNC2=O)n1,1.2804207801818848,1.2804207801818848,1.884278655052185
O=[N+]([O-])c1cnc(-c2c(Br)cncc2[N+](=O)[O-])c(Br)c1,1.2803902626037598,1.2803902626037598,0.15742313861846924
C[C@@H](CC(=O)N1CCc2ccccc21)c1cnc(N)cn1,1.280385136604309,1.280385136604309,7.877006530761719
Cc1nc(CCCCO)oc1C,1.2803730964660645,1.2803730964660645,9.288602828979492
CC1CCN(C2OCCO2)CC1,1.279899001121521,1.279899001121521,10.544483184814453
CS(=O)(=O)c1ccc(C2(N)CCCCC2)s1,1.2798564434051514,1.2798564434051514,15.81467342376709
N#Cc1ccc(-n2ncc(-n3c(=O)cnc4ccccc43)n2)s1,1.2795929908752441,1.2795929908752441,6.119101047515869
C[C@@H]1C[C@@H](c2cc(Cl)no2)[C@H](C)O1,1.2795640230178833,1.2795640230178833,5.348471164703369
C[C@@H](O)CCN1CCC(N)CC1,1.2794711589813232,1.2794711589813232,4.400688648223877
O=C(CCCCc1cccc([N+](=O)[O-])c1)C1=CCCC1,1.2793188095092773,1.2793188095092773,2.937696933746338
CS(=O)(=O)Oc1c(C#N)cnc2ccccc12,1.27920401096344,1.27920401096344,1.239539384841919
CC[C@H](N)CCN1CC[C@H](C)C1,1.2791215181350708,1.2791215181350708,0.0789685994386673
CS(=O)(=O)c1ccc(-c2cnn(-c3ccc4c(c3)OCCO4)c2)s1,1.2789106369018555,1.2789106369018555,13.434256553649902
O=C1NCCCC[C@@H]1[C@H]1CNOC1,1.2782578468322754,1.2782578468322754,6.705491065979004
CC(=O)CCCc1ccnc(C#N)n1,1.2781049013137817,1.2781049013137817,0.4498417377471924
O=C1C=CC(=O)C(CCC[C@H]2CCCNCC2)=C1,1.2777692079544067,1.2777692079544067,6.345316410064697
C[C](C[S@@](C)=O)ONC(=O)[C@@H]1CC[C@H](CCCO)C1,1.2777444124221802,1.2777444124221802,0.002901133382692933
CCC(=O)[C@@H](C)c1ncc(C)o1,1.2777327299118042,1.2777327299118042,6.085257053375244
Clc1ccc(-c2nncs2)nc1,1.277588963508606,1.277588963508606,3.2923622131347656
C[C@@H](O)[C@@H](CO)c1cc(Br)cnc1[N+](=O)[O-],1.2775436639785767,1.2775436639785767,4.220408916473389
C[C@H](O)CCCc1ccnn1C,1.277533769607544,1.277533769607544,8.286408424377441
C[C]1C[C@@H](O)CN(c2cc(C)c3c(c2)=CC(=O)N=3)C1,1.2774274349212646,1.2774274349212646,4.292230606079102
CCC(=O)C1(C#N)CCN(C)CC1,1.277388572692871,1.277388572692871,13.869037628173828
CC(C)[C@@H](C(N)=O)[C@H](C)C[S@@](C)=O,1.277297854423523,1.277297854423523,2.4044241905212402
C#CCCCCCCCC(N)=O,1.277121901512146,1.277121901512146,23.178186416625977
CCCC[C@H](C(=O)O)c1ccc(O)c(O)c1,1.2767632007598877,1.2767632007598877,12.15030288696289
CC(CCc1cnoc1[C@@H](CO)CC(F)F)C(=O)O,1.276747703552246,1.276747703552246,8.301831245422363
C=CC[C@H](CO)Cc1cc(=O)[nH]c2ccccc12,1.2766445875167847,1.2766445875167847,1.3379253149032593
C#CCCCC[C@H](C)C(F)(F)F,1.2766103744506836,1.2766103744506836,8.183469772338867
C[C@@H](CF)N1CCOC(C)(C)[C@H]1C,1.2764817476272583,1.2764817476272583,6.426759719848633
CC(C)C[C@H](CN)c1cnn2c1OCCC2,1.2763707637786865,1.2763707637786865,4.355912208557129
CN1CCC[C@H](c2nnc(S)o2)C1,1.2762460708618164,1.2762460708618164,2.501405715942383
CCCCC[C@H](C)c1cn2nc3c(=O)n(O)ccc3nc2n1,1.2759242057800293,1.2759242057800293,6.0609450340271
C[C@H]1COCCN([C@@H]2[C]3CN(CCC[C@H](C)O)C[C@@H]32)C1,1.275847315788269,1.275847315788269,11.66514778137207
Cn1nc([N+](=O)[O-])n([C@@H]2CCCSC2)c1=O,1.275609016418457,1.275609016418457,4.166146755218506
C[S@](=O)c1cccc(C(C)(C)C)c1,1.2755616903305054,1.2755616903305054,2.347910165786743
CC(C)[C@H](C(=O)[C@H]1CCCSC1)N1CCC(N)CC1,1.2751542329788208,1.2751542329788208,2.7255725860595703
Cc1cccc(O[C@H]2C[C@H](N)C2)n1,1.2747985124588013,1.2747985124588013,1.689996600151062
CCCCCn1cnn(C)c1=O,1.2741968631744385,1.2741968631744385,1.8795406818389893
Cc1ncccc1[C@@H]1COC[C@@H]1O,1.2739686965942383,1.2739686965942383,5.745479106903076
Nc1cnc(-c2ncnc3ncccc23)cn1,1.273861289024353,1.273861289024353,3.1033713817596436
c1cc2ccnc(-n3cncn3)c2cn1,1.2738267183303833,1.2738267183303833,4.789854049682617
N#Cc1ncn(C2CCC(O)CC2)n1,1.2737189531326294,1.2737189531326294,7.516077518463135
O=[N+]([O-])c1ncccc1-c1nnc(Br)nn1,1.2734867334365845,1.2734867334365845,4.464722633361816
C[C@H]1CC(=O)NCCN1c1nn[nH]n1,1.2734283208847046,1.2734283208847046,1.9993683099746704
N#Cc1ccc(C[C@H](CO)c2cnn3c2OCCC3)o1,1.273234486579895,1.273234486579895,6.3725996017456055
C[C@H]1CN(C(=O)C2=NCCN2)CCN1,1.2731701135635376,1.2731701135635376,3.649320363998413
O=c1cc[nH]c(-c2cccc([N+](=O)[O-])c2)c1,1.273159384727478,1.273159384727478,2.4846956729888916
N#Cc1cc([N+](=O)[O-])cnc1CCc1cnn2c1OCCC2,1.2728123664855957,1.2728123664855957,11.255435943603516
Cc1cc(C#N)cnc1CC[C]1OC[C]2CCC[C@@H]21,1.2726095914840698,1.2726095914840698,10.178415298461914
C=C[C@H](C(=O)O)c1cnn2c1OCCC2,1.2721935510635376,1.2721935510635376,17.27821922302246
C1CC2(C1)[C@H]1OCC[C]1[C@H]2N1CC[C@H]2CCN[C@H]2C1,1.2721587419509888,1.2721587419509888,1.785038709640503
Cn1ncc(-c2cnn3c2OCCC3)c1CC(C)(C)[N+](=O)[O-],1.2720215320587158,1.2720215320587158,7.104822158813477
Cc1nc(-c2cnn(C)n2)oc1C,1.2717437744140625,1.2717437744140625,11.230849266052246
CC(F)(F)C(=O)c1nc2nonc2[nH]c1=O,1.271619200706482,1.271619200706482,13.168081283569336
N#Cc1ccc(-c2cnn(-c3cnn4c3OCCC4)n2)cc1Cl,1.2712996006011963,1.2712996006011963,16.424875259399414
CC(C)[C@H](CCC(F)([N+](=O)[O-])[N+](=O)[O-])N1CCN(C)CC1,1.2710195779800415,1.2710195779800415,0.24164319038391113
N#Cc1ccc(-c2cncc(F)c2)nc1,1.2709132432937622,1.2709132432937622,5.421380043029785
Cc1cnc(N2CC[C@H](N)C2)o1,1.2704256772994995,1.2704256772994995,6.650040626525879
CC(C)C[C@@H](CN)c1cnn2c1OCCC2,1.2703828811645508,1.2703828811645508,10.366606712341309
C=C(C)[C@H](C)CC(C)(C)n1c(Br)nc([N+](=O)[O-])c1[N+](=O)[O-],1.2693957090377808,1.2693957090377808,3.2079594135284424
C[C@H]1CCOCCN1c1cnn(-c2nc3nonc3nc2O)n1,1.2687351703643799,1.2687351703643799,0.4754660725593567
CC[C@@H](O)Cc1c(F)ccnc1F,1.268591046333313,1.268591046333313,7.264675617218018
CC1=CC(=O)C(CN2CCC[C@](C)(O)CC2)=CC1=O,1.2683801651000977,1.2683801651000977,15.611093521118164
C[C]1CN(CC[C@@H](C)O)C[C@H]1O,1.2681151628494263,1.2681151628494263,1.2954813241958618
Fc1ccccc1-c1cccc(Cl)c1,1.2679314613342285,1.2679314613342285,0.0807620957493782
C=CCc1c(O)nnc(C)c1C,1.2678961753845215,1.2678961753845215,2.8679981231689453
FC1(F)C[C@H]1[C@@H]1[C]2CCO[C@@H]2C12CCC2,1.2674710750579834,1.2674710750579834,6.44493293762207
CC[C@@H](C)N1CCOC[C@H](C)C1,1.2673096656799316,1.2673096656799316,6.29938268661499
O=[N+]([O-])c1ncc(C2(O)CCC2)s1,1.2670845985412598,1.2670845985412598,7.7086381912231445
Cc1cnc([C@H]2[C@@H]3COC[C@@H]32)cn1,1.2670562267303467,1.2670562267303467,10.623261451721191
O=c1[nH]cccc1N1C[C](O)[C@@H](O)C1,1.2670111656188965,1.2670111656188965,5.865177154541016
C=C[C@@H](C(=O)O)c1cnn2c1OCCC2,1.2662384510040283,1.2662384510040283,1.2469854354858398
Clc1cccnc1-c1cccnc1Cl,1.26620352268219,1.26620352268219,0.8814358115196228
C=CC[C@H](C)CC(C)(C)[N+](=O)[O-],1.2660343647003174,1.2660343647003174,13.472383499145508
Cc1nonc1CCN1C[C@@H](c2nonc2C)C(C)(C)C1,1.2657599449157715,1.2657599449157715,8.959662437438965
CCC(C)(C)[C@@H](C(N)=O)C(C)C,1.2654987573623657,1.2654987573623657,3.1450178623199463
Cc1ccc(-c2cc([C@H](CF)C(=O)O)ccn2)nn1,1.265452265739441,1.265452265739441,4.708909511566162
CC(C(=O)O)c1ccc(Cl)cn1,1.2653710842132568,1.2653710842132568,16.315908432006836
N=c1[nH]ccc(-c2ccc(Cl)nn2)c1[N+](=O)[O-],1.2647916078567505,1.2647916078567505,9.66048526763916
CN1CCC[C@@H]1N1CCC[C@@H](O)C1,1.2647428512573242,1.2647428512573242,12.079313278198242
Cc1cnc(N2CC[C@@H]2[C@H]2CCCSC2)o1,1.2645776271820068,1.2645776271820068,10.649025917053223
C=CC[C@H](C(=O)O)[C@@H]1CC(C(N)=O)=NO1,1.264438271522522,1.264438271522522,4.47619104385376
Cn1nc([N+](=O)[O-])n(N[C@H]2CCCn3ncnc32)c1=O,1.2640529870986938,1.2640529870986938,8.269922256469727
O=C(Nn1c(O)nnc1O)Oc1ccccc1,1.2640045881271362,1.2640045881271362,12.597589492797852
N#C[C@H]1CN(C2CC(O)C2)CCO1,1.2636229991912842,1.2636229991912842,1.1475937366485596
CC[C@H](C)N(OC)C(=O)[C@@H](C)CF,1.2631312608718872,1.2631312608718872,3.1860578060150146
O=Cc1cc(-c2nc(O)c([N+](=O)[O-])cc2Br)c(Br)cn1,1.2628529071807861,1.2628529071807861,5.80789041519165
O[C]1CN([C@H]2CCN3CCC[C@@H]3C2)C[C@@H]1O,1.2624746561050415,1.2624746561050415,5.3246002197265625
Cc1cc2ccccc2nc1Oc1cc([N+](=O)[O-])c[nH]1,1.262375831604004,1.262375831604004,9.141769409179688
N#CCS(=O)(=O)c1ccc2[nH]c(=O)cnc2c1,1.26235032081604,1.26235032081604,0.06476867944002151
C[C@H]1CCOCCN1c1ccnc(N2CC[C@H]3CCN[C@@H]3C2)c1,1.2622992992401123,1.2622992992401123,1.2149100303649902
O=[N+]([O-])c1cc(Cl)c(Oc2ccc3c(c2)OCCO3)cc1[N+](=O)[O-],1.2612833976745605,1.2612833976745605,11.584211349487305
CC[C@H](C(N)=O)c1ccncc1C#N,1.2610752582550049,1.2610752582550049,8.749688148498535
c1onc([C]2CCCNCC2)c1[C@@H]1[C@H]2CCO[C@@H]2C12CCC2,1.261039137840271,1.261039137840271,0.21175745129585266
CC(C)CN1CCOC[C@H](C)C1,1.260690689086914,1.260690689086914,17.994417190551758
O=C1C=C(NCCCCO)C(=O)C=C1F,1.2603784799575806,1.2603784799575806,5.828519344329834
Cn1nc2c(c1-c1cc[nH]c(=O)c1)CCCC2,1.2601417303085327,1.2601417303085327,9.217901229858398
O=[N+]([O-])c1cc(Br)c(N2CC[C@H]3CCN[C@H]3C2)nc1O,1.2599447965621948,1.2599447965621948,10.706377029418945
CC(=O)Cn1c(C=O)nc2ccccc21,1.2599319219589233,1.2599319219589233,8.62293529510498
C=C(Cl)C[C@@H]1CC(C(N)=O)=NO1,1.2597788572311401,1.2597788572311401,9.08330249786377
CC(C)(CCc1cc(Cl)c2nonc2c1[N+](=O)[O-])S(C)(=O)=O,1.2596665620803833,1.2596665620803833,7.093267917633057
CC1(Oc2ccc(S(C)(=O)=O)s2)CN(c2nnc(N)s2)C1,1.2595186233520508,1.2595186233520508,0.03634876012802124
C=C(C)[C@H](C)c1ncccc1Cl,1.2594904899597168,1.2594904899597168,2.9349141120910645
O=[N+]([O-])c1cncc(Br)c1-c1cccc2cnccc12,1.2593364715576172,1.2593364715576172,4.3547444343566895
Cc1csc(=O)n1-c1nn[nH]n1,1.2591992616653442,1.2591992616653442,6.741243839263916
O=[N+]([O-])c1cc(Br)c(O[C@H]2CCNC23CCC3)nc1O,1.2586513757705688,1.2586513757705688,8.425080299377441
O=C1NC(=S)N=C(O)C1N1CCc2ccccc21,1.257959246635437,1.257959246635437,8.78243637084961
C[C]1[C@@H](c2cn3c(n2)CCCC3)CCCN1C(=O)O,1.2573473453521729,1.2573473453521729,2.575556755065918
C[S@](=O)[C@H]1CCC[C@@H]([C@H]2C[C@@](N)C2)C1,1.2572389841079712,1.2572389841079712,6.205557823181152
C=C[C@@H](C(=O)O)c1c2c(nn1C)CCCC2,1.2564958333969116,1.2564958333969116,5.818288803100586
CC1(c2cnn3c2OCCC3)CCN([C@H]2C[C@H](N)C2)CC1,1.2563532590866089,1.2563532590866089,10.461835861206055
C=C(Cl)C[C@@H]1C[C](c2cccc(Br)c2)C12CCC2,1.2562702894210815,1.2562702894210815,1.1204051971435547
C[C@@H](C#N)c1cc(C=O)ccc1F,1.2562159299850464,1.2562159299850464,5.249406814575195
Cl/C=C\C[C@@H]1OC[C@@H]2CCC[C@@H]21,1.2562004327774048,1.2562004327774048,6.543228626251221
N#CC1(NC2=CC(=O)C(F)=CC2=O)CCC1,1.255954384803772,1.255954384803772,3.499335289001465
CC(C)(C(=O)O)c1cc(Cl)no1,1.2554988861083984,1.2554988861083984,1.8516616821289062
c1nn2c(c1OCCc1cc3n(n1)CCO3)OCCC2,1.2554150819778442,1.2554150819778442,13.053777694702148
Cn1nnc(-c2nccc3cccnc23)n1,1.2553893327713013,1.2553893327713013,2.9809608459472656
O=C1CNC(=O)N1[C@@H]1CCCC[C@@H]1O,1.2551730871200562,1.2551730871200562,4.68402624130249
C=CC[C@H](C)c1ccc(F)cc1N1CCc2c[nH]nc2C1,1.2550173997879028,1.2550173997879028,2.333958864212036
C[C@H](C(N)=O)c1c([N+](=O)[O-])no[n+]1[O-],1.2548407316207886,1.2548407316207886,1.6396816968917847
Nc1cnc(CCN[C@@H]2CCCn3ncnc32)cn1,1.254828929901123,1.254828929901123,9.334039688110352
O=C1OCC[C@@]12CCN(CC(O)Cc1ccc3c(c1)OCCO3)C2,1.2546976804733276,1.2546976804733276,32.92195510864258
CCC(C)(C)C(=O)CCCC(C)=O,1.254528522491455,1.254528522491455,10.625649452209473
Cc1cccc(-c2ccncc2Cl)n1,1.2544735670089722,1.2544735670089722,4.378922939300537
CC1=C(C(=O)C(=O)O)[C@H](N2CCOC[C@H](C)C2)NC(=S)N1,1.254172444343567,1.254172444343567,1.1362475156784058
CCCCC[C@@H](C)c1nncs1,1.2541598081588745,1.2541598081588745,14.593555450439453
C=C[C@H]([C](CC)Cc1ccnnc1)C(=O)O,1.2540836334228516,1.2540836334228516,7.630237579345703
N#Cc1c(-c2cnc(N)cn2)cc([N+](=O)[O-])cc1[N+](=O)[O-],1.2540383338928223,1.2540383338928223,2.143695592880249
CN1CCC[C@H](n2cnn3c([N+](=O)[O-])nnc23)C1,1.2539985179901123,1.2539985179901123,12.698392868041992
Cc1nc(-c2cccc(=O)[nH]2)ccc1C#N,1.253820776939392,1.253820776939392,4.3012800216674805
Cn1c(=O)cc(-c2nc[nH]c2[N+](=O)[O-])c2ccccc21,1.2536065578460693,1.2536065578460693,3.899488925933838
Cn1nc([N+](=O)[O-])n(N2CC[C@H]3NC(=O)CC[C@H]3C2)c1=O,1.2534689903259277,1.2534689903259277,10.110801696777344
CCCCCc1nc(C)c(C)o1,1.2532259225845337,1.2532259225845337,8.715611457824707
C[C@H]1COCCN(N2CCOC[C@H]2c2ccc([N+](=O)[O-])s2)C1,1.2529584169387817,1.2529584169387817,16.21234703063965
CCC(c1ccccc1Cl)[N+](=O)[O-],1.252910852432251,1.252910852432251,0.30232104659080505
C#CCCCn1cnn(C)c1=O,1.2527791261672974,1.2527791261672974,0.3808050751686096
N#Cc1ccc(C2(c3ccc4c(c3)OCCO4)CCOC2)cn1,1.2523047924041748,1.2523047924041748,5.25265645980835
C[C@H](O)CCCC(=O)C(F)(F)F,1.2521846294403076,1.2521846294403076,7.165642738342285
C[C@@H]1CN([C@H]2CCNC(=O)C2)C[C@H]1O,1.2521733045578003,1.2521733045578003,6.076778888702393
CONC(=O)Cc1c(C)c(=O)cnc2c(C#N)cnn12,1.2519301176071167,1.2519301176071167,6.423194408416748
CC[C@H](C#N)N1CCOC(C)(C)[C@H]1C,1.2519053220748901,1.2519053220748901,3.7398111820220947
Cn1ccnc1N1C(=O)CNC1=O,1.2518337965011597,1.2518337965011597,5.973987102508545
c1ccc2c(c1)nc(-c1ccc3c(c1)OCCO3)c1nnnn12,1.2518107891082764,1.2518107891082764,4.211577415466309
Cc1cncc(N2N=C(c3ccncc3)CC2=O)c1,1.251511812210083,1.251511812210083,11.624032974243164
C[C@@H](C#N)CN1CCN(C)C[C@@H]1S(=O)(=O)c1cnc[nH]1,1.251496434211731,1.251496434211731,2.2074639797210693
CC[C@H](C)C(=O)[C@@H](CN)CC(C)C,1.2509660720825195,1.2509660720825195,11.290725708007812
CN1CCC(C#N)(CCCC(O)CC2(C#N)CCN(C)CC2)CC1,1.2507367134094238,1.2507367134094238,36.568138122558594
CC1(C#N)CCN(CCC(=O)c2ccnc3ccnn23)CC1,1.2505897283554077,1.2505897283554077,5.218381881713867
Cc1nonc1N1CCNC1=O,1.2504945993423462,1.2504945993423462,0.09256434440612793
Cc1ncncc1[C@H](C(=O)O)C(C)(C)C,1.2501238584518433,1.2501238584518433,14.046597480773926
CCC(=O)[C@H](C)c1ccc(-c2c(F)ccnc2F)nn1,1.2501102685928345,1.2501102685928345,6.660447597503662
O=C1C=CC(=O)C(CCC[C@H]2CCCCNC2=O)=C1,1.250052809715271,1.250052809715271,2.249326467514038
C[C@@H]1CCCN(C2CCNCC2)C1,1.2499980926513672,1.2499980926513672,3.5468063354492188
C[C@@H]1CN([C@H]2CCCO2)CCS1,1.249903917312622,1.249903917312622,7.9081950187683105
CC(=O)CC(=O)CCCc1ccccc1,1.2498409748077393,1.2498409748077393,8.034265518188477
O=C1CN(c2ccc(F)cc2)CCN1,1.2496166229248047,1.2496166229248047,5.6045660972595215
O=C1N=c2cccc(-c3ccc(Cl)cn3)c2=N1,1.2491556406021118,1.2491556406021118,8.269671440124512
Cc1nc(-n2cc(Cl)cn2)oc1C,1.2488222122192383,1.2488222122192383,11.199136734008789
CC[C@](C)(C#N)N1CCC[C@@H](C)C1,1.2485475540161133,1.2485475540161133,1.0845396518707275
O[C]1CN([C@H]2CC(F)(F)CN2c2ccc(Cl)cn2)C[C@@H]1O,1.2484527826309204,1.2484527826309204,12.367639541625977
CC[C](N)Cc1ccc(Cl)cn1,1.2481319904327393,1.2481319904327393,5.704225540161133
Cc1nonc1[C@H]1CCCOC1,1.248061180114746,1.248061180114746,4.04719352722168
CC1=CC(=O)C(CCCC(C)C)=CC1=O,1.247665286064148,1.247665286064148,4.018246173858643
OC[C@@H](CC(F)F)[C@H]1CCCNC1,1.2473734617233276,1.2473734617233276,0.8095221519470215
O=C1NCCCC[C@H]1N1CCOC1,1.2470436096191406,1.2470436096191406,4.619098663330078
O=c1c(-c2ncccn2)cnc2ccc(Cl)nn12,1.2469552755355835,1.2469552755355835,6.913175582885742
CC[C@@H](C(=O)O)c1ncccc1Cl,1.2463817596435547,1.2463817596435547,3.141414165496826
Clc1cnc(-c2cccc(Br)c2)cn1,1.2459393739700317,1.2459393739700317,12.643904685974121
N#CC[C@H]1CCCC12OCCO2,1.2459015846252441,1.2459015846252441,11.973397254943848
Cc1ncc(Br)n1C(=O)C[N+](=O)[O-],1.2458676099777222,1.2458676099777222,8.156330108642578
C[C@H]1N(c2ccncc2-c2nnc(Br)nn2)CCOC1(C)C,1.2457807064056396,1.2457807064056396,5.806766510009766
CC1(C)OCC[C@H]1c1nc2nonc2[nH]c1=O,1.2457609176635742,1.2457609176635742,3.396531105041504
C/C(=C/[N+](=O)[O-])C(=O)n1c(=O)cnc2ccccc21,1.2456668615341187,1.2456668615341187,1.5294172763824463
NC(=O)C1=NO[C@H](n2cnnn2)C1,1.2456361055374146,1.2456361055374146,0.3425721526145935
N#Cc1ccc([C@@H]2CCN3CCC[C@@H]3C2)cc1Cl,1.2455289363861084,1.2455289363861084,9.41659164428711
C[S@](=O)c1nncn1C(C)(C)CO,1.2455179691314697,1.2455179691314697,1.1262283325195312
Cc1cc(C[C@@H](C)O)c(C)n1C,1.2452392578125,1.2452392578125,4.4762725830078125
Cc1ccc(-c2nc(Cl)cs2)o1,1.2451204061508179,1.2451204061508179,6.29133415222168
CC(=O)N1C[C](c2nc3nonc3nc2Cl)[C@H](O)C1,1.245078444480896,1.245078444480896,8.713022232055664
CC[C@@](C)(CCO)c1nc(-c2ncc(C=O)cc2Br)ns1,1.244995355606079,1.244995355606079,4.984137535095215
CN1C[C@H](N2CCC[C@@H](C#N)C2)CC1=O,1.2447227239608765,1.2447227239608765,2.59140682220459
Cn1cnc([N+](=O)[O-])c1-c1ncnc2ncccc12,1.2444720268249512,1.2444720268249512,1.4713010787963867
Clc1cc([C@@H]2CCN3CCC[C@@H]3C2)ccn1,1.2440354824066162,1.2440354824066162,3.123992443084717
O=[N+]([O-])c1cccc(F)c1[C@@H]1[C@H]2CCO[C@@H]2C12CCC2,1.2439378499984741,1.2439378499984741,10.592118263244629
O=[N+]([O-])c1cc(Cl)cc([N+](=O)[O-])c1-c1cnn2c1OCCC2,1.2438956499099731,1.2438956499099731,8.134961128234863
O=Cc1nc2ccccc2n1[C@@H]1OC[C@@H]2CCC[C@@H]21,1.2436432838439941,1.2436432838439941,14.51776123046875
C[C]1C[C@@H](c2c([N+](=O)[O-])cc(Cl)cc2[N+](=O)[O-])[C@H](C)O1,1.2431888580322266,1.2431888580322266,11.066527366638184
CONC(=O)Cc1ncc(C)o1,1.2431551218032837,1.2431551218032837,12.345458984375
Cc1cnc([C@@H]2CCN(C)C2)o1,1.242986798286438,1.242986798286438,7.332850933074951
C[C@@H](CF)c1cn(C)c(=O)nc1O,1.2425792217254639,1.2425792217254639,1.6284819841384888
CC(C)C(=O)Cc1nnc(N)s1,1.2419737577438354,1.2419737577438354,5.780141830444336
CC(Cc1ncccn1)CS(=O)(=O)c1ccc(C#N)nc1,1.2416995763778687,1.2416995763778687,0.9621739387512207
Cn1cnc([N+](=O)[O-])c1[C@H]1CCCSC1,1.2416397333145142,1.2416397333145142,1.1651862859725952
C=C[C@H](C(=O)O)N1CCO[C@@H](C)C1,1.2413479089736938,1.2413479089736938,11.92154598236084
C[C@H]1OC(=O)N[C@H]1N1CCO[C@H](C#N)C1,1.241270899772644,1.241270899772644,0.1005258858203888
Fc1ccnc(F)c1C/C=C/Cl,1.2410649061203003,1.2410649061203003,12.134988784790039
C#CCCCCC[C](N)CCC,1.2410181760787964,1.2410181760787964,4.132658958435059
C[C@@H](CCCCc1ccc(S(C)(=O)=O)s1)N1CCC[C@](C)(O)CC1,1.241000771522522,1.241000771522522,19.940616607666016
C[C@@H](O)[C@@H](C(=O)O)N1C[C@H](O)[C@@H](O)C1,1.2404710054397583,1.2404710054397583,9.067256927490234
CCC(=O)Cc1ccc([N+](=O)[O-])s1,1.2403573989868164,1.2403573989868164,5.2136430740356445
N[C@]1C[C@@H]([C@H]2CCNC23CCC3)C1,1.2403258085250854,1.2403258085250854,0.8097224235534668
C[C@H](C[C@H](C)[N+](=O)[O-])C(=O)C1(C)CCC1,1.2398707866668701,1.2398707866668701,3.745588779449463
CCC(=O)[C@@H](C)[C@H]1CC(=O)N(C)C1,1.239712119102478,1.239712119102478,5.135746479034424
Cn1cnc([N+](=O)[O-])c1[C@@H]1CCCSC1,1.2394132614135742,1.2394132614135742,5.894295692443848
C#CCCCc1ccccc1F,1.2388687133789062,1.2388687133789062,2.540700912475586
c1nn2c(c1CCCCCOc1cnn3c1OCCC3)OCCC2,1.2387689352035522,1.2387689352035522,26.50663185119629
CC(C)(Cc1ccc2c(c1)OCCO2)n1cnc(C#N)cc1=O,1.2383631467819214,1.2383631467819214,9.960833549499512
C[C@H]1CC[C@@H](OCCC[N+](=O)[O-])C1,1.2379873991012573,1.2379873991012573,9.675445556640625
Cn1nc2c(c1CCCCCc1cnn3c1OCCC3)CCCC2,1.2379546165466309,1.2379546165466309,10.790142059326172
C[C@@]1(O)CCCN(N2CC[C@@H]3NC(=O)CC[C@@H]3C2)CC1,1.2375891208648682,1.2375891208648682,6.375576972961426
CS(=O)(=O)c1ccc([C@H]2CCCC[C@@H]2O)s1,1.2374677658081055,1.2374677658081055,8.072319984436035
Cc1cccc([C@H](C)CCO)n1,1.2374191284179688,1.2374191284179688,5.894423961639404
C[C@@H]1O[C@@H](C)C[C@H]1[C@@H]1CCCN1C=O,1.236973762512207,1.236973762512207,8.396029472351074
Cc1ccnc([C@H](C)CCO)n1,1.2368735074996948,1.2368735074996948,5.9444475173950195
Cn1ncc(-n2cnn(C)c2=O)c1Cl,1.2366243600845337,1.2366243600845337,9.250783920288086
Clc1cc(NC2=NCCS2)on1,1.2365951538085938,1.2365951538085938,7.842249870300293
C#Cc1ccc(-c2ccnc(O)n2)nc1,1.236527919769287,1.236527919769287,3.397808790206909
C[C@H](c1ccccc1O)C(F)(F)F,1.2361640930175781,1.2361640930175781,4.171531677246094
O=C1N=c2cccc(-c3cc(=O)cc[nH]3)c2=N1,1.2361282110214233,1.2361282110214233,1.3640145063400269
C[S@](=O)c1cccc(C2(C#N)CC2)c1,1.2360246181488037,1.2360246181488037,4.183899879455566
Cc1cc(C#N)cnc1CS(C)(=O)=O,1.2359206676483154,1.2359206676483154,8.044442176818848
C[C]1C[C@H](C)CN(CC(=O)N=c2nc(C)[nH]n2C)C1,1.2354881763458252,1.2354881763458252,2.7718558311462402
CON(C)C(=O)c1cccc2c1=NC(=O)N=2,1.2350726127624512,1.2350726127624512,1.0161503553390503
C#Cc1cncc(C(=O)[C@@H](C)C#N)c1,1.2347882986068726,1.2347882986068726,11.960387229919434
O=C(/C=C/[N+](=O)[O-])c1ccoc1,1.2344971895217896,1.2344971895217896,5.673072338104248
NCc1cc(=O)c([C@H]2CCS(=O)(=O)C2)co1,1.2343072891235352,1.2343072891235352,6.194080829620361
O=[N+]([O-])c1cc(-c2nc3ccccc3n3nnnc23)on1,1.2340401411056519,1.2340401411056519,2.5152249336242676
C[C@@H]1[C@H]([C@H]2CCOC2)CCS1(=O)=O,1.2336246967315674,1.2336246967315674,1.1262959241867065
CCCCCCN1CC(C)(F)C1,1.2335796356201172,1.2335796356201172,0.4860662519931793
CCC[C](N)CC1(N)CCCCC1,1.2332091331481934,1.2332091331481934,4.134627342224121
CC[C@H](C)N(OC)C(=O)N1CC(C)(F)C1,1.2328702211380005,1.2328702211380005,5.496974945068359
C#CCCCc1nc(C)c(C)o1,1.2328317165374756,1.2328317165374756,24.68830108642578
Fc1ccc(Cc2nc3ccccc3[nH]2)cn1,1.2325241565704346,1.2325241565704346,1.9734444618225098
Cc1cc([C@@H](C)CC(=O)[C@H]2CCC(=O)C2)cc(O)n1,1.2317034006118774,1.2317034006118774,8.82536792755127
CC(C)S(=O)(=O)CCCN1CCOC[C@@H]1c1ccc(C#N)o1,1.2309761047363281,1.2309761047363281,7.644546031951904
C#C[C@H](C)C(C(=O)O)c1ccc(Cl)nn1,1.230843424797058,1.230843424797058,2.639845848083496
C[C@H](O)CC[C@@H](CO)CC(F)F,1.230442762374878,1.230442762374878,0.20867948234081268
CC(C)CCc1cc2n(n1)CCO2,1.2304365634918213,1.2304365634918213,8.477995872497559
CS(=O)(=O)c1ccc(-c2cc[nH]c(=O)c2)o1,1.2301372289657593,1.2301372289657593,2.2501306533813477
C[C@@H](O)CCCCCC[N+](=O)[O-],1.2300862073898315,1.2300862073898315,8.946480751037598
C[C@H]1OC(=O)N[C@H]1C(=O)C(=O)C(C)(C)C,1.2291948795318604,1.2291948795318604,9.753896713256836
CC1=NC(=S)N=C1CCN1CCC[C@@](C)(O)CC1,1.2282806634902954,1.2282806634902954,2.4800684452056885
O=[N+]([O-])c1cnc(-c2ccccc2)nc1,1.228143572807312,1.228143572807312,0.577652096748352
Cc1cnoc1-c1cnn(C)c1Cl,1.228081226348877,1.228081226348877,8.26503849029541
Nc1cnc(-c2nnc(Br)nn2)cn1,1.2279720306396484,1.2279720306396484,6.1919169425964355
CC(=O)c1cnc(O)c(-n2ccc(C=NO)nc2=O)c1,1.2279337644577026,1.2279337644577026,3.9032249450683594
C=CC[C](CO)Cc1nnn(C)n1,1.227414608001709,1.227414608001709,4.419386386871338
CC1=NC(=S)N=C1CCN1CCC[C@](C)(O)CC1,1.2269608974456787,1.2269608974456787,2.0649573802948
CC(C)[C@@H](C(N)=O)[C@H](C)C(F)(F)F,1.2266794443130493,1.2266794443130493,7.257469654083252
C[C@@H]1CCNC(=O)[C@H]1N1CCn2nccc2C1,1.2262285947799683,1.2262285947799683,9.170363426208496
C[C@@H]1COCCN(C2(C)CC2)C1,1.2262099981307983,1.2262099981307983,3.602006196975708
O[C](CCc1snc2c(Cl)ncnc12)Cc1ncccc1F,1.2260098457336426,1.2260098457336426,3.0977561473846436
Nc1cnc(-c2nnco2)cn1,1.2259548902511597,1.2259548902511597,3.926924705505371
CC[C@H](C)n1cc(C[C@H](C)O)cn1,1.225948452949524,1.225948452949524,3.884807825088501
Oc1ccccc1-c1cc2c(nc1O)CCC2,1.2259079217910767,1.2259079217910767,0.07226584851741791
C[C@@H](CCN1CC[C]2NC(=O)CC[C@@H]2C1)c1ccc(F)cc1,1.2258371114730835,1.2258371114730835,7.595175266265869
O=C1CC[C@H]([C@H]2CCCC[C@H]2O)C1,1.2257384061813354,1.2257384061813354,5.533160209655762
O=C1C[C@@H]([C]2CCCCO2)CN1Oc1cc(Cl)no1,1.2257236242294312,1.2257236242294312,0.9357464909553528
CC[C](C)CCC(CC)[N+](=O)[O-],1.2255827188491821,1.2255827188491821,9.133520126342773
CC(C)(C)[C@@H](O)C(=O)C(=O)C(=O)CCCN1CC[C@H](N)C1,1.2252368927001953,1.2252368927001953,4.496318817138672
C[C]1C[C@@H](c2nonc2C)[C@H](C)O1,1.225139856338501,1.225139856338501,2.0245254039764404
CCC(=O)[C@H](C)[C@H](C)C[C@H](C)O,1.224207878112793,1.224207878112793,3.912874937057495
C[C@H](O)CCCN1CCCCC1,1.2242071628570557,1.2242071628570557,8.677694320678711
C[C@@H]1Oc2ccc(-c3cccc([N+](=O)[O-])c3)cc2NC1=O,1.2240489721298218,1.2240489721298218,6.207139492034912
C[C@H](CCS(C)(=O)=O)n1cncn1,1.2239450216293335,1.2239450216293335,4.21270227432251
Fc1cccnc1-c1cnnc(Cl)c1,1.2235170602798462,1.2235170602798462,5.953175067901611
N[C@]1C[C@@H](CCCCC(=O)O)C1,1.2228240966796875,1.2228240966796875,3.214221477508545
C[C]1COCCN(CCC(=O)CCn2cnc(C#N)cc2=O)C1,1.2227126359939575,1.2227126359939575,14.106684684753418
C[C@@H](CC(C)(C)c1cc([N+](=O)[O-])no1)c1nn(C)cc1[N+](=O)[O-],1.222321629524231,1.222321629524231,13.315874099731445
C=C[C@@H](C(=O)O)[C@@H](CC)C[C@@H](C)CC,1.2222567796707153,1.2222567796707153,0.13365685939788818
Cc1nnc(N2CCC(=O)CC2)s1,1.2221910953521729,1.2221910953521729,8.349169731140137
Cn1nc2c(c1-c1nc3ccccc3[nH]1)CCC2,1.2219009399414062,1.2219009399414062,2.5940804481506348
O=[N+]([O-])c1c(C[C](CO)CC(F)F)ccc2cccnc12,1.2216187715530396,1.2216187715530396,3.026275634765625
C[C](O)CCn1cnn(C)c1=O,1.221471905708313,1.221471905708313,0.5280424356460571
C[C@H]1CN(c2nnc(Br)nn2)CCN1,1.221366047859192,1.221366047859192,1.5408719778060913
CC(C)(CCC1(N)CCCCC1)S(C)(=O)=O,1.2213035821914673,1.2213035821914673,5.707236289978027
C[C@@H]1CNCCN1N1CC[C@@](F)(N2CCN[C@@H](C)C2)C1,1.221076488494873,1.221076488494873,7.566381931304932
CON(CN1CCC[C@](C)(O)CC1)C(=O)C(=O)Nn1ccnn1,1.2200063467025757,1.2200063467025757,1.7747176885604858
CC[C@H](CCO)c1cc2n(n1)CCO2,1.2192338705062866,1.2192338705062866,6.19531774520874
C[C@@H]1CN([C@H]2C[C@@](c3ncc(F)cn3)C2)C[C@H](C)S1,1.2185391187667847,1.2185391187667847,4.778501510620117
Cc1cncc(-c2ncn(C)n2)c1,1.2184237241744995,1.2184237241744995,7.728938579559326
C[C@H](C#N)c1cc([N+](=O)[O-])on1,1.2184041738510132,1.2184041738510132,2.8826382160186768
N#Cc1ncccc1[C@H]1CC[C@@H](C2(C#N)CCC2)CC1,1.2183209657669067,1.2183209657669067,0.984988272190094
CC(C(=O)O)[C@@H]1OC[C@@H]2CCC[C@@H]21,1.2178168296813965,1.2178168296813965,2.915177822113037
CC[C](N)Cc1ccccc1F,1.2171348333358765,1.2171348333358765,6.7978692054748535
OC1(c2cc3n(n2)CCO3)COC1,1.2171045541763306,1.2171045541763306,10.596820831298828
CS(=O)(=O)c1ccc([C@H]2CCCCNC2=O)s1,1.2170058488845825,1.2170058488845825,11.21546459197998
CC(C)S(=O)(=O)CCCc1cn[nH]c1,1.2169839143753052,1.2169839143753052,6.16331672668457
C[C@H]1C(=O)NCCCN1[C@H]1CCCN1C=O,1.2169283628463745,1.2169283628463745,7.575928688049316
O=C1C=C(Nc2cnc([N+](=O)[O-])s2)c2ccccc2C1=O,1.2168840169906616,1.2168840169906616,1.4424431324005127
Cc1ccc(-c2nnc3c(n2)-c2ccccc2C3=O)o1,1.2168711423873901,1.2168711423873901,4.71622896194458
Cc1nnc(-c2nc(C)n(C)n2)o1,1.2167625427246094,1.2167625427246094,5.552669525146484
O=C1N=c2cccc(N3CC[C@@]4(CCOC4=O)C3)c2=N1,1.2167375087738037,1.2167375087738037,9.750007629394531
C[C@@H](c1nnc2n1CCNC2=O)C(F)(F)F,1.2166941165924072,1.2166941165924072,5.814783573150635
N#Cc1ccc(Cc2ncc([N+](=O)[O-])cc2C#N)cc1Cl,1.2158576250076294,1.2158576250076294,6.2473859786987305
N#Cc1ccsc1[C@H]1CN([C@H]2CCC(=O)C2)CCO1,1.2157901525497437,1.2157901525497437,4.9810791015625
N[C@H]1CCN(c2ncccc2O)C1,1.215692400932312,1.215692400932312,6.829683303833008
CC1=C(C(=O)C(=O)O)[C@H](N2CCC[C@H](C)C2)NC(=S)N1,1.2156764268875122,1.2156764268875122,5.690408706665039
C=C(Cl)Cc1cn2c(n1)CCCC2,1.2155946493148804,1.2155946493148804,4.839888572692871
CS(=O)(=O)c1ccc(CC(O)Cc2ncc(C=O)cc2Br)s1,1.215467929840088,1.215467929840088,9.958208084106445
Cc1cnc(-c2cnnc(O)c2)cn1,1.2152252197265625,1.2152252197265625,1.280975580215454
N#C[C@H]1CCCN(N2CCc3c[nH]nc3C2)C1,1.2146440744400024,1.2146440744400024,4.769474029541016
O=Cc1cnc([C@@H]2[C@H]3CCO[C@@H]3C23CCC3)c(Br)c1,1.2144168615341187,1.2144168615341187,13.793712615966797
N#Cc1ccc(-c2ccncc2)o1,1.2143278121948242,1.2143278121948242,12.840904235839844
C[C](O)Cc1cc(Br)sc1[N+](=O)[O-],1.214144229888916,1.214144229888916,4.193625450134277
C[C]1CC[C](CCCC2C(=O)N(C(C)=O)c3ccccc32)C1,1.2141281366348267,1.2141281366348267,9.322711944580078
O=[N+]([O-])c1sc(Br)cc1N1CCCS1(=O)=O,1.2136826515197754,1.2136826515197754,4.298276901245117
Cn1ncc([C@@H]2CCCC[C@@H]2CCCCC#N)n1,1.213483452796936,1.213483452796936,7.189944267272949
C[C@H](C[S@@](C)=O)n1ncc([N+](=O)[O-])c1N,1.2128498554229736,1.2128498554229736,9.411877632141113
CC1=NC(=S)N=C1CCN1CCOC(C)(C)[C@H]1C,1.212670087814331,1.212670087814331,1.5023279190063477
CC(=O)CCCc1cccc([N+](=O)[O-])c1,1.2125756740570068,1.2125756740570068,4.461973667144775
C[C@H]1CN([C@H]2CCNC2)CCO1,1.2125473022460938,1.2125473022460938,5.557040691375732
Cn1ncc(-c2ccc(Cl)s2)c1Cl,1.2125197649002075,1.2125197649002075,9.353133201599121
C[C@@H]1C[C@@H](c2c(C#N)cnc3ccccc23)[C@H](C)O1,1.2121634483337402,1.2121634483337402,5.341296672821045
CC(C)(CCc1nc(-c2cnn3c2OCCC3)ns1)S(C)(=O)=O,1.212023377418518,1.212023377418518,10.107976913452148
CCCC(=O)c1cccc([S@](C)=O)c1,1.2119494676589966,1.2119494676589966,10.16200065612793
CN1CC[C@@H]1CC(=O)CC(C)(C)C,1.2117568254470825,1.2117568254470825,14.428886413574219
CN1CCC[C@@H]1[C@H]1COCCO1,1.2113368511199951,1.2113368511199951,9.207890510559082
CC1=C(C(=O)C(=O)O)[C@H]([C@H]2CCCN(C)C2)NC(=S)N1,1.2112953662872314,1.2112953662872314,7.190787315368652
C[C@@H]1CCNC(=O)[C@H]1c1cnn2c1OCCC2,1.2111462354660034,1.2111462354660034,8.0775728225708
N#Cc1ccc(-c2nc3ccccc3[nH]2)o1,1.211087703704834,1.211087703704834,6.005345344543457
CN1CCC(C#N)(OCCC(=O)NN2CCS(=O)(=O)CC2)CC1,1.2108701467514038,1.2108701467514038,19.057239532470703
N#CC1(CCCC2=CC(=O)C=CC2=O)CCC1,1.2098772525787354,1.2098772525787354,1.2102484703063965
O=[N+]([O-])c1ncc(-c2ccccc2)s1,1.2097892761230469,1.2097892761230469,0.6141259074211121
O=C(CCc1ccc([N+](=O)[O-])o1)[C@H]1CSc2ccccc21,1.2096022367477417,1.2096022367477417,11.24415111541748
Cc1ncccc1-c1cnc(N)cn1,1.20955491065979,1.20955491065979,9.706968307495117
C#C[C@@H](CCCCC#N)C(C)C,1.2088568210601807,1.2088568210601807,8.682225227355957
CC1=CC(=O)C(CN2CC[C@H]([C@@H]3CCOC3)C2)=CC1=O,1.20882248878479,1.20882248878479,0.5058113932609558
CC[C@H](C)c1cc(-c2c([N+](=O)[O-])ncn2C)sc1[N+](=O)[O-],1.2085140943527222,1.2085140943527222,7.385601997375488
N#Cc1ncn([C@@H]2CCCCNC2=O)n1,1.208479642868042,1.208479642868042,6.493383407592773
Cc1noc2ncc([C@@H]3NC(=O)O[C@@H]3C)cc12,1.208167314529419,1.208167314529419,4.2118821144104
CC[C@@H](C)N(OC)C(=O)c1n[n+]([O-])c([N+](=O)[O-])cc1[N+](=O)[O-],1.2074072360992432,1.2074072360992432,11.098274230957031
Cc1cc(CC(F)(F)Br)c(C)n1C,1.2073179483413696,1.2073179483413696,8.224785804748535
CC1=[N+]([O-])[N+]([O-])=C(c2ccccc2)/C1=N\Oc1cnccc1Cl,1.2072298526763916,1.2072298526763916,6.447368621826172
C[C@]1(O)CCCN(c2ccc3c(n2)=NC(=O)CN=3)CC1,1.2068926095962524,1.2068926095962524,1.1057143211364746
C[C@@H](C[S@@](C)=O)C(=O)C(F)(F)F,1.2066576480865479,1.2066576480865479,4.243122100830078
C=C[C](CC(=O)C12CCCN1CCC2)C(=O)c1cn(C)cn1,1.2065181732177734,1.2065181732177734,6.595200538635254
Cn1nc([N+](=O)[O-])c([N+](=O)[O-])c1C1(C)COC1,1.2063894271850586,1.2063894271850586,5.559691429138184
O=C1CC[C@@H]2CN(c3cc4c(nc3O)CCC4)CC[C@H]2N1,1.2062925100326538,1.2062925100326538,7.438225746154785
O=C1OCCN1c1cc(N2CCn3nccc3C2)c([N+](=O)[O-])[nH]1,1.2062267065048218,1.2062267065048218,4.122750282287598
O=Cc1ccc(F)c(C(=O)N=c2cc[nH]cc2)c1,1.20579195022583,1.20579195022583,3.027557373046875
CCCS(=O)(=O)CCC[C@H](C)O,1.2051396369934082,1.2051396369934082,12.912273406982422
O[C@H](CC(F)(F)F)C1OCCO1,1.2048938274383545,1.2048938274383545,8.048675537109375
Cc1nc(NC2=CC(=O)C(F)=CC2=O)oc1C,1.204653263092041,1.204653263092041,7.167605400085449
O[C@H]1CCCC[C@@H]1c1cncc(F)c1,1.2045069932937622,1.2045069932937622,0.9020105600357056
CC(C)C(=O)CN1CC[C@H](C)C1,1.2040672302246094,1.2040672302246094,5.7016472816467285
c1nn2c(c1OOc1cnn3c1OCCC3)OCCC2,1.2039000988006592,1.2039000988006592,25.006946563720703
COC1=CC(=O)C(C#CCc2cnn3c2OCCC3)=CC1=O,1.203735113143921,1.203735113143921,10.88218879699707
N#Cc1cnccc1[C@@H]1OC[C@@H]2CCC[C@@H]21,1.2027814388275146,1.2027814388275146,8.589275360107422
O=C(O)[C@H](CC1CCOCC1)N1CCn2nccc2C1,1.2027541399002075,1.2027541399002075,4.448970794677734
O=C1C=CC(=NOc2ccc3nccnc3c2)C=C1,1.2026329040527344,1.2026329040527344,5.596404075622559
CC1=NOC(=O)C1[C@H]1CCOC1(C)C,1.2026089429855347,1.2026089429855347,4.3757758140563965
Cn1nnc(-c2[nH]c(=S)nc3ccccc23)n1,1.2026020288467407,1.2026020288467407,2.211942672729492
N#Cc1ccc(Oc2ccc3c(c2)=NC(=O)N=3)nc1,1.2025060653686523,1.2025060653686523,5.430351734161377
C[C]1CN(c2cnon2)C[C@H]1N,1.2024022340774536,1.2024022340774536,5.879660606384277
C[C@@H]1CC[C@H](CCCC(=O)C(=O)O)C1,1.202078104019165,1.202078104019165,2.697957754135132
O=[N+]([O-])c1ccc(CCN2CC[C@H]([C]3CCOC3)C2)s1,1.201784372329712,1.201784372329712,12.704330444335938
CCCCC(=O)[C@@H](C)C[S@](C)=O,1.201622724533081,1.201622724533081,0.8129532337188721
O=C1CC(c2ccncc2)=NN1N1CCc2ccccc21,1.2012888193130493,1.2012888193130493,12.039990425109863
CC(C)(C)[C@H](Cc1ccc([N+](=O)[O-])s1)c1cc2n(n1)CCO2,1.200771450996399,1.200771450996399,3.1547858715057373
Cc1cc([C@@H]2CCNC2=O)c2ccccc2n1,1.2007406949996948,1.2007406949996948,1.0679913759231567
CONC(=O)c1cnc(Cl)cn1,1.2004718780517578,1.2004718780517578,6.068227291107178
Cc1cc(S(=O)(=O)CCc2ccc3c(c2)OCCO3)c([N+](=O)[O-])s1,1.2003300189971924,1.2003300189971924,12.267754554748535
CN1C[C@@H]2CN(CC[C@@H](O)Cc3ccc4c(c3)OCCO4)C[C@@H]2C1,1.200209140777588,1.200209140777588,5.280373573303223
C=C(Cl)COc1ccnc(O)n1,1.2001478672027588,1.2001478672027588,2.0026261806488037
CCC(C(=O)C(F)(F)F)[N+](=O)[O-],1.1998313665390015,1.1998313665390015,7.0082244873046875
Cc1onc(-c2c([N+](=O)[O-])ncn2C)c1N1C[C](O)[C@H](C)C1,1.1993540525436401,1.1993540525436401,3.6730120182037354
CC[C](Cn1nc([N+](=O)[O-])cc(C#N)c1=N)C(=O)O,1.1991267204284668,1.1991267204284668,3.7804489135742188
CC1CCN(C(=O)C2=NCCN2)CC1,1.1989362239837646,1.1989362239837646,6.4115519523620605
CCCC[C@@H](CC(=O)CC)C(=O)O,1.1986082792282104,1.1986082792282104,14.271084785461426
Cn1cnc(-c2nc3nonc3[nH]c2=O)c1,1.1984142065048218,1.1984142065048218,1.9706237316131592
N#Cc1ccc([C@@H]2CCCCO2)cc1Cl,1.1977887153625488,1.1977887153625488,9.091999053955078
CCC(n1c(Br)cnc1C)[N+](=O)[O-],1.1977648735046387,1.1977648735046387,3.352417469024658
Cn1cc(CCCF)c(O)nc1=O,1.1977063417434692,1.1977063417434692,10.828512191772461
CCC(C)(C)C(=O)c1ccccc1,1.1974464654922485,1.1974464654922485,4.720724582672119
O=C1C[C@@H](CC(O)Cc2ncccc2F)CCN1,1.197428822517395,1.197428822517395,7.4815497398376465
Cc1nnccc1C(=O)C1=CCCC1,1.1972991228103638,1.1972991228103638,61.283077239990234
O=C(C(=NO)C(=O)C(F)(F)F)c1ccc2ccccc2n1,1.1971100568771362,1.1971100568771362,0.7737456560134888
CN1C[C]2CN([C@@H]3CCN4CCC[C@@H]4C3)C[C@H]2C1,1.1970068216323853,1.1970068216323853,7.31330680847168
Cc1nc([N+](=O)[O-])c(S(=O)(=O)CCCc2cc3n(n2)CCO3)n1C,1.1964327096939087,1.1964327096939087,9.292349815368652
Cc1nc2ccc(-c3c(Br)cncc3[N+](=O)[O-])cc2nc1C,1.1960070133209229,1.1960070133209229,12.53001594543457
Cc1ccc2cc(C3CC(=O)C3)ccc2n1,1.1959117650985718,1.1959117650985718,0.7540172934532166
C[C@H]1CC(=NC(=O)c2nnc(Br)nn2)NO1,1.1958396434783936,1.1958396434783936,3.8645026683807373
Cn1nnc(C2(C#N)CCC2)n1,1.1956826448440552,1.1956826448440552,4.683242321014404
Cn1cnc([C@H](CO)CC(F)F)c1,1.1956754922866821,1.1956754922866821,5.1858344078063965
O=[N+]([O-])c1ccc(-c2ccc3nonc3c2[N+](=O)[O-])o1,1.194897174835205,1.194897174835205,5.613218784332275
O=[N+]([O-])c1nonc1N1CCC1,1.1948599815368652,1.1948599815368652,2.5031824111938477
O=S1(=O)CC[C@H](c2c(F)ccnc2F)C1,1.1946525573730469,1.1946525573730469,14.541483879089355
C(\CN1CCc2c[nH]nc2C1)=N/Nc1ccccc1,1.1946414709091187,1.1946414709091187,4.728289604187012
C=CC[C](CO)CCC1=CC(=O)C(C)=CC1=O,1.194480538368225,1.194480538368225,10.565414428710938
C[C]1CN(CCC(C)C)C[C@@H]1O,1.1944124698638916,1.1944124698638916,9.395573616027832
O=C1C=CC(=O)C(Oc2ccc([N+](=O)[O-])s2)=C1,1.1937497854232788,1.1937497854232788,13.00164794921875
CCC(c1cccc(C)n1)[N+](=O)[O-],1.1936800479888916,1.1936800479888916,4.6860671043396
C[C@H]1C(=O)NCCCN1c1ccc(C2(C#N)CCC2)cc1F,1.193339467048645,1.193339467048645,3.8739712238311768
CCCCC(=O)[C@@H]1CCS(=O)(=O)[C@@H]1C,1.1932772397994995,1.1932772397994995,0.309864342212677
C[C@@H]1OC(=O)N[C@@H]1C1(C#N)CCC1,1.1931531429290771,1.1931531429290771,1.3729311227798462
CCC(c1ccncc1Cl)[N+](=O)[O-],1.1930954456329346,1.1930954456329346,8.359216690063477
Cn1c(Cl)cnc1[C@@H](CO)CC(F)F,1.1929463148117065,1.1929463148117065,14.516730308532715
Cc1cc(N2CCC[C@@H](C#N)C2)n[nH]1,1.1922661066055298,1.1922661066055298,3.9332997798919678
C#Cc1ccc([C@H]2CCCC23OCCO3)nc1,1.1920368671417236,1.1920368671417236,20.54161262512207
C=C[C@@H](C(=O)O)c1nc2ncccn2n1,1.1918752193450928,1.1918752193450928,4.30737829208374
Cc1noc(C)c1CCS(=O)(=O)[C@@H]1[C@H]2CCO[C@@H]2C12CCC2,1.1916826963424683,1.1916826963424683,10.938669204711914
C[C@H](C(=O)C1(C#N)CCN(C)CC1)[C@H](C)C1(C#N)CCN(C)CC1,1.191577434539795,1.191577434539795,63.491920471191406
C#CC1(O)CN([C@H]2CC(=O)N(C)C2)C1,1.191240668296814,1.191240668296814,6.064642429351807
CC[C@@H](C)c1ccc2ccccc2n1,1.1912323236465454,1.1912323236465454,2.5105204582214355
Cc1csc(CC(C)C)c1C#N,1.1906574964523315,1.1906574964523315,0.8468588590621948
C1C[C@H]([C@@H]2[C]3COC[C@H]32)C2(C1)OCCO2,1.1905860900878906,1.1905860900878906,5.303995132446289
CC(=O)c1ccc2nc(C)ccc2c1,1.189911961555481,1.189911961555481,3.9284162521362305
CN1CC[C@@H]2[C@H](CCCN2c2nc(O)c([N+](=O)[O-])cc2Br)C1,1.1896679401397705,1.1896679401397705,4.281644821166992
CC[C@@H](C#N)c1ccccc1Cl,1.1895527839660645,1.1895527839660645,5.381235599517822
NC1(CCCc2cc(Br)cnc2[N+](=O)[O-])CCCCC1,1.18937349319458,1.18937349319458,5.0946197509765625
CC(=O)CN1CCOCC[C@@H]1C,1.188791036605835,1.188791036605835,4.7727155685424805
O=C1NCCCC[C@H]1c1cncc(F)c1,1.1887904405593872,1.1887904405593872,2.4126880168914795
O=C1NCCCC[C@@H]1c1c(F)ccnc1F,1.1887643337249756,1.1887643337249756,12.889768600463867
Cc1cc(C#N)cnc1[C@H]1CC(=O)N(C)C1,1.1886510848999023,1.1886510848999023,1.818600058555603
Cc1cnc(-c2ccnn2C)o1,1.188424825668335,1.188424825668335,11.91784381866455
CN1C(=O)SC(C2OCCO2)C1=O,1.1877306699752808,1.1877306699752808,6.543277740478516
C[C](O)CCC[C](C)C[C@H]1COCO1,1.187716007232666,1.187716007232666,0.3167394697666168
CC(C)C[C@H](CN)N1CC[C@H]([C@@H]2CCOC2)C1,1.1875087022781372,1.1875087022781372,11.765060424804688
C[C@@H]1CCCN(n2ccnn2)C1,1.1874865293502808,1.1874865293502808,2.2858307361602783
CC[C@@H](C)CCCC(=O)C(=O)O,1.1874579191207886,1.1874579191207886,2.257412910461426
N#Cc1ccc(CC(O)CCCc2cnn3c2OCCC3)cc1Cl,1.1874250173568726,1.1874250173568726,15.87998104095459
CC(=O)Cc1cnc([C@@H]2CCCO2)c(C#N)n1,1.187226414680481,1.187226414680481,0.5777845978736877
CCS(=O)(=O)C[C@H](C)n1cnn2c([N+](=O)[O-])nnc12,1.1869597434997559,1.1869597434997559,8.645111083984375
C[C](O)CC[C@H](CO)CC(F)F,1.186692476272583,1.186692476272583,6.8707756996154785
CCC(=O)[C@@H](C)c1cnc(Cl)cn1,1.186457872390747,1.186457872390747,8.172651290893555
C#CCCCc1nc(C)n(C)n1,1.185479760169983,1.185479760169983,4.243464469909668
Cn1cnc(-c2nc[nH]c2-c2ccccc2)c1,1.1850719451904297,1.1850719451904297,5.249316692352295
Cc1ncccc1-c1ccc(N)nc1,1.1837941408157349,1.1837941408157349,7.298303604125977
C=CCCC(=O)CCC[C@@H](C)O,1.1837769746780396,1.1837769746780396,7.1291632652282715
OC[C@@H](CC(F)F)N1CCCCC1,1.1835099458694458,1.1835099458694458,5.450019359588623
Cn1nccc1-n1nc(C#N)c(=O)[nH]c1=O,1.1830885410308838,1.1830885410308838,7.202286720275879
C[C@@H]1CCCCN1c1nnc2nc(O)nc(O)c2n1,1.1825257539749146,1.1825257539749146,4.983780384063721
CC(C)[C@H](C(=O)C1(C#N)CCC1)c1cnc(Cl)cn1,1.1821762323379517,1.1821762323379517,6.087131023406982
Cc1nnc(N2C(=O)c3nccnc3[C@H]2N)s1,1.181512475013733,1.181512475013733,8.544966697692871
O=C1CC[C@H](c2ccc3ccccc3n2)C1,1.1814953088760376,1.1814953088760376,0.37320709228515625
C=CC[C@H](CO)CC(C(=O)O)N1C[C@H]2CNC[C@H]2C1,1.1814488172531128,1.1814488172531128,1.669128179550171
Cc1nnc(O)c(N2CC[C@@H]2C(=O)C2=NCCN2)c1C,1.1813430786132812,1.1813430786132812,4.193827152252197
CCS(=O)(=O)C[C@H](C)N1CCc2c[nH]nc2C1,1.1812115907669067,1.1812115907669067,5.819014072418213
Cc1nnccc1[C@H](C(=O)O)[C@@H](C)O,1.1809498071670532,1.1809498071670532,7.7802910804748535
C#Cc1cncc(-c2ncccc2F)c1,1.180574893951416,1.180574893951416,8.09866714477539
O=c1cnnc(S)n1N=Cc1cn(-c2cnn3c2OCCC3)nn1,1.1804542541503906,1.1804542541503906,20.363719940185547
O=C(/C=C/[N+](=O)[O-])c1cc([N+](=O)[O-])no1,1.180382251739502,1.180382251739502,2.073559284210205
Cn1c(-n2ncc(-c3cncc(O)c3)n2)nnc1[N+](=O)[O-],1.180319905281067,1.180319905281067,0.9496912956237793
C[C@H](O)C[C@@H](C)C1(C)OCCO1,1.1796222925186157,1.1796222925186157,6.5354743003845215
C[C@@H](O)c1ccc(C#N)c(Cl)c1,1.1793062686920166,1.1793062686920166,8.265231132507324
Cc1ncc(Br)n1[C](Cc1cn2c(n1)CCCC2)C(C)C,1.1790707111358643,1.1790707111358643,5.411116600036621
C=C(CC)CCCC[C@@H](C)CC,1.17905855178833,1.17905855178833,12.256593704223633
CC[C@@H](C)N(OC)C(=O)[C@H]1C[C@H]1c1cccc(C)n1,1.1790037155151367,1.1790037155151367,8.705961227416992
CCC(=O)CN1CCNC(=O)[C@@H]1C,1.1784707307815552,1.1784707307815552,7.944813251495361
Oc1cccnc1[C@H]1CCNC12CCC2,1.178407907485962,1.178407907485962,11.033702850341797
CC[C@H](C(=O)O)N1CCNC(=O)[C@@H]1C,1.1778699159622192,1.1778699159622192,5.1934814453125
C[C@H]1CCN(CC(=O)/C=C/[N+](=O)[O-])C1,1.1777466535568237,1.1777466535568237,6.041914463043213
O=[N+]([O-])c1cc(-c2nnc(O)[nH]2)on1,1.1776525974273682,1.1776525974273682,0.24707548320293427
CC(C)C[C@H](CN)C(C)(C)C[C@H](C)[C@H]1CCCS1(=O)=O,1.1772137880325317,1.1772137880325317,4.562257766723633
O=C1CC([C@@H]2[C]3CCO[C@@H]3C23CCC3)C1,1.1768813133239746,1.1768813133239746,2.4829089641571045
CC(C)C[C@H](CN)[C@@H]1[C]2CCO[C@@H]2C12CCC2,1.1767020225524902,1.1767020225524902,1.0726910829544067
Cc1cc(C=Nn2c(S)nnc2-c2ncccc2F)ncn1,1.176585078239441,1.176585078239441,7.080383777618408
Cc1nn(CC(=O)N=S)cc1[N+](=O)[O-],1.1756432056427002,1.1756432056427002,5.939410209655762
CC[C@@H](C#N)c1cc2n(n1)CCO2,1.1753758192062378,1.1753758192062378,10.814477920532227
Cn1cnc([N+](=O)[O-])c1CCC(=O)c1ccc(C(N)=S)cc1,1.175121784210205,1.175121784210205,7.518779277801514
C[C@H]1COCCN(N2CCCC23CN(N2CCCC[C@H]2C)C3)C1,1.1750080585479736,1.1750080585479736,4.8213982582092285
CN1CCC[C@@H]1c1nc(Cl)cs1,1.174663782119751,1.174663782119751,5.095856666564941
C[C]1CN(n2cc([C@@H]3OC[C]4CCC[C@@H]43)nn2)CCN1,1.1746410131454468,1.1746410131454468,1.129711389541626
Cn1nc2c(c1C[C](C#N)c1cnn3c1OCCC3)CCCC2,1.1745750904083252,1.1745750904083252,14.952314376831055
CCCS(=O)(=O)[C@H]1[C@@H]2COC[C@@H]21,1.1744797229766846,1.1744797229766846,2.3939054012298584
C[C@H](O)C[C@@H](C)c1ncccc1O,1.1731414794921875,1.1731414794921875,7.94110107421875
O=C(/C=C/[N+](=O)[O-])c1ncccc1F,1.1729836463928223,1.1729836463928223,6.47233772277832
C[C@H]1CN(N2CCCC2=O)CCN1,1.1720534563064575,1.1720534563064575,4.558073043823242
c1ccc(-c2noc3c2CCCC3)nc1,1.171670913696289,1.171670913696289,0.3741329610347748
O=S(=O)(CCc1cnn2c1OCCC2)C1CC1,1.1715940237045288,1.1715940237045288,6.636106014251709
N#CCc1cc2cccnc2s1,1.1715093851089478,1.1715093851089478,4.657041549682617
N#CCCCCc1ccc2c(n1)=NC(=O)CN=2,1.1713522672653198,1.1713522672653198,9.275138854980469
CC(C)[C@@H](C(N)=O)c1cc(Br)cnc1[N+](=O)[O-],1.1712520122528076,1.1712520122528076,4.495215892791748
O=C1C=CC(=O)C(CCCc2c(F)ccnc2F)=C1,1.1708844900131226,1.1708844900131226,12.37967300415039
FC1(F)C[C@H]1c1ccc2nonc2c1,1.1706451177597046,1.1706451177597046,0.6669387221336365
C[C@@H](CC(=O)O)N1C[C](c2cnon2)[C@H](O)C1,1.1705236434936523,1.1705236434936523,5.047572135925293
C[C@H]1OC(=O)N[C@@H]1N1CCCOC[C@@H]1C,1.170448660850525,1.170448660850525,10.2880220413208
CC1(C)C[C@@H]([C@@H]2CSCC(=O)N2)C(C)(C)O1,1.1703474521636963,1.1703474521636963,5.030595302581787
O=C1N=c2cccc(-c3cnn4c3OCCC4)c2=N1,1.170285940170288,1.170285940170288,18.20977783203125
CC[C@@H](C)C(=O)C1(C#N)CCC1,1.1702779531478882,1.1702779531478882,5.079920768737793
NC(=O)CCCC[C](O)C(=O)O,1.1700061559677124,1.1700061559677124,1.5132431983947754
Cn1nc([N+](=O)[O-])n(O[C@@H]2[C]3CCO[C@@H]3C23CCC3)c1=O,1.1697320938110352,1.1697320938110352,12.569830894470215
CC(C)CCc1ncccc1O,1.1696895360946655,1.1696895360946655,4.290787696838379
C[C@H](CN1CCC2(CCN([C@@H](CO)CC(F)F)C2)C1)C(=O)O,1.1692891120910645,1.1692891120910645,4.347707748413086
O=Cc1cnc(-c2cnc3ncc(Br)cc3c2)c(Br)c1,1.1690908670425415,1.1690908670425415,5.878764629364014
CCCN1[C@@H]2CCC[C@H]1CN(CCCN1CCC[C@@](C)(O)CC1)C2,1.1687644720077515,1.1687644720077515,6.8548970222473145
CC[C@H](C)C(=O)C1(C#N)CCC1,1.168715476989746,1.168715476989746,9.796886444091797
CC[C@@H](C)CC[C@@H](C)C[S@@](C)=O,1.1686018705368042,1.1686018705368042,0.33333316445350647
CC1(C)OCC[C@H]1c1cnon1,1.1684483289718628,1.1684483289718628,13.044119834899902
Cc1nn(-c2ccsc2)nc1[C@@H]1CC(C)(C)CO1,1.1682870388031006,1.1682870388031006,2.935652256011963
CC(C)(CCN1CCOC[C@H]1c1cnc(N)cn1)S(C)(=O)=O,1.1668660640716553,1.1668660640716553,6.119541168212891
Cc1ccnc2ccc(C(=O)[C](O)CN3CCOC[C@@H](C)C3)cc12,1.1668624877929688,1.1668624877929688,0.877223551273346
CC1=CC(=O)C(C[C@H](C)c2cncc(F)c2)=CC1=O,1.1666532754898071,1.1666532754898071,1.0466641187667847
CC(Cc1ccccc1O)C(C)CS(=O)(=O)c1cnccn1,1.166558861732483,1.166558861732483,0.6021597981452942
Cc1nnc([C@H]2CCCNC2)n1C,1.1658470630645752,1.1658470630645752,3.6346771717071533
O=[N+]([O-])c1cc([C@H]2CCCC[C@@H]2O)no1,1.165494680404663,1.165494680404663,3.562692880630493
CC[C@](C)(C#N)N1C[C](O)[C@@H](O)C1,1.165442943572998,1.165442943572998,5.258185863494873
Cc1nn([C@H]2CC(C)(C)CO2)nc1-c1ccc([N+](=O)[O-])s1,1.1652549505233765,1.1652549505233765,1.5244203805923462
O=C1C=CC(CCCN2C[C]3CCC[C@@H](C3)C2)=CC1=O,1.1640371084213257,1.1640371084213257,9.73952579498291
Cc1cccc(N2CCCO[C@H]([C]3C[C@@H](C)O[C@@H]3C)C2)n1,1.1637567281723022,1.1637567281723022,7.349289894104004
CCC(=O)c1ccnc(C#N)n1,1.1634958982467651,1.1634958982467651,0.8559577465057373
C[C]1CN([C@H]2C[C@H](N)C2)C[C@H]1O,1.1633988618850708,1.1633988618850708,3.846618413925171
Nc1cnc(Cc2ncc(C=O)cc2Br)cn1,1.1633909940719604,1.1633909940719604,0.580216646194458
Cn1ncc(-c2nc(Cl)cs2)n1,1.163388967514038,1.163388967514038,11.221809387207031
CC[C@H](C(=O)[C@H](CN)CC(C)C)c1cn2c(n1)CCCC2,1.1633174419403076,1.1633174419403076,0.07936878502368927
N[C@]1C[C@H](c2ccc([N+](=O)[O-])s2)C1,1.1626372337341309,1.1626372337341309,9.68666934967041
Cn1cnc([C@H]2CCCSC2)c1,1.1621147394180298,1.1621147394180298,1.0606979131698608
Cc1nc([C@H]2CCC(=O)C2)oc1C,1.1618013381958008,1.1618013381958008,8.320088386535645
Cc1nonc1CCS(=O)(=O)C1CC1,1.161733865737915,1.161733865737915,0.03992411121726036
C[C@@H]1CN(CCc2nnco2)C[C@@]1(C)c1ccc(S(C)(=O)=O)s1,1.1611524820327759,1.1611524820327759,10.772622108459473
CN1CC[C@H]1c1ccc([N+](=O)[O-])s1,1.1611273288726807,1.1611273288726807,17.84300422668457
Cc1c([N+](=O)[O-])cc(N2CCOC[C@H](C)C2)c([N+](=O)[O-])c1[N+](=O)[O-],1.161068081855774,1.161068081855774,0.7092464566230774
C[C@@H](CC(=O)O)[C@@H]1CCCSC1,1.1609151363372803,1.1609151363372803,4.731785774230957
N#Cc1cc(-c2cc(=O)cc[nH]2)ncn1,1.160892367362976,1.160892367362976,4.727762699127197
CC(C)(C)CC(=O)CCCC#N,1.1605077981948853,1.1605077981948853,9.23532772064209
CCC(=O)[C@@H](C)c1ccc(C#N)cn1,1.1602545976638794,1.1602545976638794,1.205883264541626
C[C@](C#N)(c1cc2n(n1)CCO2)[C@@H]1CC(C(N)=O)=NO1,1.1602072715759277,1.1602072715759277,7.283222675323486
O=[N+]([O-])c1ncc([C@@H]2CCCSC2)s1,1.1596283912658691,1.1596283912658691,6.453399658203125
Cc1nc([C@@H]2C[C@@H]2CCN2CCO[C@@H](C)C2)oc1C,1.1591510772705078,1.1591510772705078,21.80677604675293
C1C[C@H]2C[C@H]([C@@H]3[C]4CCO[C@@H]4C34CCC4)CCN2C1,1.158166766166687,1.158166766166687,3.738821268081665
CS(=O)(=O)c1ccc(C(=O)O)s1,1.157814383506775,1.157814383506775,10.426397323608398
CC[C@@H](C)CCc1nnc(O)o1,1.1574934720993042,1.1574934720993042,5.051721096038818
CC1=C(C)C(=O)C(C[C@H](C)CF)=CC1=O,1.1571561098098755,1.1571561098098755,6.995181083679199
c1nn2c(c1C1(c3cnn4c3OCCC4)CCC1)OCCC2,1.1562561988830566,1.1562561988830566,30.312477111816406
Cc1nnccc1[C@H]1CCOC1,1.1559712886810303,1.1559712886810303,7.10288667678833
CON(C(=O)N1C[C@@H](C)[C@H](N)C1)C1CCCC1,1.1554492712020874,1.1554492712020874,2.7429256439208984
C[C@@H]1CC[C@H](C(=O)[C]2CSc3ccccc32)C1,1.155342698097229,1.155342698097229,2.083456039428711
CN1CCC[C](c2cn(-c3c([N+](=O)[O-])ncn3C)cn2)C1,1.1547601222991943,1.1547601222991943,11.240863800048828
C[C@@H](O)[C@@H](C(=O)O)c1cc2n(n1)CCO2,1.1544439792633057,1.1544439792633057,10.96877670288086
CS(=O)(=O)c1ccc(-c2ccc(=O)[nH]n2)o1,1.154250979423523,1.154250979423523,3.2560806274414062
C[C](C(=O)CC(=O)C(C)C)[C@@H](C)c1cc(F)c(C#N)c(F)c1,1.153788685798645,1.153788685798645,5.168274879455566
CCC(=O)Cc1cc(C=O)ccc1F,1.153584599494934,1.153584599494934,3.876905918121338
Cc1cnc(-n2nc(C#N)c(=O)[nH]c2=O)o1,1.1534134149551392,1.1534134149551392,6.741068363189697
CN1CCC(C#N)(c2ccc(/C=C/[N+](=O)[O-])c([N+](=O)[O-])c2)CC1,1.1530710458755493,1.1530710458755493,11.348864555358887
O=C1NCCCC[C@H]1c1cccc([N+](=O)[O-])c1,1.1530433893203735,1.1530433893203735,0.26504403352737427
CC1=C(C(=O)C(=O)O)[C@H]([C@@H]2[C]3COC[C@H]32)NC(=S)N1,1.1528197526931763,1.1528197526931763,5.039883136749268
O=S(=O)(O)c1ccc([C@@H]2CCCNCC2)o1,1.1523463726043701,1.1523463726043701,2.682676315307617
C[C](CC1(CCN)CC1)c1snc2c(Cl)ncnc12,1.1519105434417725,1.1519105434417725,0.9592158794403076
Cc1ncc(Br)n1-c1cc(Cl)no1,1.151432752609253,1.151432752609253,10.573622703552246
Fc1ccc([C@@H]2CCCNCC2)nc1,1.151221513748169,1.151221513748169,1.1043599843978882
Fc1ccc([C@H]2CCN3CCC[C@H]3C2)cn1,1.1508305072784424,1.1508305072784424,0.6010714769363403
Cc1cc(C)c(-c2scnc2C)c(CC(=O)N2CCCO2)n1,1.1506680250167847,1.1506680250167847,6.016760349273682
CC1=NNC(=O)[C@@H]1CCc1ccccc1C,1.1503326892852783,1.1503326892852783,8.282276153564453
Cc1cc([C@H](CO)[C@H](CO)CC(F)F)c(C)n1C,1.1502774953842163,1.1502774953842163,2.5637097358703613
C[C@H]1CN(c2nnc(O)o2)C[C@@H]1O,1.1502214670181274,1.1502214670181274,3.354259729385376
C[C@H](c1nccc2cccnc12)N1CCC[C@@](C)(O)CC1,1.1501384973526,1.1501384973526,4.439859867095947
C=C[C@@H](C(=O)O)[C@H](CC)Cc1cnn(C)c1Cl,1.1500555276870728,1.1500555276870728,2.466312885284424
Cc1cccc(N2CC[C@](C)([C@H]3CNOC3)C2)n1,1.1499948501586914,1.1499948501586914,5.65200138092041
Cc1nccc(N2CCOC3(C2)CN(c2cc4n(n2)CCO4)C3)n1,1.1498970985412598,1.1498970985412598,3.5384514331817627
c1ccc2c(c1)CCN2c1scnc1-c1ccc2c(c1)OCCO2,1.1496765613555908,1.1496765613555908,15.829874992370605
Cc1cnc(-c2ccoc2[C@H]2CCNC2=O)o1,1.149653434753418,1.149653434753418,2.9230406284332275
N#Cc1ccc(C2CSC2)c([N+](=O)[O-])c1,1.1495115756988525,1.1495115756988525,4.348495960235596
Cn1nc(-n2cc(C=Nn3c(S)nncc3=O)cn2)nc1[N+](=O)[O-],1.1488587856292725,1.1488587856292725,1.5804297924041748
Cc1cnc(-c2snnc2C)o1,1.1482106447219849,1.1482106447219849,2.590109348297119
Nc1cnc(CC(F)(F)F)cn1,1.1482017040252686,1.1482017040252686,2.9299211502075195
C[C@@H]1OC(=O)N[C@H]1c1cnn2c1OCCC2,1.1480315923690796,1.1480315923690796,7.3236823081970215
CC[C@H](C(N)=O)C(=O)C(F)(F)F,1.1474692821502686,1.1474692821502686,1.5163230895996094
N#Cc1ccc(S(=O)(=O)n2cnc(C#N)cc2=O)cn1,1.1473300457000732,1.1473300457000732,0.6185445189476013
C=CC[C](CO)Cc1ccc(C)c([C]2CCCC[C@@H]2O)c1,1.1470800638198853,1.1470800638198853,0.6595666408538818
Cc1cc(N2CC[C@@]3(CCOC3=O)C2)cc2c1=NC(=O)C=2,1.1468883752822876,1.1468883752822876,4.5840044021606445
C=C(CC)CCC([C]1COCCO1)c1ncccn1,1.146398663520813,1.146398663520813,0.8985882997512817
CC[C@H](CC(C)=O)NCNCC#N,1.1460530757904053,1.1460530757904053,4.909406661987305
O=[N+]([O-])c1c(Cl)nc(Cl)nc1[C@@H]1[C]2CCO[C@@H]2C12CCC2,1.1454336643218994,1.1454336643218994,7.7452778816223145
CC[C@H](NC(=S)NCC(C)=O)C(=O)O,1.1452735662460327,1.1452735662460327,6.6475114822387695
Cc1cc(O)nc2cc(COc3ccc(C#N)c(Cl)c3)ccc12,1.1439812183380127,1.1439812183380127,7.26558780670166
Cc1nn(CC(O)Cc2ccc([N+](=O)[O-])s2)c([N+](=O)[O-])c1[N+](=O)[O-],1.1438648700714111,1.1438648700714111,9.32150936126709
N#Cc1nccc([C@H]2CCCN2C=O)n1,1.1432234048843384,1.1432234048843384,5.983155727386475
C#CC(=O)c1c(F)ccnc1F,1.142980933189392,1.142980933189392,4.991406440734863
CC1=C(C(=O)C(=O)O)[C@H](C2(C)CC2)NC(=S)N1,1.142918586730957,1.142918586730957,3.3271102905273438
O=C1[C@H](CCCCO)CCCN1c1c([N+](=O)[O-])no[n+]1[O-],1.1427109241485596,1.1427109241485596,4.570795059204102
O=C1CC[C@@H](c2cnn3c2OCCC3)N1,1.142255425453186,1.142255425453186,2.048126697540283
C[C@@H]1C(=O)NCCCN1C1(C)CCC1,1.1421552896499634,1.1421552896499634,6.137950897216797
CC1=CC(=O)C(CCCc2scc(C)c2C#N)=CC1=O,1.1417176723480225,1.1417176723480225,2.126030921936035
O[C@H]1CCCN(OC(F)(F)F)CC1,1.1416178941726685,1.1416178941726685,0.2598252594470978
CC(C)(CC1(C#N)CC1)[N+](=O)[O-],1.1413453817367554,1.1413453817367554,10.35280704498291
Cc1c(-c2ccc(C#N)c(N3CCOC3=O)c2)csc1[C@H](C)O,1.1402517557144165,1.1402517557144165,8.207332611083984
CC(C)CC[C@H](CCCC(C)(C)c1cnc2nonc2n1)C(N)=O,1.1401827335357666,1.1401827335357666,1.7399641275405884
CC[C](C[C@@H]1C[C@]1(C)CC(C)([N+](=O)[O-])[N+](=O)[O-])C(=O)O,1.1393911838531494,1.1393911838531494,0.4411497116088867
NS(=O)(=O)CCCC1C(=O)Nc2ccc(F)cc21,1.138690710067749,1.138690710067749,4.476983547210693
Cn1cnc([N+](=O)[O-])c1C1CCC(O)CC1,1.1384286880493164,1.1384286880493164,8.229750633239746
Cn1cnc([N+](=O)[O-])c1[C@@H]1COC[C@@H]1O,1.1383883953094482,1.1383883953094482,10.159205436706543
CS(=O)(=O)CCc1ccc(C#N)cn1,1.138099193572998,1.138099193572998,6.388947486877441
CC(C)C[C@@H](CC(=O)O)CC(=O)N=C1C[C@H](C)ON1,1.138013482093811,1.138013482093811,1.2949930429458618
CC1=C(C)C(=O)C(Cn2ccc(=O)c([N+](=O)[O-])c2)=CC1=O,1.1379228830337524,1.1379228830337524,8.733290672302246
O=C(N=c1cc[nH]cc1)c1c(Br)cncc1[N+](=O)[O-],1.1377966403961182,1.1377966403961182,10.241876602172852
CC(=O)[C@H](C)CCc1cccnn1,1.1370563507080078,1.1370563507080078,6.785558700561523
N#CCC1C(O)=Nc2ccc([N+](=O)[O-])cc21,1.1362576484680176,1.1362576484680176,4.389357566833496
CC(C)(C)CC(=O)CC1C(=O)Nc2ccc(F)cc21,1.135979175567627,1.135979175567627,0.4332214593887329
CN1CC(=O)N(c2ccc3c(n2)=NC(=O)CN=3)C1=O,1.135901689529419,1.135901689529419,1.1108731031417847
c1cc(-c2cnn3c2OCCC3)c([C@H]2CCCC23OCCO3)o1,1.1352739334106445,1.1352739334106445,2.1571669578552246
Cc1ccc(-c2ccc(Cl)s2)o1,1.1346802711486816,1.1346802711486816,5.344042778015137
Cc1nc(=NC(=O)Cc2cnn3c2OCCC3)n(C)[nH]1,1.134512186050415,1.134512186050415,23.348251342773438
N#Cc1cnccc1[C@@H]1CCN2CCC[C@@H]2C1,1.1340583562850952,1.1340583562850952,6.407015323638916
CCC(C)(C)C(=O)[C@@H](C[C@@H](C)CC(=O)N1CCC[C@@H](C)C1)C(C)C,1.1331385374069214,1.1331385374069214,4.160866737365723
NC(=O)CCC[C@H]1CCS(=O)(=O)C1,1.1329150199890137,1.1329150199890137,2.3746025562286377
N#Cc1ccc([C@H]2CC(F)(F)CN2c2cnn3c2OCCC3)o1,1.132912278175354,1.132912278175354,13.154998779296875
O=C1CCC(C(=O)c2cn(-c3ncccn3)cn2)=NN1,1.1328119039535522,1.1328119039535522,0.8658068180084229
Cc1cc(S(=O)(=O)C2(C#N)CC2)c([N+](=O)[O-])s1,1.1327989101409912,1.1327989101409912,6.104576110839844
CCC(=O)[C@@H](C)c1ccccc1F,1.1327078342437744,1.1327078342437744,9.162220001220703
C=C(C)[C@H](C)[C@@H]1CCCCNC1=O,1.132359504699707,1.132359504699707,7.315028190612793
C=CC[C](CO)CON1CC[C@H]([C]2CCOC2)C1,1.1323057413101196,1.1323057413101196,11.020832061767578
Cc1nonc1-n1cc(Cl)cn1,1.1318318843841553,1.1318318843841553,14.385639190673828
C=CC[C](CO)Cc1ccc2c(c1)=NC(=O)C=2,1.131585717201233,1.131585717201233,7.199975490570068
O=S(=O)(O)/N=N/c1ccc(C2(O)COC2)cc1,1.1309133768081665,1.1309133768081665,9.528812408447266
CC(C)(C(=O)C1=NNC(=O)CC1)C(=O)[C@H]1COCCO1,1.1308987140655518,1.1308987140655518,3.7906765937805176
Cc1cncc([C@@H](C)C[C@@H](C)C(=O)CCc2cc3n(n2)CCO3)c1,1.1303855180740356,1.1303855180740356,8.563005447387695
CS(=O)(=O)c1ccc(N2CCOC[C@H]2c2c(F)ccnc2F)s1,1.130367398262024,1.130367398262024,11.777031898498535
CC[C@](C)(C#N)c1ncc(C)o1,1.129348635673523,1.129348635673523,10.566450119018555
Clc1ccc([C@H]2CC23CCC3)s1,1.1286743879318237,1.1286743879318237,10.173768043518066
Cn1ncc(-c2cc3c(nc2O)CCC3)c1[N+](=O)[O-],1.1283856630325317,1.1283856630325317,6.810312747955322
CC1CCN(N2C[C]3CNC[C@H]3C2)CC1,1.127883791923523,1.127883791923523,9.773905754089355
Cn1ncc(-c2ccc([N+](=O)[O-])o2)c1-c1ccc2c(c1)OCCO2,1.1275655031204224,1.1275655031204224,8.986973762512207
FC(F)Cc1cn2c(n1)CCCC2,1.1274845600128174,1.1274845600128174,1.344262719154358
Fc1ccc([C@@H]2[C]3Cc4ccccc4[C@@H]32)cc1,1.1274174451828003,1.1274174451828003,1.0807230472564697
CC(C)C[C@H](CN)[C@H](C[C@@H]1COC[C@@H]1O)C(=O)O,1.1272944211959839,1.1272944211959839,5.315762519836426
CC1=C(C(=O)C(=O)O)[C@@H](N2CCCC2=O)NC(=S)N1,1.1268805265426636,1.1268805265426636,5.945704460144043
Brc1nnc([C@@H]2CCN3CCC[C@@H]3C2)nn1,1.1264060735702515,1.1264060735702515,0.49305713176727295
Cn1c(CCCc2cccc3nccnc23)nnc1[N+](=O)[O-],1.1262261867523193,1.1262261867523193,4.454619407653809
Cc1cnc(-c2nc3ccccc3[nH]2)o1,1.1259509325027466,1.1259509325027466,1.2735717296600342
C#CCCCC[C@@H]1CCCCC1=O,1.1257129907608032,1.1257129907608032,4.255270481109619
C[C@H](CO)c1ccc(C#N)cn1,1.1255172491073608,1.1255172491073608,2.495326280593872
Cc1ccc(C(=O)/C(=N\C(=O)C(F)(F)F)C(F)(F)F)cc1F,1.1255087852478027,1.1255087852478027,2.241164445877075
CC1CCN(C[C@H](C(C)C)[C@@H]2CCN3CCC[C@@H]3C2)CC1,1.1249715089797974,1.1249715089797974,4.0772199630737305
O=[N+]([O-])c1ccc(S(=O)(=O)c2ccncc2Cl)c([N+](=O)[O-])c1,1.1247395277023315,1.1247395277023315,4.484784126281738
C[C](O)CC(=O)N1CCN(C)C[C@H]1c1c([N+](=O)[O-])ncn1C,1.1246620416641235,1.1246620416641235,5.750481605529785
CN1CCC[C@H]([C@](C)(C#N)N2CC[C@H]([C@@H]3CCOC3)C2)C1,1.1240843534469604,1.1240843534469604,2.1528728008270264
O=c1nc(-n2cc(Cl)cn2)[nH]o1,1.1240015029907227,1.1240015029907227,0.6233677268028259
Cc1noc(C)c1-c1nnn(C)n1,1.1239135265350342,1.1239135265350342,13.532920837402344
CNc1nc(CC(C)=O)nnc1Cl,1.123299479484558,1.123299479484558,3.1544647216796875
C/C(=C/[N+](=O)[O-])C(=O)CCCCC#N,1.1227988004684448,1.1227988004684448,9.182838439941406
Nc1nnc([C@@H]2COC[C@@H]2O)s1,1.1227574348449707,1.1227574348449707,5.50609016418457
C[C@H]1CNCCN1N1CC[C@H]2OCCN(CCN)[C@@H]2C1,1.1225875616073608,1.1225875616073608,3.2226877212524414
Cc1ccc2cc(-c3cc4nccnc4cc3F)ccc2n1,1.1223005056381226,1.1223005056381226,4.335696697235107
CON(C)CCCc1nnc[nH]1,1.1222436428070068,1.1222436428070068,5.709763050079346
Cc1nonc1[C@@H](CF)C(=O)O,1.1216657161712646,1.1216657161712646,2.5266542434692383
O=C1C[C@@H](C2OCCO2)CCN1,1.1214653253555298,1.1214653253555298,7.896312713623047
CN1CCC(C#N)(C(N)=O)CC1,1.1211256980895996,1.1211256980895996,1.7230725288391113
Cc1cncc(-n2cnnc2[C]2CCNC23CCC3)c1,1.1200309991836548,1.1200309991836548,6.99600076675415
CCCC[C@@H](CCC)C(=O)O,1.1193370819091797,1.1193370819091797,5.234923839569092
CC[C@@](C)(C#N)C(C(=O)O)c1nonc1C,1.1190623044967651,1.1190623044967651,3.276122808456421
Cc1nc([C@@H]2CCCN(c3n[nH]c([N+](=O)[O-])n3)C2)oc1C,1.1188194751739502,1.1188194751739502,5.258094310760498
O=C1N=c2cccc([C@@H]3CCCCNC3=O)c2=N1,1.1186622381210327,1.1186622381210327,8.08688735961914
Cc1ncccc1[C@H]1CCCSC1,1.1186491250991821,1.1186491250991821,1.331169605255127
Cn1ncc(-c2cc(Cl)no2)c1Cl,1.118573546409607,1.118573546409607,8.748047828674316
C=C(Cl)CN1C[C@H](O)[C@@H](O)C1,1.1184227466583252,1.1184227466583252,10.487115859985352
CC1=C(C)C(=O)C(Cc2nnn(C)n2)=CC1=O,1.118039846420288,1.118039846420288,10.862029075622559
O=[N+]([O-])c1ccc(OOc2cnn3c2OCCC3)o1,1.1179404258728027,1.1179404258728027,24.088043212890625
CC(C)[C@H](Cn1cnc(C#N)cc1=O)[C@@H]1C[C@@H](C)O[C@H]1C,1.1177222728729248,1.1177222728729248,10.471556663513184
CC[C@H](CO)N1CCOC1=O,1.117217779159546,1.117217779159546,2.1231815814971924
c1ccc([C@H]2[C@@H]3COC[C@@H]32)cc1,1.1168521642684937,1.1168521642684937,5.5254435539245605
O=[N+]([O-])c1cnc(CC(O)CCC[C@@H]2CCCNC2)nc1,1.1165741682052612,1.1165741682052612,3.7236692905426025
O=C1N=c2cccc([C@H]3CCNC34CCC4)c2=N1,1.1163030862808228,1.1163030862808228,3.349642515182495
O=C1C(=O)N(C(=O)[C@H]2CCCC23OCCO3)c2ccccc21,1.1157740354537964,1.1157740354537964,4.781430244445801
Cc1nc(C[C](N)[C@@H]2C(=O)NCC[C@H]2C)oc1C,1.1142288446426392,1.1142288446426392,4.98226261138916
CCCCCC(C)(C)C(=O)CCCCc1c(Br)cncc1[N+](=O)[O-],1.114030361175537,1.114030361175537,7.419780254364014
CC[C](C)CC[C@@H](CN)CC(C)C,1.1139930486679077,1.1139930486679077,2.104995012283325
CCC(=O)C(=O)/C(=N/Nc1ccc(F)cc1)C(=O)C#N,1.1137553453445435,1.1137553453445435,6.258321285247803
O=C(c1ccoc1)C(F)(F)F,1.112776756286621,1.112776756286621,6.638053894042969
N#CCc1c(F)ccnc1F,1.1126954555511475,1.1126954555511475,0.5887155532836914
Cc1cc(C#N)cnc1NC(=S)NN1CCC(=O)CC1,1.1122119426727295,1.1122119426727295,2.284766435623169
C=C(C)[C@H](C)[C@@H](CC)C(C)=O,1.111865520477295,1.111865520477295,4.53457498550415
O=[N+]([O-])c1nonc1[C@H]1CCCC[C@@H]1O,1.1118160486221313,1.1118160486221313,7.113007068634033
CCCC[C@@H](C(=O)O)[C@@H]1CCN([C@H]2CC23CC3)C[C@@H]1C,1.1112319231033325,1.1112319231033325,2.515331506729126
C=CC[C@@H](C)CS(=O)(=O)CC,1.1109825372695923,1.1109825372695923,2.4122276306152344
O=C(Cc1ccccc1F)C(F)F,1.1108063459396362,1.1108063459396362,6.973076820373535
Cc1ccccc1C1(C#N)CC1,1.1106462478637695,1.1106462478637695,8.526514053344727
O=[N+]([O-])c1cc(Cl)cc([N+](=O)[O-])c1[C@@H]1CCCSC1,1.1103826761245728,1.1103826761245728,7.354803562164307
CC[C@@H](C)C(=O)C1(c2cn(C)c(=O)n(C)c2=O)CCCCC1,1.1101691722869873,1.1101691722869873,12.645624160766602
CCCCC[C@@H](C)CC(=O)O,1.109882116317749,1.109882116317749,5.079395294189453
O=[N+]([O-])c1ccc(-c2nn[nH]n2)s1,1.1093157529830933,1.1093157529830933,1.529938817024231
C[C@@H]1C[C@H]1[C@@H]1CCCN(N2CCC[C]3CN(C)CC[C@@H]32)C1,1.109281063079834,1.109281063079834,7.892685890197754
CCCN1CCc2ccccc21,1.1092256307601929,1.1092256307601929,0.9895471334457397
O=C1C=CC(CN2C[C]3CCC[C@@H](C3)C2)=CC1=O,1.10843825340271,1.10843825340271,1.1441149711608887
c1cnc2nc(C3CCCCC3)nn2c1,1.1082158088684082,1.1082158088684082,4.906893730163574
CONC(=O)CCCCCC(=O)C([N+](=O)[O-])[N+](=O)[O-],1.1080658435821533,1.1080658435821533,6.609225273132324
CC(C)[C@H](C(=O)c1cnn2c1OCCC2)c1cc2n(n1)CCO2,1.1080373525619507,1.1080373525619507,7.507942199707031
C[C@@H]1CCNC(=O)[C@H]1[C@@H]1CCOC1(C)C,1.1080234050750732,1.1080234050750732,7.125052452087402
CC(C)C(=O)C[C@@H]1CCCN1C=O,1.1074825525283813,1.1074825525283813,6.34278678894043
C#CCCCCC[C@@H](O)CO,1.1074490547180176,1.1074490547180176,6.307873249053955
O=C1N=c2cccc(-c3cc4n(n3)CCC4)c2=N1,1.1073675155639648,1.1073675155639648,7.44905948638916
CC[C@@](C)(CCO)c1ccc(C=O)[nH]1,1.1065964698791504,1.1065964698791504,1.7943291664123535
C[C@H](CCO)c1ccc2c(c1)CCC2,1.1065123081207275,1.1065123081207275,2.193007707595825
CC(C)CCCCCC(=O)O,1.1062512397766113,1.1062512397766113,6.7160420417785645
C[C@H]1C(=O)NCCCN1[C@@H]1COC(=O)O1,1.106088399887085,1.106088399887085,5.408487319946289
Cc1nnc(-c2nncn2C)o1,1.1059917211532593,1.1059917211532593,9.890503883361816
Clc1ncnc2noc(-c3nnn[nH]3)c12,1.1052536964416504,1.1052536964416504,6.552402019500732
C[C@H]1CC[C@@H](c2ccc(Cl)s2)C1,1.1052348613739014,1.1052348613739014,6.9581098556518555
CC(=O)CN1CCC[C@@](C)(O)CC1,1.1045873165130615,1.1045873165130615,2.5453085899353027
CCCN1C[C@H](C)C[C@@H](C)C1,1.1045522689819336,1.1045522689819336,0.257527232170105
O=[N+]([O-])c1ncc(-c2nc3ccccc3n3nnnc23)s1,1.1043083667755127,1.1043083667755127,6.1325788497924805
C[C@H]1COCCN([C@@H]2[C]3COC[C@H]32)C1,1.104108452796936,1.104108452796936,3.6858208179473877
CC(F)(F)C(=O)C(=O)C(=[N+]=[N-])C(=O)CC=O,1.103858470916748,1.103858470916748,1.119680404663086
Cc1cc(N2CCN([C@H]3CCCC34OCCO4)C(=O)C2)c(C)n1C,1.1028250455856323,1.1028250455856323,8.838074684143066
Fc1ccc(C(F)(F)F)cc1,1.1021921634674072,1.1021921634674072,6.705234527587891
Cc1nonc1-c1nnc(N)s1,1.1021080017089844,1.1021080017089844,2.76141619682312
C[C@@H](C[S@@](C)=O)c1ccc(Cl)s1,1.102080225944519,1.102080225944519,3.630549430847168
Cc1cc2ccccc2nc1[C@H]1CCN2CCC[C@H]2C1,1.101791262626648,1.101791262626648,7.29177188873291
CC(CCCCC#N)C(=O)O,1.1015427112579346,1.1015427112579346,11.413467407226562
C#CC1(O)CN(C23CCCN2CCC3)C1,1.101064682006836,1.101064682006836,4.252788066864014
CCCCC[C@@H](C)C1(c2nccc3ccncc23)CCC1,1.1008683443069458,1.1008683443069458,6.02379035949707
C(\CN1CCC1)=N/Nc1ccccc1,1.1003409624099731,1.1003409624099731,0.6960448622703552
CON(C)C(=O)c1cncc(S(=O)(=O)CC[C@@H]2COC[C@@H]2O)n1,1.1003010272979736,1.1003010272979736,5.792512893676758
C[C@H]1CN(CC(=O)O)CCO1,1.1002473831176758,1.1002473831176758,7.412786483764648
N#CCCCCc1ccsc1,1.0999646186828613,1.0999646186828613,11.0385103225708
C#CCCCN1CCOC1=O,1.099423885345459,1.099423885345459,6.733339786529541
C[C@@H]1C[C@@H](C)CN(C2(C3CC3)CC2)C1,1.0990289449691772,1.0990289449691772,2.7433016300201416
Cc1cocc1-n1nc(C)c([N+](=O)[O-])c1[C@H]1COCCO1,1.0982928276062012,1.0982928276062012,6.0234479904174805
Clc1cnccc1[C@@H]1CCC[C@H]1c1cnn2c1OCCC2,1.098279356956482,1.098279356956482,2.739455223083496
O=[N+]([O-])/C=C/c1ccc(-c2ccc3c(c2)OCCO3)cc1[N+](=O)[O-],1.0982427597045898,1.0982427597045898,12.8314847946167
Clc1cc(-c2ccc(Cl)s2)on1,1.0981183052062988,1.0981183052062988,1.4584739208221436
N#Cc1ccc(N2CC[C@@](F)(c3cnn4c3OCCC4)C2)cc1Cl,1.0981035232543945,1.0981035232543945,32.179656982421875
CCCC[C@@H](C(N)=O)C(C)C,1.0979068279266357,1.0979068279266357,3.3682098388671875
Clc1ccc(-c2ccc(Cl)s2)s1,1.0977513790130615,1.0977513790130615,4.1247477531433105
C[C@]1(O)CCCN(N2CCC[C@@H](n3cc(Cl)cn3)C2=O)CC1,1.0974998474121094,1.0974998474121094,9.253604888916016
CC1=CC(=O)C(Cc2nonc2C)=CC1=O,1.0974678993225098,1.0974678993225098,8.050569534301758
Cn1c(=O)n(C)c2cc(-c3ncnc4ncccc34)ccc21,1.097086787223816,1.097086787223816,1.5405526161193848
C#CCCCCC1(C#N)CC1,1.0961596965789795,1.0961596965789795,5.569175720214844
CS(=O)(=O)c1ccc(C2(N3C[C@H]4CCC[C@@H](C4)C3)CC2)s1,1.095650553703308,1.095650553703308,5.93065881729126
O=C1NC[C@H](c2cnc(-c3cnn4c3OCCC4)cn2)O1,1.0955718755722046,1.0955718755722046,6.362611770629883
CCC(=O)CCC(=O)C(C)(C)C,1.0951753854751587,1.0951753854751587,4.354770183563232
O=[N+]([O-])c1c([C@H]2CCCNCC2)ccc2cccnc12,1.0944905281066895,1.0944905281066895,0.7953911423683167
CC[C@H](N)C[C@H]1CN([C@H](C)C[C@@H](C)CC(C)(C)C#N)C[C]1C,1.0936306715011597,1.0936306715011597,5.992435455322266
Cc1cnc(-c2ncc(-c3nc(C)c(-c4nnn[nH]4)s3)o2)o1,1.093498706817627,1.093498706817627,4.409007549285889
[O-][n+]1cccc(CCCF)c1,1.0932244062423706,1.0932244062423706,1.5685045719146729
O=C1C=CC(Cc2ccc3c(c2)OCCO3)=CC1=O,1.0931756496429443,1.0931756496429443,1.3788806200027466
O=C(C1=NCCN1)c1ccc(Cl)s1,1.092870831489563,1.092870831489563,3.86519193649292
c1nc(-c2cnn3c2OCCC3)c(-c2ccc3c(c2)OCCO3)s1,1.0928268432617188,1.0928268432617188,10.293625831604004
C[C]1CCCN(N2CC[C@H]3OCCN(C4(O)COC4)[C@H]3C2)C1,1.0926088094711304,1.0926088094711304,3.820148229598999
C=C[C@@H](C(=O)O)n1ncnc1CCCC(C)=O,1.092450499534607,1.092450499534607,6.33097505569458
C[C@H]1N(CO)CCOC1(C)C,1.0923552513122559,1.0923552513122559,0.8938590884208679
CC[C@@H](C)c1cc(CC(=O)CCC[C@@H](C)O)c([N+](=O)[O-])[nH]1,1.0923435688018799,1.0923435688018799,3.062379837036133
Cc1cncc([C@@H]2CCCCO2)c1,1.0921196937561035,1.0921196937561035,1.6684843301773071
C[C@@H]1CN(c2nc3ccc(CCC#N)cn3c2[N+](=O)[O-])C[C@@H](C)S1,1.0912375450134277,1.0912375450134277,2.3818113803863525
C[C@H]1N(c2ncncc2-c2cnn3c2OCCC3)CCOC1(C)C,1.0912244319915771,1.0912244319915771,11.12590217590332
O=C1C=CC(CCC[C@H]2CCCC23OCCO3)=CC1=O,1.0908722877502441,1.0908722877502441,0.5895195603370667
Cc1cc(-c2ccnn2C)n[nH]1,1.0907431840896606,1.0907431840896606,5.756654262542725
CN1CCC[C@@H]1N1C[C@H]2CNC[C@H]2C1,1.0901494026184082,1.0901494026184082,3.371795892715454
Cn1cnc(-c2nc(O)cc(=O)[nH]2)c1,1.0899386405944824,1.0899386405944824,5.8374738693237305
C1C[C@H](C2(C3CC3)CC2)C2(C1)OCCO2,1.0899138450622559,1.0899138450622559,10.382307052612305
Cn1cnc([N+](=O)[O-])c1NC(=S)Nn1ncc([N+](=O)[O-])c1N,1.0896782875061035,1.0896782875061035,7.0939178466796875
CC1=NO[C@H](N2C[C]3CNC[C@H]3C2)C1,1.0893638134002686,1.0893638134002686,14.751518249511719
Cn1cnc(C2(C#N)CC2)n1,1.0889486074447632,1.0889486074447632,0.7126896381378174
C1C[C@@H]2CCN(N3C[C]4CNC[C@H]4C3)C[C@H]2N1,1.08876633644104,1.08876633644104,1.316948652267456
C#CCCCC(=O)NNC1=c2c(Cl)ccc(F)c2=NC1=O,1.0887022018432617,1.0887022018432617,4.755712032318115
Cc1cc(C=Nn2c(S)nnc2-c2cnn3c2OCCC3)ncn1,1.0881497859954834,1.0881497859954834,17.47495460510254
C[C@@H]1OC(=O)N[C@H]1N1C[C](O)[C@H](N2CCOC2=O)C1,1.087780475616455,1.087780475616455,6.975944519042969
CC(C)C[C@H]1CCCN(C)C1,1.0872055292129517,1.0872055292129517,8.042579650878906
O=[N+]([O-])c1ccc(-c2nc(Br)n[nH]2)s1,1.0869178771972656,1.0869178771972656,4.298582077026367
Fc1ccnc(F)c1-c1ncc(N2C[C@H]3CNC[C@H]3C2)cn1,1.0869152545928955,1.0869152545928955,4.7248921394348145
O=C(c1ccnc(F)c1)C([N+](=O)[O-])[N+](=O)[O-],1.0868449211120605,1.0868449211120605,6.064931392669678
O=C1CC(c2ccncc2)=NN1N1CC[C@@]2(CCOC2=O)C1,1.086301326751709,1.086301326751709,11.953590393066406
CCC[C@@H](N)CN1CCCC1,1.0862711668014526,1.0862711668014526,4.136415004730225
Cn1[nH]c(C2(C#N)CCC2)nc1=O,1.0862693786621094,1.0862693786621094,3.229673147201538
Cc1ncc(Br)n1CCC(C)C,1.0862065553665161,1.0862065553665161,4.017662048339844
C=C(Cl)CC(=O)C(C)(C)CC,1.086047649383545,1.086047649383545,10.906347274780273
CC1CCN(N2C[C@H](N3CCOC(C)(C)[C@H]3C)C[C@@H]2C)CC1,1.0859768390655518,1.0859768390655518,6.697672367095947
C[C@H](O)CCC[C@H]1CCC(=O)C1,1.08561110496521,1.08561110496521,1.4872212409973145
C[C@H]1CN(c2nnc3nc(O)nc(O)c3n2)C[C@@H]1O,1.0852702856063843,1.0852702856063843,7.302924156188965
CC(=O)C[C](C#N)Cc1cc([N+](=O)[O-])c([N+](=O)[O-])cc1Cl,1.0850114822387695,1.0850114822387695,6.020171165466309
CC(CCC[C@H](C)O)C(=O)O,1.0846595764160156,1.0846595764160156,16.607152938842773
C[C@H](Cc1cnon1)C(=O)O,1.0843756198883057,1.0843756198883057,1.2979265451431274
Cc1cnc(C(C)C(=O)O)o1,1.0843037366867065,1.0843037366867065,13.446171760559082
O=c1cc(-c2cnc(O)c(-c3ccc(F)cc3)c2)cc[nH]1,1.08299720287323,1.08299720287323,6.908632278442383
CCC(C)(C)C(=O)CCCF,1.082916021347046,1.082916021347046,5.9233527183532715
Cc1nnccc1CC(C)C,1.0826870203018188,1.0826870203018188,9.00607681274414
CC(C)[C@@H](O)CN1C[C]2[C@@H](CCCC(=O)C(=O)CCC#N)[C@H]2C1,1.0820281505584717,1.0820281505584717,3.2715914249420166
CC(C)(C[C@@H]1CCCC[C@@H]1O)[N+](=O)[O-],1.0809082984924316,1.0809082984924316,2.518153667449951
c1nn2c(c1ON1CC[C@H]([C]3CCOC3)C1)OCCC2,1.0809078216552734,1.0809078216552734,15.693811416625977
C[C]1CN([C](C(=O)N2CCC(C)CC2)C(C)C)CCS1,1.080843448638916,1.080843448638916,7.99709939956665
C[C@H]1CN([C@@H]2CCOC[C@H]2[C]2CCCCNC2=O)C[C]1O,1.0804295539855957,1.0804295539855957,0.4984423816204071
CC(C)[C@H](C(=O)c1c(F)cccc1F)N1CC[C@@]2(CCOC2=O)C1,1.0803765058517456,1.0803765058517456,9.286226272583008
CC(C)C[C@H](CN)c1ccc(C#N)o1,1.0802675485610962,1.0802675485610962,12.446477890014648
CC(C)C[C@H](CN)N1C[C@H]2CNC[C@H]2C1,1.079944372177124,1.079944372177124,5.736990928649902
CC1(C)CN(CC=O)CCO1,1.0797992944717407,1.0797992944717407,2.555294990539551
CCC(c1ccns1)[N+](=O)[O-],1.079732894897461,1.079732894897461,9.010787963867188
N#Cc1nccc(C[C@@H](N)c2ccc3c(c2)OCCO3)n1,1.0785681009292603,1.0785681009292603,4.679431915283203
Cn1cnc([N+](=O)[O-])c1[C@H]1CCNC(=O)C1,1.0779414176940918,1.0779414176940918,13.405088424682617
CC(C)(CCC1CCC1)S(C)(=O)=O,1.0775671005249023,1.0775671005249023,0.3261784315109253
CC[C@H](C)c1cnn(C2CCCCC2)c1[N+](=O)[O-],1.0770564079284668,1.0770564079284668,4.829790115356445
C[C@H]1C(=O)NCCCN1c1cnn(-c2ccc(C#N)c(Cl)c2)c1,1.0768243074417114,1.0768243074417114,7.67592191696167
C[C@H](C(=O)O)N1C[C](N2CCC[C](O)C2)CC1=O,1.0766589641571045,1.0766589641571045,2.8714253902435303
Oc1nc(-c2ccc3c(c2)CCC3)nc2nncnc12,1.0761559009552002,1.0761559009552002,10.619916915893555
O=c1cnnc(S)n1N=Cc1cn(-c2cccnc2[N+](=O)[O-])nn1,1.0760400295257568,1.0760400295257568,0.9535771608352661
CC[C@H](C(N)=O)S(=O)(=O)CCCO[C]1[C]2COC[C@@H]21,1.075430989265442,1.075430989265442,3.2294111251831055
C#CCCCc1cncc(C)c1,1.0751904249191284,1.0751904249191284,1.669954538345337
C=CCCn1cnn(C)c1=O,1.0749828815460205,1.0749828815460205,2.451448440551758
C/C(O)=N/c1nc([N+](=O)[O-])n(N2CCC[C@H]3CN(C)CC[C@H]32)n1,1.0748467445373535,1.0748467445373535,2.895214796066284
C#CCCCN1CC[C@@H](N)C1,1.0747050046920776,1.0747050046920776,5.96712589263916
COC1=CC(=O)C(Cc2ccc(Cl)cn2)=CC1=O,1.0745680332183838,1.0745680332183838,7.038196086883545
C[C]1C[C@@H](c2ccc3cccnc3c2[N+](=O)[O-])[C@@H](C)O1,1.0743114948272705,1.0743114948272705,0.49799951910972595
CC(C)(C)c1ncccc1Cl,1.0739314556121826,1.0739314556121826,5.452720642089844
Cc1nnsc1[C@H]1CCNC(=O)C1,1.0737730264663696,1.0737730264663696,2.5581963062286377
CS(=O)(=O)c1ccc([C@@H]2[C@@H]3CCC(=O)[C@@H]32)s1,1.073639154434204,1.073639154434204,11.581198692321777
Cc1cc(-c2ccnnc2C)n[nH]1,1.0735481977462769,1.0735481977462769,0.7489791512489319
CCCc1c(F)ccnc1F,1.0734221935272217,1.0734221935272217,14.135285377502441
Cc1nnccc1S(=O)(=O)c1ccc2[nH]c(=O)cnc2c1,1.0732375383377075,1.0732375383377075,2.875039577484131
CC(C)N1CCOC[C@H](C)C1,1.0726872682571411,1.0726872682571411,6.879009246826172
Cc1nnc(C2OCCO2)n1C,1.072539210319519,1.072539210319519,12.892579078674316
C[C@@H]1CN(CCCO)CCS1,1.0724081993103027,1.0724081993103027,7.201623439788818
C[C@H](O)CCc1ccnc(F)c1,1.0721312761306763,1.0721312761306763,0.9883057475090027
C[C@H]1CC[C@@H](c2c(C[S@](C)=O)cnn2C)C1,1.07188081741333,1.07188081741333,3.9452524185180664
Nc1nc(-c2ccn(CCCCO)c(=O)c2)nc2ccccc12,1.0708394050598145,1.0708394050598145,5.225164890289307
C[C@@H](CC(=O)O)C1(C#N)CCC1,1.0706539154052734,1.0706539154052734,10.658716201782227
Cc1nc(C(=O)N=C2C=CC(=O)C=C2)no1,1.0706350803375244,1.0706350803375244,4.034842014312744
CC(C)[C@@H](CC(=O)CCc1ccc(F)cc1)c1ccccc1,1.070033073425293,1.070033073425293,4.647799968719482
CC(C)(Cc1cc2c(o1)C(=O)c1ccccc1C2=O)[N+](=O)[O-],1.0699882507324219,1.0699882507324219,6.2410502433776855
C[C](C(=O)N1C[C@H](C)C[C@H](C)C1)[C@H](C)CCCN1CCOC[C@H](C)C1,1.0698224306106567,1.0698224306106567,14.57746696472168
Cc1nonc1-c1cc(O)nnc1-c1cnn2c1OCCC2,1.0697346925735474,1.0697346925735474,10.462936401367188
C#C[C@H](C(=O)/N=c1/snnc2c(CC=C)ncn12)C(C)C,1.0696887969970703,1.0696887969970703,4.504258632659912
CCCC[C@H](C(=O)O)[C@]1(F)CCN(c2ccc3c(c2)OCCO3)C1,1.0696629285812378,1.0696629285812378,14.081733703613281
CS(=O)(=O)CCCCc1nn[nH]n1,1.0692964792251587,1.0692964792251587,9.930944442749023
Cn1nnc([C@H]2CCCC[C@H]2O)n1,1.0692881345748901,1.0692881345748901,1.537658929824829
Cc1cccc(CCCF)n1,1.068358302116394,1.068358302116394,4.345537185668945
CN1C[C@H](c2ncccc2F)CC1=O,1.0683099031448364,1.0683099031448364,5.546918869018555
Sc1nnc([C@H]2CCCSC2)s1,1.068203091621399,1.068203091621399,2.7911696434020996
C[C@H](C[C@@H](C)[C@@H]1[C@H]2CCO[C@@H]2C12CCC2)C(=O)C(=O)C(C)(C)C,1.0680934190750122,1.0680934190750122,1.089969515800476
O=C1CCN(c2nnc(S)s2)CC1,1.0679537057876587,1.0679537057876587,1.0018502473831177
C[S@](=O)[C@H]1CCC[C@@H](c2sc([N+](=O)[O-])cc2Cl)C1,1.0675151348114014,1.0675151348114014,5.5007710456848145
C[C@]1(O)CCCN([C@@H]2[C]3CCC(=O)[C@@H]32)CC1,1.0673537254333496,1.0673537254333496,12.871562957763672
c1cc(-c2cnn3c2OCCC3)ccc1-c1cnn2c1OCCC2,1.0672221183776855,1.0672221183776855,25.72574234008789
CC1CCN([C@H](C)CF)CC1,1.0668385028839111,1.0668385028839111,2.845966100692749
C=CC[C@H](CO)CCC1=CC(=O)C(=O)C=C1,1.0665923357009888,1.0665923357009888,2.589844226837158
C[C]1CN(c2cnn3c2OCCC3)CC[C@H]1c1ncc(F)cn1,1.066131591796875,1.066131591796875,5.0265045166015625
Clc1cnc(-c2nnc[nH]2)c(Cl)n1,1.0655627250671387,1.0655627250671387,4.028968811035156
CN1CCN([C]2CCCC[C@H]2O)[C@@H](C(=O)[C@@H](O)C(C)(C)C)C1,1.0655313730239868,1.0655313730239868,4.056041717529297
Cc1cccnc1C1(C#N)CC1,1.065028429031372,1.065028429031372,5.680041313171387
C=CC[C@H](CO)Cc1nnc[nH]1,1.0646344423294067,1.0646344423294067,4.614548683166504
Cc1cnoc1C1C(=O)N(C)C(=S)N=C1O,1.064467430114746,1.064467430114746,3.6483891010284424
C[C@@H](CCc1cnn2c1OCCC2)CC(=O)Nn1c(O)nnc1O,1.0643959045410156,1.0643959045410156,13.191389083862305
O=C1CC[C@H](c2cc3n(n2)CCC3)C1,1.0641628503799438,1.0641628503799438,5.361086845397949
CC[C@H](CCO)c1ncc(Cl)s1,1.0636383295059204,1.0636383295059204,5.469831943511963
CC[C@H](C[C@H](C(N)=O)C(C)C)c1ccc2c(c1)CCC2,1.0635710954666138,1.0635710954666138,9.206668853759766
CN1CCC[C]([C@H]2CC(F)(F)CN2[C@@H]2OC[C@@H]3CCC[C@@H]32)C1,1.063522219657898,1.063522219657898,2.6696794033050537
c1cn2ccnc2c(-c2nnn[nH]2)n1,1.0633522272109985,1.0633522272109985,5.8233866691589355
CC1(C)CO[C@H]([C@@]2(C)CCN(c3cnn4c3OCCC4)C2)C1,1.0631458759307861,1.0631458759307861,1.7866445779800415
Cc1nnccc1[C@H]1CC1(F)F,1.0628607273101807,1.0628607273101807,1.6988930702209473
C[C@H]1COCCN([C@@H]2CCCN(N3CC[C@@]4(CCOC4=O)C3)C2)C1,1.0624264478683472,1.0624264478683472,5.3581342697143555
Nc1c([N+](=O)[O-])cnn1C[C@@H]1CCOC[C@H]1CCC(=O)O,1.0612540245056152,1.0612540245056152,8.077516555786133
N#Cc1ccc(CCS(=O)(=O)c2ccc(C#N)c(Cl)c2)cc1Cl,1.061192512512207,1.061192512512207,15.383072853088379
NS(=O)(=O)CCCc1cc(=O)cc[nH]1,1.0610013008117676,1.0610013008117676,11.00515365600586
CS(=O)(=O)c1ccc(NC2=C(Cl)C(=O)c3ncccc3C2=O)s1,1.0601023435592651,1.0601023435592651,1.7575089931488037
C[C@H](O)CC[C@@H]1CCCCO1,1.059887409210205,1.059887409210205,12.0330228805542
Cc1cc([C@H]2CCC[C@H]2O)no1,1.0597659349441528,1.0597659349441528,1.1071621179580688
N#CC1(C(=O)C(=O)N=c2cccn[nH]2)CCC1,1.0593113899230957,1.0593113899230957,0.15798038244247437
CC(C)[C@](F)(CC1C(=O)c2ccccc2[C@@H]1C)C(=O)O,1.0592354536056519,1.0592354536056519,3.335325002670288
Nc1cnc(-c2nc(O)cc(=O)[nH]2)cn1,1.0578806400299072,1.0578806400299072,3.8539273738861084
O=C(O)CCC(=O)CCCCC(=O)N1C(=O)N[C@]2(CCOC2)C1=O,1.0576030015945435,1.0576030015945435,3.3831634521484375
CCC(=O)Cc1c(F)ccnc1F,1.0573227405548096,1.0573227405548096,5.90585470199585
C[C@@H](O)CCCCC(C)(C)N,1.0571670532226562,1.0571670532226562,5.346188545227051
C=CCc1nccc2ccncc12,1.0571305751800537,1.0571305751800537,0.4050675630569458
CC1(F)CN(c2nnc[nH]2)C1,1.0570740699768066,1.0570740699768066,3.212463855743408
C[C@H]1CN(OS(C)(=O)=O)CCN1,1.0568835735321045,1.0568835735321045,3.5551412105560303
CC1CCN(CCCO)CC1,1.055737853050232,1.055737853050232,1.0271183252334595
N#Cc1cc(=O)n(On2cnc(C#N)cc2=O)cn1,1.055704951286316,1.055704951286316,14.449275970458984
O=C1CNC(=O)N1S(=O)(=O)c1cnc[nH]1,1.054993748664856,1.054993748664856,4.360556125640869
O=C(C(F)(F)F)S(=O)(=O)c1ccc([N+](=O)[O-])s1,1.0538445711135864,1.0538445711135864,5.6916985511779785
N#CC[C@@H]1OC[C@@H]2CCC[C@@H]21,1.0534119606018066,1.0534119606018066,7.7053375244140625
Cn1cc(-c2cn(-c3ccc(S(C)(=O)=O)s3)nn2)c(O)nc1=O,1.0533761978149414,1.0533761978149414,10.8444242477417
C[C@@H](CC[C@H](C)O)C[S@](C)=O,1.0533461570739746,1.0533461570739746,5.483483791351318
CC(=O)[C@@H](C)[C@H]1CCCC[C@H]1O,1.0530840158462524,1.0530840158462524,2.5002169609069824
O=[N+]([O-])c1ccc(-c2ccc(-c3cnn4c3OCCC4)cc2F)s1,1.0528563261032104,1.0528563261032104,7.385534286499023
C#Cc1ccc([C@@H](C)C(=O)CC)nc1,1.052795171737671,1.052795171737671,0.8045456409454346
C[C@H]([C](CCc1ncccn1)C(N)=O)C(F)(F)F,1.0525059700012207,1.0525059700012207,1.7915226221084595
C[C@@H]1CN(CCC#N)CCO1,1.0518637895584106,1.0518637895584106,5.008473873138428
CC1=CC(=O)C(C[C@H]2C(=O)NN=C2C)=CC1=O,1.0514519214630127,1.0514519214630127,5.959558010101318
CC[C@H](C)Cc1cn(C)cn1,1.0512462854385376,1.0512462854385376,0.9514700174331665
N#CC1(c2nncs2)CCC1,1.05061674118042,1.05061674118042,0.7014667391777039
CC(=O)Cn1cnc(C#N)cc1=O,1.0505836009979248,1.0505836009979248,10.850152015686035
Cn1ccc(=NC(=O)C(=O)CCCCS(C)(=O)=O)[nH]1,1.050455927848816,1.050455927848816,2.785914421081543
C[C@H]1Oc2ccc(-c3c(F)cccc3[N+](=O)[O-])cc2NC1=O,1.0497421026229858,1.0497421026229858,1.1463394165039062
OC1=NC(=S)C(c2nnc(Br)o2)S1,1.0495703220367432,1.0495703220367432,2.2332112789154053
O=[N+]([O-])c1cnc(CC(F)([N+](=O)[O-])[N+](=O)[O-])c(Br)c1,1.0492807626724243,1.0492807626724243,2.7764036655426025
C[C@@H]1CCNC(=O)[C@H]1C(C)(C)C(=O)C(=O)[C@H](O)C(C)(C)C,1.0491446256637573,1.0491446256637573,1.4714964628219604
CC[C@@H](CCC(F)F)C(=O)O,1.0491191148757935,1.0491191148757935,9.354594230651855
CC[C@H](C)CCCCC(C)=O,1.0488994121551514,1.0488994121551514,6.533435821533203
O=C1C=CC(Cc2ccc([N+](=O)[O-])s2)=CC1=O,1.0488063097000122,1.0488063097000122,7.338075160980225
C[C](O)CC1(c2cc(C)nc3ccccc23)COC1,1.048463225364685,1.048463225364685,4.271073341369629
CCC(CCCCO)[N+](=O)[O-],1.048146367073059,1.048146367073059,7.734127998352051
O=c1c(-c2cncc3ccccc23)cnc2ccc(Cl)nn12,1.04806649684906,1.04806649684906,10.493622779846191
C[C@@H]1CCCN(C/C=C\Cl)C1,1.0473440885543823,1.0473440885543823,4.618468761444092
c1nn2c(c1-c1noc(-c3cnn4c3OCCC4)n1)OCCC2,1.0467017889022827,1.0467017889022827,13.117801666259766
CS(=O)(=O)c1ccc(CC(O)CCCCc2cnn3c2OCCC3)s1,1.0466629266738892,1.0466629266738892,17.29203987121582
CC[C@@H](CNC1=CC(=O)C(F)=CC1=O)C(=O)O,1.0463893413543701,1.0463893413543701,4.039668560028076
N#Cc1cc(=O)n(C2CCCCC2)cn1,1.0463024377822876,1.0463024377822876,5.376576900482178
N#CC1(c2cccnc2O)CC1,1.045299768447876,1.045299768447876,4.407763957977295
O=[N+]([O-])c1[nH]cnc1-c1nnc(Cl)nn1,1.0452959537506104,1.0452959537506104,5.861139297485352
CC[C@@](C)(C#N)c1nnc(C2=S=C([N+](=O)[O-])C=C2)o1,1.0451304912567139,1.0451304912567139,3.762124538421631
O=C1OCC[C@@]12CCN([C@@H]1[C]3COC[C@H]31)C2,1.0449354648590088,1.0449354648590088,1.9228017330169678
O=[N+]([O-])c1cc([N+](=O)[O-])[n+]([O-])nc1-c1cnn2c1OCCC2,1.0441868305206299,1.0441868305206299,11.485121726989746
CC[C](C)CCc1nn[nH]n1,1.0440173149108887,1.0440173149108887,7.103518009185791
O=C1CC[C@H]([C@H]2CCCNC2=O)C1,1.043936014175415,1.043936014175415,3.028055191040039
O=C1CC[C@H](c2c(F)ccnc2F)C1,1.0438791513442993,1.0438791513442993,1.502699851989746
C[C](C[C@@H]1C(=O)NCC[C@H]1C)c1ccc[nH]c1=O,1.0436711311340332,1.0436711311340332,4.102121353149414
N#Cc1cnc2ccccc2c1-n1ccc(C=NO)nc1=O,1.0435304641723633,1.0435304641723633,3.5714612007141113
Cn1cnc([N+](=O)[O-])c1[C@H](CCO)[C@H]1CC(C)(C)CO1,1.0430656671524048,1.0430656671524048,2.2326653003692627
C=CC[C@H](C)CCCCC#N,1.042810082435608,1.042810082435608,3.7792649269104004
C[C@H]1CC[C@@H](c2ccc(Cl)cn2)C1,1.0425232648849487,1.0425232648849487,7.277919769287109
C[C@@]1(N2CC[C@H]([C@H]3CCOC3)C2)CCN(N2CCC2)C1,1.0424531698226929,1.0424531698226929,5.608116149902344
C[C@H]1CCCN(N[C]2CCCn3ncnc32)C1,1.0423732995986938,1.0423732995986938,4.349228382110596
C[C](C(=O)CN1CCNC(=O)[C]1C)C(=O)C1(C#N)CCN(C)CC1,1.0420912504196167,1.0420912504196167,0.29377540946006775
Cc1cc(C=Nn2c(S)nnc2N2C[C@H]3CN(C)C[C@H]3C2)ncn1,1.0418998003005981,1.0418998003005981,6.671276569366455
O=C1NCCCC[C@@H]1C(=O)C(F)(F)F,1.0418322086334229,1.0418322086334229,4.12837028503418
C=C=CCc1cc(-c2n[nH]c(N)n2)nn1C,1.0418068170547485,1.0418068170547485,3.0640242099761963
CC[C@@H](C)N(OC)C(=O)[C@@H]1NC(=S)NC(C)=C1C(=O)C(=O)O,1.04169762134552,1.04169762134552,9.675400733947754
C[C]1CN([C@@H]2CC23CC3)C[C@@H]1O,1.041170597076416,1.041170597076416,6.010336399078369
Cn1nc([C@@H](C#N)Cc2ccc3c(c2)OCCO3)ccc1=O,1.0409396886825562,1.0409396886825562,5.865982532501221
Cc1nonc1[C@@H]1CCC[C@H]1O,1.040817379951477,1.040817379951477,1.448639988899231
COC1=CC(=O)C(O)=C(CCN2CCn3nccc3C2)C1=O,1.039516568183899,1.039516568183899,1.8753690719604492
CC1=C(C(=O)C(=O)O)[C](CCN2CCOC[C@H](C)C2)NC(=S)N1,1.0394984483718872,1.0394984483718872,11.768359184265137
CC[C@@H](C)N(OC)C(=O)CC(=O)NON1CCC[C@](C)(O)CC1,1.0392624139785767,1.0392624139785767,9.766565322875977
O=Cc1nc2ccccc2n1CCCCCc1cnn2c1OCCC2,1.0391379594802856,1.0391379594802856,13.084436416625977
N#CCc1ncc([N+](=O)[O-])s1,1.039123296737671,1.039123296737671,5.117774963378906
C[C]1C[C](N2CCC(C)CC2)CN1[C@H](C(N)=O)C(C)C,1.0386945009231567,1.0386945009231567,7.321805477142334
O=CC(C=O)[C@@H]1OC[C@@H]2CCC[C@@H]21,1.0381067991256714,1.0381067991256714,7.517064094543457
C=CC[C@H](C)c1cn(C)cn1,1.0376527309417725,1.0376527309417725,9.465598106384277
C[C@H]1OC(=O)N[C@H]1c1ccc(C#N)o1,1.0371874570846558,1.0371874570846558,1.3445923328399658
O=[N+]([O-])c1cc2c(CCCc3cnn4c3OCCC4)ncnc2s1,1.0371698141098022,1.0371698141098022,9.566852569580078
COC1=CC(=O)C(Cc2cc(=O)cc[nH]2)=CC1=O,1.0369126796722412,1.0369126796722412,12.656734466552734
Cc1ncncc1[C@@H]1CCCCNC1=O,1.036639928817749,1.036639928817749,2.725822687149048
C[C@@H](O)CCCN1C(=O)N[C@H](N2CCC[C@@](C)(O)CC2)C1=O,1.0359867811203003,1.0359867811203003,6.064373016357422
O=[N+]([O-])c1nonc1-c1ncnc2cccc([N+](=O)[O-])c12,1.0356265306472778,1.0356265306472778,4.523714065551758
Cn1cnc([N+](=O)[O-])c1[C@@H]1CCCCNC1=O,1.0355068445205688,1.0355068445205688,9.709158897399902
O=C(/C=C/[N+](=O)[O-])C(=O)/C(=N\O)C(=O)C(F)(F)F,1.035398244857788,1.035398244857788,2.815359115600586
Cn1cc([N+](=O)[O-])c([C@@H]2[C]3COC[C@H]32)n1,1.0349878072738647,1.0349878072738647,3.3708839416503906
Cn1nnc([C@@H]2CCCCNC2=O)n1,1.0344938039779663,1.0344938039779663,6.921006202697754
Oc1ncc([C@H]2CC23CC3)c2ccccc12,1.0344102382659912,1.0344102382659912,3.9377999305725098
NC(=O)c1ncc(Cl)nc1Cl,1.0342223644256592,1.0342223644256592,1.9003207683563232
C=C(Cl)Cc1cnc(N)cn1,1.0341697931289673,1.0341697931289673,4.142669200897217
Cc1nnc(=NCCCn2c([N+](=O)[O-])nn(C)c2=O)[nH]c1C,1.0334192514419556,1.0334192514419556,4.623043537139893
CC(C)C[C@@H](CN)c1cnn(C)c1Cl,1.0322446823120117,1.0322446823120117,2.896280527114868
CC(=O)CC(=O)[C](O)C(C)(C)C,1.0321998596191406,1.0321998596191406,3.7735674381256104
CC[C@@](C)(C#N)[C@H]1CCOC1,1.0318942070007324,1.0318942070007324,4.704558849334717
N#Cc1ccc([N+](=O)[O-])c([C@@H]2CCS(=O)(=O)C2)c1,1.0313082933425903,1.0313082933425903,4.580252647399902
CCC(C1SC(O)=NC1=S)[N+](=O)[O-],1.0309948921203613,1.0309948921203613,1.3699986934661865
CC[C@@H](C)N(OC)C(=O)c1occc1-c1ccc2c(c1)OCCO2,1.0307590961456299,1.0307590961456299,8.904133796691895
N#Cc1nccc(N[C]2CC(=O)Nc3ccccc32)n1,1.0307013988494873,1.0307013988494873,0.812309205532074
C[C@H]1CCNC(=O)[C@H]1n1cc(-c2ccno2)cn1,1.0302215814590454,1.0302215814590454,4.675394058227539
N#CCc1cnc([N+](=O)[O-])s1,1.0300999879837036,1.0300999879837036,12.812615394592285
Nc1cnc([C@H]2CCCCNC2=O)cn1,1.0297390222549438,1.0297390222549438,11.71614933013916
C[C@@H](c1ccc(Cl)s1)C(F)(F)F,1.0296146869659424,1.0296146869659424,13.887367248535156
Cn1ncc([C@@H]2CCC[C@H]2O)c1Cl,1.0293911695480347,1.0293911695480347,0.37124061584472656
O=C1C=CC(CCCc2ccnc(O)n2)=CC1=O,1.0291533470153809,1.0291533470153809,6.067623138427734
CC[C@H](CCO)[C@H]1CN(c2ccc(S(C)(=O)=O)nc2)CC[C@H]1C,1.0289069414138794,1.0289069414138794,4.4414849281311035
CON(C)CCc1nonc1C,1.028793454170227,1.028793454170227,14.387414932250977
C[C@H]1CC(=NC(=O)C2(C#N)CC2)NO1,1.0287591218948364,1.0287591218948364,7.838395118713379
Cn1nncc1[C@@H](CO)CC(F)F,1.0282385349273682,1.0282385349273682,6.6087117195129395
C#CCCCCCN(C)OC,1.0281646251678467,1.0281646251678467,6.725646495819092
O=[N+]([O-])c1nc(Br)n(Oc2nc3cc(Cl)c(Cl)cc3[n+]([O-])n2)n1,1.0280379056930542,1.0280379056930542,12.955387115478516
C#C[C@H](C(C)C)C(C)C(=O)O,1.0275336503982544,1.0275336503982544,2.8374199867248535
[N-]=[N+]=C(C(=O)CCCCC(=O)O)C(=O)[C@@H]1CCCNCC1,1.0275015830993652,1.0275015830993652,5.226032257080078
Clc1nnc([C@@H]2C[C]2c2cncs2)nn1,1.0273473262786865,1.0273473262786865,3.7796103954315186
CC[C@@H](CC[C](C)O)C(N)=O,1.0272293090820312,1.0272293090820312,4.995300769805908
Cc1ccnc(-c2ccccc2)n1,1.0270426273345947,1.0270426273345947,8.280191421508789
N#Cc1cc(=O)n([C@@H]2CCC[C@H]2O)cn1,1.0264759063720703,1.0264759063720703,4.517716884613037
CS(=O)(=O)c1ccc(C2C(=O)NC(=O)NC2=S)s1,1.0251373052597046,1.0251373052597046,5.869923114776611
C#C[C@@H](C(=O)[C](C=C)[C@H]1CCNC12CCC2)C(C)C,1.024942398071289,1.024942398071289,1.2937278747558594
O=[N+]([O-])c1cc(Br)c(-c2nc3ccccc3[nH]2)nc1O,1.024295687675476,1.024295687675476,7.3405280113220215
C[C@@H](CC(=O)c1ccc(S(C)(=O)=O)s1)c1cn(C)c(=O)nc1O,1.024283766746521,1.024283766746521,9.901498794555664
CCC(=O)[C@@H]1CC(C)(C)CO1,1.0240375995635986,1.0240375995635986,2.9043424129486084
c1nocc1[C@@H]1CCCSC1,1.0239087343215942,1.0239087343215942,0.23430590331554413
O=C1C[C@@H](c2ncnc3sc([N+](=O)[O-])cc23)CCN1,1.0230991840362549,1.0230991840362549,2.665432929992676
C[C@H]1N(CCC(=O)N=c2cccn[nH]2)CCOC1(C)C,1.0229437351226807,1.0229437351226807,6.452646732330322
CC(C)CC[C@H]1CC(C)(C)CO1,1.0224454402923584,1.0224454402923584,4.670960426330566
O=C1OCC[C@H]1c1cccc([N+](=O)[O-])c1,1.0222917795181274,1.0222917795181274,5.676600933074951
C[C@@H]1CCCN(C2CC(=O)C2)C1,1.0216600894927979,1.0216600894927979,2.7880799770355225
O=Cc1cccc(N2CCCCCC2)c1C(F)(F)C(F)F,1.0216286182403564,1.0216286182403564,0.20473384857177734
Cc1nonc1[C@@H]1CCOC1=O,1.0215586423873901,1.0215586423873901,0.35443904995918274
C[C@H](C#N)CNC1=NCCS1,1.021378517150879,1.021378517150879,2.9600722789764404
Cc1ncc(Br)n1-c1nncs1,1.0213384628295898,1.0213384628295898,6.670458793640137
CN1CCC(C#N)(Oc2ccc(-c3cnn4c3OCCC4)cc2)CC1,1.0212554931640625,1.0212554931640625,12.042295455932617
N#Cc1ccc([N+](=O)[O-])c([C@@H]2OC[C@@H]3CCC[C@@H]32)c1,1.0209022760391235,1.0209022760391235,3.5567448139190674
C[C@@H](CCc1ccc2c(c1)OCCO2)Cn1c([N+](=O)[O-])nn(C)c1=O,1.0205146074295044,1.0205146074295044,0.9284117817878723
O=Cc1cnc([C@H]2CCCSC2)c(Br)c1,1.0204509496688843,1.0204509496688843,6.696098804473877
CC(C)(CCC(=O)CC(=O)Nn1c(O)nnc1O)S(C)(=O)=O,1.0202791690826416,1.0202791690826416,9.262101173400879
N#Cc1ccc([N+](=O)[O-])c([C@@H]2CCCS(=O)(=O)C2)c1,1.0201380252838135,1.0201380252838135,0.7864423990249634
Cc1nonc1-c1cc(Cl)no1,1.0196775197982788,1.0196775197982788,14.488608360290527
CC[C@H](c1cc(Br)cc([N+](=O)[O-])c1)c1cnn2c1OCCC2,1.0196305513381958,1.0196305513381958,6.357892036437988
NC(=O)CCCCC(=O)N=c1cc[nH]c2ccccc12,1.0191556215286255,1.0191556215286255,5.905192852020264
Cn1c(=O)oc2cc(-n3nc(N4CCOC4=O)sc3=O)c(F)cc21,1.0189954042434692,1.0189954042434692,2.198812484741211
Fc1cc(N2CCn3nccc3C2)ccc1-c1cnn2c1OCCC2,1.018946886062622,1.018946886062622,7.306682109832764
Cc1cc(C(=O)/C(=N/S(=O)(=O)c2ccccc2)C(F)(F)F)co1,1.0188521146774292,1.0188521146774292,3.3279035091400146
N[C@H]1c2nccnc2C(=O)N1c1ccc([N+](=O)[O-])nc1,1.0187138319015503,1.0187138319015503,6.954687595367432
Cc1nc([C@@H]2C(=O)NCC[C@@H]2C)no1,1.0185186862945557,1.0185186862945557,1.0477970838546753
N#Cc1nc(=Nc2ccc(-c3cccc(F)c3)cc2)cc[nH]1,1.018393635749817,1.018393635749817,2.483264207839966
Cc1cc2ccccc2nc1[C@@H]1C(=O)NCC[C@@H]1C,1.0182613134384155,1.0182613134384155,0.2748085558414459
Cn1cnc([N+](=O)[O-])c1[C@](C)(C#N)c1cnn2c1OCCC2,1.017971158027649,1.017971158027649,11.550371170043945
N[C@H](CC(=O)C1=C(c2ccccc2)SCCO1)c1cc(Cl)no1,1.0179507732391357,1.0179507732391357,5.917400360107422
Cn1ncc(-c2ccc(S(C)(=O)=O)s2)c1On1cnc(C#N)n1,1.0178067684173584,1.0178067684173584,9.33989143371582
C[C@@H](CCS(C)(=O)=O)[C]1CN(N2CCNCC2)C[C@@H]1O,1.017588496208191,1.017588496208191,0.7367511987686157
Nc1c([N+](=O)[O-])cnn1-c1ccc(-c2cnn3c2OCCC3)cc1,1.0173084735870361,1.0173084735870361,15.997588157653809
CC[C@@H](C#N)c1nnc2c(n1)-c1ccccc1C2=O,1.017289161682129,1.017289161682129,11.312509536743164
c1ccc([C@@H]2CCCSC2)cc1,1.0172783136367798,1.0172783136367798,10.448393821716309
CC(=O)C[C@H](C)CCS(C)(=O)=O,1.0170972347259521,1.0170972347259521,4.531641960144043
C[C@H]1CN([C@@H]2CCN2C)CCN1,1.0169638395309448,1.0169638395309448,4.137247085571289
Cc1ccc(N2CC(C)(F)C2)o1,1.0168708562850952,1.0168708562850952,9.14659595489502
O=[N+]([O-])c1cc(Cl)c([C@H]2CCCC[C@H]2O)cc1[N+](=O)[O-],1.0166354179382324,1.0166354179382324,1.500340223312378
C[C@@](C#N)(c1cc(=O)cc[nH]1)c1cnn2c1OCCC2,1.0164108276367188,1.0164108276367188,7.693490028381348
O=Cc1cnc([C@@H]2CCCSC2)c(Br)c1,1.0162609815597534,1.0162609815597534,6.5593366622924805
Cc1cc([C@@H]2C(=O)NCC[C@H]2C)sc1[N+](=O)[O-],1.0154016017913818,1.0154016017913818,8.1259183883667
CN(C1=C(Cl)C(=O)c2ccccc2C1=O)c1nonc1[N+](=O)[O-],1.0152863264083862,1.0152863264083862,1.6339173316955566
O=C1CN=c2ccc(-c3cnn4c3OCCC4)nc2=N1,1.0149130821228027,1.0149130821228027,6.334185600280762
Cn1cc([C@@H]2CCCS(=O)(=O)C2)c(O)nc1=O,1.0142099857330322,1.0142099857330322,6.5668625831604
Cc1cc(=NC(=O)C(=O)c2c(C)noc2C)cc[nH]1,1.0133793354034424,1.0133793354034424,7.490009784698486
CC1CCN(N2CC(c3ccc(Cl)cn3)C2)CC1,1.0131902694702148,1.0131902694702148,0.05383248254656792
CN=c1[nH]ccc(-n2cncn2)c1[N+](=O)[O-],1.0122331380844116,1.0122331380844116,4.467909812927246
Cc1co[nH]c1=NC(=O)C(=O)c1c(F)ccnc1F,1.010894536972046,1.010894536972046,5.72499418258667
O=C(N=c1cc[nH]cc1O)C(=O)c1ccccc1F,1.0106465816497803,1.0106465816497803,3.8960790634155273
CCC(=O)Cc1snnc1C,1.0105597972869873,1.0105597972869873,9.829704284667969
Oc1ncccc1[C@H]1CCN2CCC[C@H]2C1,1.0096925497055054,1.0096925497055054,3.4312734603881836
O=C1N=c2nc(-c3cnc([N+](=O)[O-])s3)ccc2=C1O,1.009660005569458,1.009660005569458,2.7180676460266113
C[C@H]1CCOCCN1C1C(O)=Nc2ccc([N+](=O)[O-])cc21,1.009636640548706,1.009636640548706,2.872555732727051
C[C@]1(O)CCCN(C(=O)C2=NC(=O)C(O)=N2)CC1,1.009514331817627,1.009514331817627,9.10500717163086
O=[N+]([O-])c1cccc(-c2ncc(C3SC(O)=NC3=S)o2)c1,1.0094131231307983,1.0094131231307983,4.29608154296875
C[C]1C[C]([C@H]2COCCO2)CN1c1c(Br)cncc1[N+](=O)[O-],1.009194254875183,1.009194254875183,5.777468681335449
Cc1cc(CC2=CC(=O)C(=O)C=C2)c(C)n1C,1.009132742881775,1.009132742881775,1.2391724586486816
CCC[C@@H](C)[C@@H](CN)CC(C)C,1.0088993310928345,1.0088993310928345,6.1299214363098145
O=[N+]([O-])c1ccc(-c2nc[nH]n2)s1,1.0085911750793457,1.0085911750793457,3.030759811401367
CC[C@](C)(C#N)n1c(Br)cnc1C,1.008390188217163,1.008390188217163,9.811881065368652
N[C@]1C[C@H](c2ccccc2F)C1,1.0083776712417603,1.0083776712417603,7.014369010925293
C[C](CCS(C)(=O)=O)c1nnc(O)cc1[C@@H](C)CC(C)(C)O,1.008314609527588,1.008314609527588,9.5474271774292
C[C](C[C@@H]1NC(=S)NC(C)=C1C(=O)C(=O)O)C(=O)O,1.008056640625,1.008056640625,7.275036811828613
C[C@@H]1CCNC(=O)[C@@H]1c1c(F)ccnc1F,1.0080465078353882,1.0080465078353882,3.787355661392212
CN1C[C]2CN([C@]3(C)CC3(F)F)C[C@H]2C1,1.0079926252365112,1.0079926252365112,13.898126602172852
C[C]1CNC[C@H]1c1cnc(N2C[C@H](C)[C@@H](O)C2)s1,1.00772225856781,1.00772225856781,0.3152245581150055
C[C@H]1CN(OC(F)F)CCN1,1.0076581239700317,1.0076581239700317,5.289632320404053
C=CC[C@H](CO)CCCCF,1.007527232170105,1.007527232170105,7.342562675476074
N[C@H]1C[C@H](c2nccnc2F)C1,1.0071684122085571,1.0071684122085571,6.718599319458008
N#Cc1ccnc(-n2nc([N+](=O)[O-])nc2CCCC(N)=O)c1,1.0067670345306396,1.0067670345306396,3.9597909450531006
CC[C@@H](C)N(OC)C(=O)CC1=CC(=O)C(C)=CC1=O,1.0066640377044678,1.0066640377044678,13.967439651489258
CC[C@H](C(N)=O)c1ncccc1O,1.00627601146698,1.00627601146698,2.1641101837158203
CC[C@@](C)(CCO)C1(c2cnn3c2OCCC3)CCOC1,1.0057443380355835,1.0057443380355835,14.18021011352539
Cc1ccc(ON=C2C(=O)NC(=O)NC2=O)nn1,1.0054303407669067,1.0054303407669067,2.3858745098114014
O=C(O)C(=O)CCCn1cc(C=Nn2c(S)nncc2=O)nn1,1.0053189992904663,1.0053189992904663,9.842292785644531
Oc1cccnc1-c1ccccn1,1.0053095817565918,1.0053095817565918,6.332146644592285
Cn1nccc1-c1nncs1,1.0053023099899292,1.0053023099899292,12.380621910095215
Cc1cnc(C(=O)/C(=N/Nc2ccc(F)cc2)C(=O)C#N)o1,1.0050606727600098,1.0050606727600098,3.0474112033843994
C[C@@H](CC(C)(C)O)C1C(=O)N(C)C(=S)N=C1O,1.0049948692321777,1.0049948692321777,5.852778434753418
C[C@H]1CCOCCN1n1cc(-c2cnc3c[nH]nc3c2)nn1,1.00493323802948,1.00493323802948,7.632154941558838
NC(=O)C1=NO[C@H](c2cc(=O)cc[nH]2)C1,1.0045366287231445,1.0045366287231445,10.086560249328613
CC(C)(CC(=O)C(=NO)C(=O)C(F)(F)F)Cc1ccc(F)cc1,1.0035319328308105,1.0035319328308105,6.680037021636963
O=C1N=c2c(F)ccc(Cl)c2=C1NNC(=O)n1cc(Cl)cn1,1.0017046928405762,1.0017046928405762,0.09633214771747589
CC1(C)CO[C](c2ccc(S(=O)(=O)C3CCC(O)CC3)s2)C1,1.0015441179275513,1.0015441179275513,6.106385707855225
C[C@H]1OC(=O)N[C@H]1N1C(=O)CN(C)C1=O,1.0010733604431152,1.0010733604431152,1.2968388795852661
OCCOc1ccccc1O,1.0009139776229858,1.0009139776229858,7.650915622711182
CS(=O)(=O)c1ccc([C@@H]2C=CC[C@@H](CCCCC(=O)O)C2)s1,1.0005335807800293,1.0005335807800293,6.322521686553955
CN1C[C@@H](c2ccc3cccnc3c2[N+](=O)[O-])CC1=O,1.0005271434783936,1.0005271434783936,7.876360893249512
CCC(C)(C)C(=O)[C@@H]1CN(C(=O)[C@H](C)[C@@H]2CC[C@H](C)C2)CCCO1,1.0003060102462769,1.0003060102462769,4.390829563140869
C[C](O)Cc1cccc(C)n1,0.99958735704422,0.99958735704422,12.312613487243652
Cc1cc(CCCCC#N)n[nH]1,0.9987219572067261,0.9987219572067261,7.779994487762451
CN1CCC(C#N)(CCC2(c3cnn4c3OCCC4)CCC2)CC1,0.9985987544059753,0.9985987544059753,32.716163635253906
Cc1nc(N2C[C@@H](c3c([N+](=O)[O-])ncn3C)C(C)(C)C2)oc1C,0.9985691905021667,0.9985691905021667,11.517497062683105
Cc1cc([C]2CN(c3nc(Cl)ccc3F)CC2(C)C)cc(O)n1,0.9972054362297058,0.9972054362297058,1.5664955377578735
C[C@@H]1C[C@@H](c2cc(O)nnc2-c2ncccc2Cl)[C@H](C)O1,0.997183084487915,0.997183084487915,2.618993043899536
O=C(C1=CCCC1)c1cnccn1,0.9970391392707825,0.9970391392707825,7.0605244636535645
O=C1Nc2ccc(F)cc2C1c1ccccc1F,0.9965384006500244,0.9965384006500244,1.5030478239059448
Cn1nc([N+](=O)[O-])c([N+](=O)[O-])c1[C@@H]1OC[C@@H]2CCC[C@@H]21,0.9964293837547302,0.9964293837547302,2.605367422103882
O=C1C(Cl)=C(Cl)C(=O)C(N[C@@H]2C[C@H]2N2CCOC2=O)=C1Cl,0.9961956739425659,0.9961956739425659,0.6932744979858398
CCCC[C@H](C(=O)O)c1ccc([C@H](C)CCS(C)(=O)=O)nn1,0.9957811832427979,0.9957811832427979,4.773650646209717
O=C(CCCCCCc1cnn2c1OCCC2)Nn1c(O)nnc1O,0.9953662157058716,0.9953662157058716,9.612585067749023
Cc1nc(=NC(=O)Cc2ccc([N+](=O)[O-])o2)n(C)[nH]1,0.9949291348457336,0.9949291348457336,8.433881759643555
CC1(F)CN(N2CC(c3cnc4nonc4n3)C2)C1,0.993834376335144,0.993834376335144,1.633219599723816
CC(C)[C@@H](C(N)=O)[C@@H]1CC1(F)F,0.9934736490249634,0.9934736490249634,8.541074752807617
CC(C)C[C@H](CN)c1nnc2nc(O)nc(O)c2n1,0.9927757382392883,0.9927757382392883,6.265351295471191
CC(=O)C[C@H](C)[C@H](C)CC(=O)O,0.9927626848220825,0.9927626848220825,1.5344561338424683
CS(=O)(=O)Cn1c2nc(=O)[nH]c(=O)c-2[n+]([O-])c2ccccc21,0.9925973415374756,0.9925973415374756,0.8346750140190125
C[C@H]1CCNC(=O)[C@@H]1c1ccc2c(c1)=NC(=O)C=2,0.9921756386756897,0.9921756386756897,0.033922843635082245
Cn1ncc(-c2ccc(C#N)c(Cl)c2)c1-c1ccc2c(c1)OCCO2,0.9919228553771973,0.9919228553771973,20.462329864501953
CCC(C)(C)C(=O)C(=O)C(=O)N=c1cc[nH]cc1C,0.9911956191062927,0.9911956191062927,11.479833602905273
Cc1ccc(-c2cccc([N+](=O)[O-])c2)cc1N1CCOC[C@H](C)C1,0.990986704826355,0.990986704826355,8.822661399841309
CCN1C(=O)C(N2CCC[C@@](C)(O)CC2)c2ccccc21,0.9906445741653442,0.9906445741653442,3.2537472248077393
O=C(C(F)(F)F)C1(O)COC1,0.9904196858406067,0.9904196858406067,3.174908399581909
CN1CC[C@@H]2[C@@H](CCCN2c2nc3ccccc3n3nnnc23)C1,0.9901342391967773,0.9901342391967773,5.056426048278809
C=CC[C](CO)CCC#CC,0.9900540709495544,0.9900540709495544,4.37000036239624
O=C1CCCC[C@@H]1c1nc(O)c2cc(F)ccc2n1,0.9898512959480286,0.9898512959480286,7.252137660980225
Cc1cc(C#N)cnc1CC(C)(C)CCc1ccc2c(c1)OCCO2,0.9892539978027344,0.9892539978027344,15.282636642456055
N=C1NC(=O)C(c2nnc3n2CCNC3=O)S1,0.9881030917167664,0.9881030917167664,13.100210189819336
Cc1ccc(C[C@@H](C)CCc2cnccc2C#N)cc1C1(O)COC1,0.9873019456863403,0.9873019456863403,2.273329257965088
Cn1c(=O)cc(C(=O)C(=NO)C(=O)C(F)(F)F)c2ccccc21,0.9872336983680725,0.9872336983680725,3.3081703186035156
C[C@@H]1C[C@@H](N2CCC[C@@H](c3cnccn3)C2=O)[C@@H](C)O1,0.9871760606765747,0.9871760606765747,0.9937674403190613
O=C(O)CCC1OCCCO1,0.9871348738670349,0.9871348738670349,6.974432468414307
C[C@@H]1C[C@@H]([C@H]2C[C](O)CN2c2cnn3c2OCCC3)[C@H](C)O1,0.9870280027389526,0.9870280027389526,10.747923851013184
Cc1nonc1-c1cnn(C)c1Oc1cnn(C)c1Cl,0.9868720769882202,0.9868720769882202,12.831165313720703
CC[C@@H](C)N(OC)C(=O)c1cn(C(=O)N(OC)[C@@H](C)CC)nn1,0.9867106080055237,0.9867106080055237,0.16453278064727783
CC(=O)Cc1ccc([N+](=O)[O-])o1,0.9865671992301941,0.9865671992301941,3.505640745162964
Cn1cnc(=NC(=O)C(=O)N2CCC[C@@](C)(O)CC2)[nH]1,0.9864811897277832,0.9864811897277832,3.1517140865325928
C[C@@H](CCCCCCc1cc2n(n1)CCO2)c1cnn2c1OCCC2,0.9856727123260498,0.9856727123260498,12.762179374694824
C[C@H]1CCOCCN1[C@H]1C[C@H](O)CN1c1ccc(S(C)(=O)=O)s1,0.9855222105979919,0.9855222105979919,4.902947425842285
CC1=NC(=S)N=C1CC[C@H](C)C(F)(F)F,0.9851852655410767,0.9851852655410767,11.801730155944824
O=[N+]([O-])C(F)(C[C@@H]1CCN2CCC[C@H]2C1)[N+](=O)[O-],0.9846646785736084,0.9846646785736084,6.330105304718018
O=[N+]([O-])c1cc[n+]([O-])cc1CC[C@@H](O)C[C@@H]1OC[C@@H]2CCC[C@@H]21,0.9843682050704956,0.9843682050704956,1.5818734169006348
C[C@H]1C[C]1[C@@H]1C[C@@H]1c1c([N+](=O)[O-])ncn1C,0.9840716123580933,0.9840716123580933,10.467164993286133
c1nc2n(n1)CCC[C]2NN1CCCC2(CC2)C1,0.9834226965904236,0.9834226965904236,2.846452474594116
O=C1CCCC[C@H]1N1CC[C@H]2CCN[C@@H]2C1,0.983400285243988,0.983400285243988,3.8462774753570557
C#Cc1ccc([C@H]2CCCN(C)C2)nc1,0.9830721616744995,0.9830721616744995,4.051509857177734
C[C@@H](CC(C)(C)c1ccncc1C#N)N1CCC2(CCNC2)CC1,0.9823371171951294,0.9823371171951294,7.532541275024414
CC(C)CCC(=O)C1=NCCN1,0.982004702091217,0.982004702091217,1.5381666421890259
c1ccc2c(c1)nc(-c1conc1NC1=NCCS1)c1nnnn12,0.9816868901252747,0.9816868901252747,1.6076728105545044
N=C(Oc1cnn2c1OCCC2)c1ccc([N+](=O)[O-])c([N+](=O)[O-])c1,0.9795213937759399,0.9795213937759399,7.5403852462768555
CC[C](O)Cc1nonc1C,0.979421079158783,0.979421079158783,18.712238311767578
CS(=O)(=O)CCCCC(=O)C(=O)N=c1cccn[nH]1,0.979059100151062,0.979059100151062,12.361130714416504
C=CC[C@H](C)c1nnn(C=C)n1,0.9789921045303345,0.9789921045303345,8.697587966918945
C[C@H]1COCCCN1C1C(O)=Nc2ccc([N+](=O)[O-])cc21,0.9785675406455994,0.9785675406455994,0.996094822883606
C[C@](O)(CN1CC[C@@H]2COC(=O)N[C@H]2C1)[C@@H]1CCCCNC1=O,0.9784939289093018,0.9784939289093018,8.615904808044434
C=C=CCC[C](CO)CC=C,0.9783334732055664,0.9783334732055664,6.931251525878906
C[C]1CN(c2ccc(C#N)o2)C[C@H]1c1cnn2c1OCCC2,0.9779999256134033,0.9779999256134033,9.946002006530762
Cn1cnc([N+](=O)[O-])c1C1CC(=O)C1,0.9779568910598755,0.9779568910598755,0.0688994750380516
Cc1ccc2nc(C[C@@H](C)C(=O)N3CCN[C@@H](C)C3)cc(=O)n2c1,0.9775366187095642,0.9775366187095642,2.669968605041504
Cc1cc(=NC(=O)C(=O)N2CCC(N)CC2)[nH]n1C,0.9775169491767883,0.9775169491767883,0.22840069234371185
Cc1cnc(C2(C3CC3)CC2)o1,0.9774664640426636,0.9774664640426636,1.1627933979034424
CC(F)(F)C(=O)C(=O)C1=CCCC1,0.9770800471305847,0.9770800471305847,8.259005546569824
Cc1ncccc1C1(N)CCCCC1,0.9770354628562927,0.9770354628562927,10.873501777648926
Cc1cc(CCN)cc(O)n1,0.9765813946723938,0.9765813946723938,5.183303356170654
O[C@H]1CCCC[C]1[C@@H]1C[C@H]1c1cnn2c1OCCC2,0.9765140414237976,0.9765140414237976,11.549747467041016
Cc1cc(CCCS(N)(=O)=O)n[nH]1,0.9761373996734619,0.9761373996734619,2.4378132820129395
C[C@@H]1C[C@H]1c1nn(C)cc1[N+](=O)[O-],0.9760255217552185,0.9760255217552185,0.22468841075897217
CC1=CC(=O)C(Cc2nc(=O)o[nH]2)=CC1=O,0.9756419062614441,0.9756419062614441,1.398314356803894
CC[C@H](C(=O)O)c1nc2ccccc2[nH]1,0.9754796624183655,0.9754796624183655,3.2725775241851807
O=[N+]([O-])c1cc(Br)c([C@H]2CCNC23CCC3)nc1O,0.9754424691200256,0.9754424691200256,9.91540241241455
O=S1(=O)CCC[C@H]1c1cnn2c1OCCC2,0.9752357006072998,0.9752357006072998,12.861451148986816
CN1C(=O)NC(=O)C(c2ccc3c(c2)OCCO3)C1=O,0.9748048186302185,0.9748048186302185,6.5916852951049805
Cc1cc(C#N)cnc1C(=O)C(=O)CCCN1C[C@H]2CNC[C@H]2C1,0.9747312664985657,0.9747312664985657,4.104541301727295
CC[C](CC(=O)CC(C)(C)C)Cc1cncnc1C1(O)COC1,0.9746116399765015,0.9746116399765015,4.835971355438232
CN1C[C@@H](On2cnnc2C(=O)C2=NN3CCCN=C3N2)CC1=O,0.9746008515357971,0.9746008515357971,11.059104919433594
Cc1cc(-c2nc(Cl)cs2)n[nH]1,0.9745969772338867,0.9745969772338867,12.829496383666992
C=CC(=O)CCCC(=O)C(=O)O,0.9742434024810791,0.9742434024810791,1.0607831478118896
C[C@H]1CC[C@@H](c2ncnc3c2CCC3)C1,0.9739061594009399,0.9739061594009399,1.3320343494415283
C[C@H]1COCCN(CC(C)(C)N2CC[C]([C@@H]3CCOC3)C2)C1,0.9738255143165588,0.9738255143165588,13.536858558654785
CC(C)(C(=O)O)C(=O)C([N+](=O)[O-])[N+](=O)[O-],0.9734913110733032,0.9734913110733032,3.107381820678711
C[C@@H]1C[C@H]1c1csc([C@H]2CCCSC2)c1,0.9730079174041748,0.9730079174041748,4.750187397003174
C[C@H]1COCCCN1C1SC(c2ccccc2)=NC1=O,0.9729846715927124,0.9729846715927124,7.889608860015869
O=C(C(=NC(=O)C(F)(F)F)C(F)(F)F)N1C[C@H]2CNC[C@H]2C1,0.9722198247909546,0.9722198247909546,2.804814100265503
N#Cc1cnc([C@@H]2[C@H]3CCO[C@@H]3C23CCC3)c([N+](=O)[O-])c1,0.9721477627754211,0.9721477627754211,7.066899299621582
CC[C@H](C)C(=O)c1cc([C@@H](CO)C(=O)O)c2ccccc2n1,0.9720447659492493,0.9720447659492493,0.569071888923645
C=Cn1nnc([C@H]2CN(c3cc4n(n3)CCO4)C[C]2O)n1,0.9720404744148254,0.9720404744148254,4.808875560760498
CCC(=O)[C@H](C)c1c[nH]c2c1c([N+](=O)[O-])cc[n+]2[O-],0.9716726541519165,0.9716726541519165,1.4816744327545166
Cc1nnccc1-c1cc(CCCC(=O)C(=O)O)[nH]n1,0.9716609120368958,0.9716609120368958,0.6295708417892456
C[C@@H]1CCCN(c2cnn[nH]2)C1,0.9716582894325256,0.9716582894325256,1.0172348022460938
c1cc2c(cc1[C@H]1CCNC1)CCC2,0.9714838862419128,0.9714838862419128,3.2244205474853516
C=CC[C@H](C(=O)O)[C@H](C(N)=O)C(C)C,0.9708645343780518,0.9708645343780518,3.4057037830352783
CC1(C)CC[C@@H]1c1cc(C#N)ccc1[N+](=O)[O-],0.9706628322601318,0.9706628322601318,5.605471611022949
C[C@@H]1OC(=O)N[C@@H]1C(=O)Nn1c(O)nnc1O,0.9705048203468323,0.9705048203468323,2.314392328262329
O=C1c2ccccc2-c2nc([C@H]3CCCSC3)nnc21,0.9701699018478394,0.9701699018478394,9.280665397644043
Cn1nc([N+](=O)[O-])c([N+](=O)[O-])c1C(=O)/C(=N\O)C(=O)C(F)(F)F,0.9695738554000854,0.9695738554000854,0.7942959666252136
c1nc(Oc2cnn3c2OCCC3)n(-c2cnn3c2OCCC3)n1,0.969287097454071,0.969287097454071,17.485445022583008
O=[N+]([O-])c1c([C@@H]2[C@H]3CCO[C@@H]3C23CCC3)cc(Cl)c2nonc12,0.9690843820571899,0.9690843820571899,6.425286293029785
NC(=O)c1ncc(C=O)cc1Br,0.9689400792121887,0.9689400792121887,2.544585704803467
O=C1C=CC(Cc2c(F)ccnc2F)=CC1=O,0.9682770371437073,0.9682770371437073,1.7944931983947754
O=C1CC[C]2[C@H]1[C@@H]2c1cnn2c1OCCC2,0.9675545692443848,0.9675545692443848,19.91202735900879
CC[C@@](C)(CCO)CC(C)C,0.9666538834571838,0.9666538834571838,3.502178907394409
C[C@H]1CC(=NC(=O)c2ccnc3cccc(O)c23)NO1,0.9662784934043884,0.9662784934043884,7.696131706237793
C=C[C@H](C(=O)[C@@H]1[C@H]2CCO[C@@H]2C12CCC2)N1CCOC[C@H](C)C1,0.9647284150123596,0.9647284150123596,8.82054615020752
CN1C[C@@H](C2(CCC#N)COC2)CC1=O,0.9623547792434692,0.9623547792434692,0.5003127455711365
O=[N+]([O-])c1nnc2n(O[C@H]3CCCC34OCCO4)cnn12,0.9612714052200317,0.9612714052200317,16.994808197021484
O=C1NCCCC[C@H]1c1ccc(=O)[nH]n1,0.9605466723442078,0.9605466723442078,5.001386642456055
Cc1c(C([N+](=O)[O-])([N+](=O)[O-])[N+](=O)[O-])cnn1C,0.9601125121116638,0.9601125121116638,3.764646291732788
O=C1NCCCC[C@@H]1c1ccc(=O)[nH]n1,0.959894061088562,0.959894061088562,0.6643630862236023
C[C@@H]1C[C@H](C)CN([C@H](C)C[C@@H](C)c2cc3nccnc3cc2F)C1,0.9597402215003967,0.9597402215003967,8.835909843444824
O=C1C(NN2CCc3ccccc32)=C(Cl)C(=O)c2ncccc21,0.9596936106681824,0.9596936106681824,11.210343360900879
O=C1Nc2c(cc(-c3nnco3)cc2[N+](=O)[O-])C1=O,0.9594224095344543,0.9594224095344543,7.62229061126709
Cc1cc(=NC(=O)C(=O)c2cnn3c2OCCC3)cc[nH]1,0.9593824148178101,0.9593824148178101,14.8092041015625
CCC(=O)[C@@H](C)CC1=C(O)C(=O)c2c([nH]c(C)cc2=O)C1=O,0.9593252539634705,0.9593252539634705,5.79121208190918
CN1C[C@H](OS(C)(=O)=O)CC1=O,0.9581636190414429,0.9581636190414429,0.08695279061794281
CCCCC(=O)C(C)C(=O)O,0.9578315019607544,0.9578315019607544,13.221122741699219
N#CCCc1ccc(Cl)nc1,0.957793116569519,0.957793116569519,6.433119297027588
N#CCc1cc2c(nc1O)CCC2,0.9574440121650696,0.9574440121650696,11.407291412353516
c1nn2c(c1[C@@H]1CCCN(c3cnn4c3OCCC4)C1)OCCC2,0.9572018384933472,0.9572018384933472,19.716598510742188
C[C@H](O)c1cc2n(n1)CCO2,0.9569777250289917,0.9569777250289917,3.9440932273864746
C[C@]1(O)CCCN([C@@H]2CN(N3CCC[C@@](C)(O)CC3)CCCO2)CC1,0.9560382962226868,0.9560382962226868,13.968335151672363
C[C@H]1C(=O)NCCN1OS(C)(=O)=O,0.955493688583374,0.955493688583374,1.6289000511169434
C#Cc1cncc([C@@H]2CC[C@@H](C(=O)CC)C2)c1,0.9554831385612488,0.9554831385612488,1.5152428150177002
C[C@H](C[C@H]1CCOC(C)(C)C1)c1cc(Cl)c2nonc2c1[N+](=O)[O-],0.9552560448646545,0.9552560448646545,0.1085156798362732
C=CCCc1ccc(N)nc1,0.9548996090888977,0.9548996090888977,7.5489678382873535
C[C@@H]1[C@H](c2nc(Cl)cs2)CCS1(=O)=O,0.9544172286987305,0.9544172286987305,4.046722888946533
Cc1nn([C@H](C)CC(=O)O[C@@H]2CCCCO2)c(C)c1[N+](=O)[O-],0.953723669052124,0.953723669052124,3.9232656955718994
C[C@@H]1C[C@@H]1c1cnn2c1OCCC2,0.9535840749740601,0.9535840749740601,3.791139602661133
CCC[C](N)CN1CC[C@H](C)[C@@H](C(=O)Cc2ccc[nH]c2=O)C1,0.9528599381446838,0.9528599381446838,3.8547465801239014
C=C=CCN1C[C@@H](O)[C@@H](C)C1,0.9522780776023865,0.9522780776023865,2.3750863075256348
C[C@H]1OC(=O)N[C@H]1n1cnn(C)c1=O,0.9522520899772644,0.9522520899772644,9.083433151245117
CC(=O)CC(=O)c1nnnn1C,0.9521287679672241,0.9521287679672241,9.693680763244629
C[C@@H](c1cnn(C)n1)C(F)(F)F,0.9519405364990234,0.9519405364990234,15.075936317443848
CCCCC(=O)C(=O)/C(=N/Nc1ccc(Cl)cc1)C(=O)C#N,0.9519355893135071,0.9519355893135071,0.5605984330177307
CCC[C@@H](Cc1c([N+](=O)[O-])no[n+]1[O-])c1cccnc1F,0.9519197940826416,0.9519197940826416,4.084527969360352
C#CC(=O)c1ccc(F)cc1[C]1[C@H]2CCO[C@@H]2C12CCC2,0.9509496092796326,0.9509496092796326,1.3408215045928955
CC(C)[C](Cc1ccc(S(C)(=O)=O)s1)N1CCOC(C)(C)[C@H]1C,0.950937807559967,0.950937807559967,6.311039447784424
C=CC[C@H](C)[C@@H]1C(=O)NCC[C@@H]1C,0.950832188129425,0.950832188129425,3.8275179862976074
c1ccc2c(c1)nc([C@@H]1[C@H]3CCO[C@@H]3C13CCC3)c1nnnn12,0.9507957100868225,0.9507957100868225,1.4472399950027466
CC1(C)C[C@@H](c2ccc3c(n2)=NC(=O)CN=3)CCO1,0.9504913091659546,0.9504913091659546,5.143861770629883
O=C1NCC[C@H]1[C@@H]1[C]2CCO[C@@H]2C12CCC2,0.9502456188201904,0.9502456188201904,5.073986530303955
Cc1cc(O)nc2cc(-c3ccc4oc(=O)ccc4c3)ccc12,0.9491663575172424,0.9491663575172424,9.336471557617188
C[C@H]1COCCN(CCCC(=O)C(=O)c2ncc(C=O)cc2Br)C1,0.948728084564209,0.948728084564209,4.34728479385376
O=C(C[C@@H]1CC(F)(F)CN1c1cccc([N+](=O)[O-])c1)N1CCCO1,0.9477364420890808,0.9477364420890808,1.1772481203079224
CCCCC(=O)C1(C#N)CC1,0.947615921497345,0.947615921497345,10.892532348632812
CC[C@@H](C)CC[C](CC[C@@H](N)CC)C(=O)c1ccc2c(c1)OCCO2,0.9474380612373352,0.9474380612373352,3.0440421104431152
Cc1nnc([C@@H]2C(=O)NCC[C@H]2C)o1,0.9472925066947937,0.9472925066947937,8.691681861877441
Cn1ncnc1-c1cc(O)nnc1[C@H]1CCCC12OCCO2,0.946252167224884,0.946252167224884,2.2697536945343018
Cc1cc(C)c(-c2cnn3c2OCCC3)c(-c2ccc(F)cc2)n1,0.9459145069122314,0.9459145069122314,7.255535125732422
CCC(=O)[C@@H](C)c1ccccc1,0.9457792639732361,0.9457792639732361,6.923740863800049
C[C]1[C@H](c2ncccc2F)CCN1CC(=O)N1CCOCCN1,0.9451116323471069,0.9451116323471069,6.270808696746826
CC[C@@](C)(CCO)Oc1scc(-c2ccc(C#N)o2)c1C,0.9449094533920288,0.9449094533920288,7.002994060516357
CC1(N2CCn3nccc3C2)COC1,0.9447529315948486,0.9447529315948486,8.032281875610352
Cc1cc(=NC(=O)C[S@](=O)Cc2nnc(C)o2)[nH]o1,0.943613588809967,0.943613588809967,6.440885543823242
C[C@@]1(OC(=N)c2c(C#N)no[n+]2[O-])C[C@@H]1c1ccccc1F,0.9433031678199768,0.9433031678199768,6.010005950927734
Cc1c([N+](=O)[O-])cc(-c2ccccc2C#N)c([N+](=O)[O-])c1[N+](=O)[O-],0.9424499869346619,0.9424499869346619,1.1231290102005005
CC1=NC(=S)N=C1CCc1ncn(C)n1,0.9418558478355408,0.9418558478355408,8.01462173461914
CN1CCC(C#N)(c2ncncc2-c2ccc(C#N)c(Cl)c2)CC1,0.941520094871521,0.941520094871521,12.102983474731445
CC1CCN(C2(C3CC3)CC2)CC1,0.940865695476532,0.940865695476532,3.362776041030884
C[C](O)CNC1=CC(=O)C(F)=CC1=O,0.9405087828636169,0.9405087828636169,5.364854335784912
Cc1nc2ccc([C@H]3CCC[C@H]3c3csnn3)cc2nc1C,0.9404383897781372,0.9404383897781372,5.8522491455078125
O=C(N=c1[nH]n2cnnc2s1)N1CCn2nccc2C1,0.9402725100517273,0.9402725100517273,6.806153297424316
CC(C)(C#N)Cc1ccsc1,0.9400650858879089,0.9400650858879089,4.653326034545898
Cn1cnc([N+](=O)[O-])c1-c1cncnc1-c1cccc(Br)c1,0.9399861097335815,0.9399861097335815,6.847733497619629
Cn1ncc(-n2ncc(CCC(=O)Nn3c(O)nnc3O)n2)n1,0.9397692084312439,0.9397692084312439,8.268730163574219
CN1CC[C@H]1[C@H]1CC(C)(C)CO1,0.939734935760498,0.939734935760498,4.822251319885254
CCC(=O)c1ccc2nn[nH]c2c1,0.9396126866340637,0.9396126866340637,5.857630729675293
Cc1cc(=NC(=O)C(=O)CCCF)cc[nH]1,0.9390444159507751,0.9390444159507751,3.9041762351989746
Cn1nccc1CC(O)CC1C(=O)Nc2ccc(F)cc21,0.938075840473175,0.938075840473175,3.9174399375915527
C=C[C@@H](C(=O)N1CC[C@@]2(CCOC2=O)C1)[C@H]1CCCC12OCCO2,0.9380634427070618,0.9380634427070618,9.90298843383789
CC1(C)CO[C@@H](c2ccoc2)C1,0.9374707341194153,0.9374707341194153,2.2778379917144775
Cc1nnccc1C(=O)C(=O)N=c1nc[nH]n1C,0.9374608993530273,0.9374608993530273,12.607224464416504
C[C](Cc1ccccc1Cl)n1c(Br)nc([N+](=O)[O-])c1[N+](=O)[O-],0.9373502731323242,0.9373502731323242,6.908310413360596
CCCCCN1CCN(c2ccc3c(C)cc(O)nc3c2)CC(C)C1,0.9370478987693787,0.9370478987693787,8.678085327148438
C=CCS(=O)(=O)CCc1nn(-n2cc([N+](=O)[O-])c(C)n2)nc1C,0.9360864758491516,0.9360864758491516,4.858494281768799
Cc1nc([C@@H]2[C]3COC[C@H]32)oc1C,0.9354915618896484,0.9354915618896484,14.101187705993652
O=c1[nH]cccc1-c1nnc(Br)nn1,0.9353723526000977,0.9353723526000977,3.3045945167541504
Cn1nnc2c(CC[C](O)N3CCNC(=O)C3)ccnc21,0.9352368712425232,0.9352368712425232,3.0156304836273193
Cc1nc([C@@H]2NC(=O)N(c3nonc3C)C2=O)cnc1Cl,0.9352186918258667,0.9352186918258667,1.181537389755249
NC(=O)CCCc1cc[nH]c(=O)c1,0.9351898431777954,0.9351898431777954,8.16085147857666
O=C1N=c2cccc([C@H]3C=CCC3)c2=N1,0.9349650144577026,0.9349650144577026,1.7721035480499268
Cc1cnc(-c2cc(=O)cc[nH]2)o1,0.9343847632408142,0.9343847632408142,7.505867004394531
C[C@@H]1CCCN([C@H]2CN(c3cnn4c3OCCC4)C[C]2N)C1,0.934370756149292,0.934370756149292,10.541953086853027
C[C@H]1N(c2cc(O)nnc2-c2ccc(S(C)(=O)=O)s2)CCOC1(C)C,0.9342595934867859,0.9342595934867859,10.826101303100586
C[C@H](CF)NC(=S)NN=C1C(=O)NC(=O)NC1=O,0.9341847896575928,0.9341847896575928,0.7957722544670105
O=[N+]([O-])c1ccc2c(c1)C(c1ccccc1O)C(O)=N2,0.9341593980789185,0.9341593980789185,1.089409589767456
C[C@H]1CN(N2CC3(CN(N4CC[C@H](N)C4)CCO3)C2)CCN1,0.9331066012382507,0.9331066012382507,2.7970988750457764
O=C(C1=NN(CCCCCO)C(=O)CC1)c1ccc2c(c1)OCCO2,0.9330912828445435,0.9330912828445435,1.8427685499191284
Cc1cc([C@@H]2CCCO2)nc(O)n1,0.9327023029327393,0.9327023029327393,0.17105740308761597
O=C1NCCCC[C@@H]1c1ncccn1,0.9326987266540527,0.9326987266540527,6.719874382019043
O=C1C(Cl)=C(Cl)C(=O)C(Nc2cc([N+](=O)[O-])sc2CCCF)=C1Cl,0.9323664307594299,0.9323664307594299,3.7629945278167725
O=[N+]([O-])C1=S=C(c2nnc(CC(F)(F)C(F)F)o2)C=C1,0.9319006204605103,0.9319006204605103,2.540283679962158
C[C]1C[C@@H](c2cc3c(nc2O)CCC3)[C@H](C)O1,0.9317408800125122,0.9317408800125122,8.736614227294922
Cn1cc[nH]c(=NC(=O)C(=O)CCCCC(=O)O)c1=O,0.931161105632782,0.931161105632782,4.19517183303833
C=C(C)[C@H](C)N1CC2(CCCC2)C[C@H]1N1CCc2ccccc21,0.9309455156326294,0.9309455156326294,3.1471962928771973
Cn1cc(N2CC[C@@H]3CC[C@@H](C2)N3c2nc(Cl)cs2)c(O)nc1=O,0.9294116497039795,0.9294116497039795,3.698596715927124
C[C@@H]1CNC[C@H]1c1nnc(S(C)(=O)=O)n1C,0.9291321039199829,0.9291321039199829,5.899905681610107
C=C[C@H](C(=O)O)S(=O)(=O)c1cc(N2C[C](N)[C@H](C)C2)no1,0.9289423227310181,0.9289423227310181,2.9884390830993652
C#C[C@@H](C(C)C)[C@H]1CC[C@@H](C)C1,0.927132785320282,0.927132785320282,5.677385330200195
O=C1N=C(c2ccccc2)SC1c1ccc([N+](=O)[O-])s1,0.9269216656684875,0.9269216656684875,4.487222671508789
Cn1ccc(=NC(=O)C(=O)c2ccccc2Cl)nc1O,0.926701009273529,0.926701009273529,1.2157752513885498
c1cc2c(cc1-c1ccc(-c3cnn4c3OCCC4)nn1)OCCO2,0.9266834855079651,0.9266834855079651,21.35679054260254
CCC(=O)c1ccc(C=O)o1,0.9266374707221985,0.9266374707221985,4.911966323852539
Cn1nnc(-c2nnco2)n1,0.9265567064285278,0.9265567064285278,0.024659914895892143
C1=NN(CC[C@@H]2[C]3COC[C@H]32)CC1,0.9265449643135071,0.9265449643135071,10.718751907348633
O=C1CCCN1C1OCCO1,0.9263358116149902,0.9263358116149902,5.531726837158203
CC[C@H](N)C[C@H]1CCCNC1,0.9258595705032349,0.9258595705032349,7.2752861976623535
O=C1C[C@H](c2c(Br)cncc2[N+](=O)[O-])CCN1,0.925665020942688,0.925665020942688,4.506366729736328
O=C(N=c1cc[nH]cc1)C(=O)c1ccc([N+](=O)[O-])s1,0.9244128465652466,0.9244128465652466,6.611454963684082
Cc1ncc(Br)n1S(=O)(=O)C(F)F,0.9243581295013428,0.9243581295013428,6.412846088409424
N=C1NC(=O)C(N2C[C@H](O)[C@@H](O)C2)S1,0.9243322014808655,0.9243322014808655,2.5338783264160156
C=CCCC(=O)CCCC#N,0.9242767095565796,0.9242767095565796,5.722478866577148
O=C1NC(=S)SC1c1cc2ccccc2c(=O)[nH]1,0.9239652156829834,0.9239652156829834,1.118516206741333
NN1C(=O)C(C(=O)C2=NNC(=O)CC2)SC1=S,0.9232397675514221,0.9232397675514221,14.084278106689453
C#C[C@@H](c1cncs1)C(C)C,0.9222666025161743,0.9222666025161743,6.267472267150879
C[C]1CN(N2CN(n3ccc(=O)c([N+](=O)[O-])c3)CC2=O)CCN1,0.9216451644897461,0.9216451644897461,1.7087851762771606
CC1=CC(=O)C(C[C@H](CF)C(=O)O)=CC1=O,0.9216274619102478,0.9216274619102478,6.561829090118408
C[C@H]1CCNC(=O)[C@H]1c1ccnc(F)c1,0.9213147759437561,0.9213147759437561,6.411305904388428
CC(C)CCN1CC(C)(F)C1,0.9212797284126282,0.9212797284126282,0.9610896706581116
Cc1csc(=O)n1[C@@H]1CCC(=O)N1,0.9203371405601501,0.9203371405601501,1.1725009679794312
CC(C)(CCc1cc(Br)cc([C@@H]2CC23CCC3)c1)S(C)(=O)=O,0.9199916124343872,0.9199916124343872,5.88715124130249
Cc1c(-c2ccc([N+](=O)[O-])s2)n2ncc(C#N)c2ncc1=O,0.9196517467498779,0.9196517467498779,0.9440587759017944
CC[C@H](C(=O)O)[C@@H]1C(=O)NCC[C@H]1C,0.9194296002388,0.9194296002388,7.808129787445068
C[C](CC(=O)C1(C#N)CC1)c1oc(-c2nc(=O)n(C)[nH]2)nc1C,0.9193657040596008,0.9193657040596008,0.5313669443130493
CC[C@@H](C)N(OC)C(=O)NC,0.9193587899208069,0.9193587899208069,7.314864635467529
CC(C)(N)Cc1cc([N+](=O)[O-])c[nH]1,0.9186599850654602,0.9186599850654602,3.2405428886413574
Cc1cc(C)n([C@H](C[C@]2C[C@@H](N)C2)c2ccc(S(C)(=O)=O)s2)n1,0.9185664057731628,0.9185664057731628,0.17122340202331543
N#Cc1cc([C@H]2CCC(=O)C2)ncn1,0.9167730808258057,0.9167730808258057,0.8234402537345886
C=C(Cl)CN1C=CC(=C2N=c3ccc(C)cc3=N2)C=C1,0.9157772064208984,0.9157772064208984,4.549290657043457
Cn1cnc([N+](=O)[O-])c1C1CC(c2ccc3c(c2)OCCO3)C1,0.9153637290000916,0.9153637290000916,13.906269073486328
Cc1nnc([C]2CN(S(=O)(=O)C[C@H](C)OS(C)(=O)=O)CCO2)o1,0.9151709079742432,0.9151709079742432,3.0792481899261475
CC(C)(Cc1c[n+]([O-])ccc1[N+](=O)[O-])CN1CCc2ccccc21,0.9150403141975403,0.9150403141975403,7.00900411605835
CC(C)[C@H](O)C[C@H]1C[C@H](N)C1,0.9145317673683167,0.9145317673683167,10.90866756439209
Cc1nocc1-c1nonc1C,0.9143784642219543,0.9143784642219543,4.643298149108887
CC[C@@H](N)C[C@@H]1COC(=O)O1,0.9141847491264343,0.9141847491264343,7.197667598724365
C[C](CC[C@@H](C)C[S@](C)=O)N1CCC[C]([C@H]2CCCNC2)C1,0.9139562845230103,0.9139562845230103,4.079877853393555
C[C@@H]1CNC[C@H]1[C@@H](C(=O)O)N1C[C@H]2CN(C)CC[C@H]2C1,0.9134186506271362,0.9134186506271362,2.9108927249908447
CCCCc1ncccc1O,0.9133519530296326,0.9133519530296326,5.2433271408081055
O=[N+]([O-])c1cc([N+](=O)[O-])[n+]([O-])nc1[C@H]1CCCC12OCCO2,0.9123952984809875,0.9123952984809875,7.634650707244873
C=C[C@@H](C(=O)c1scc(C2CCC2)c1C)N1CCS[C@H](C)C1,0.9120469689369202,0.9120469689369202,4.449426651000977
O=C1C=CC(=NC(=O)N2C[C@H](O)[C@@H](O)C2)C=C1,0.9116544127464294,0.9116544127464294,10.501179695129395
O=c1cnnc(S)n1N=Cc1cn(N2CC[C@H]([C@H]3CCOC3)C2)nn1,0.9115839600563049,0.9115839600563049,13.151065826416016
Cc1cccc2c1NC(=O)C2[C@H]1CCCCNC1=O,0.9112637042999268,0.9112637042999268,3.4604451656341553
Cc1cc([C@H](C)N)c(C)n1C,0.9095223546028137,0.9095223546028137,8.233827590942383
CCC(=O)Cc1nc(Cl)cs1,0.9092167615890503,0.9092167615890503,9.183160781860352
O=C1C(=O)N(C(=O)CCc2c(F)ccnc2F)c2ccccc21,0.9078392386436462,0.9078392386436462,9.808226585388184
C[C@@H](CC(=O)N1CCC[C@@](C)(O)CC1)Oc1nc[nH]c1[N+](=O)[O-],0.9077797532081604,0.9077797532081604,3.1528282165527344
Cc1cc(=NC(=O)C(=O)c2cncn2C)[nH][nH]1,0.9077597260475159,0.9077597260475159,6.417696475982666
CC[C@H](N)C[C@@H]1[C]2CCC(=O)[C@@H]21,0.9074235558509827,0.9074235558509827,6.187446117401123
Cc1cnc([C@@H]2C(=O)NCC[C@@H]2C)o1,0.9066612124443054,0.9066612124443054,4.296331405639648
Cc1c([C@H]2CCCSC2)csc1C(=O)Nn1c(O)nnc1O,0.9065858721733093,0.9065858721733093,1.1492193937301636
O=C(O)CCCCc1cc[nH]n1,0.9065853357315063,0.9065853357315063,10.471673011779785
CN1CCC[C@@H]1c1ncc(C=O)cc1Br,0.9063276052474976,0.9063276052474976,11.161717414855957
O=C(N=c1cc[nH]cc1)c1c(Br)cc([N+](=O)[O-])cc1[N+](=O)[O-],0.9061977863311768,0.9061977863311768,5.303109169006348
C[C@@H]1CC=CC[C@H]1c1ncc([N+](=O)[O-])cc1C#N,0.9058398008346558,0.9058398008346558,1.7754228115081787
Cc1cn2ccc([C@@H]3CCOC[C@H]3c3cc4n(n3)CCO4)cc2n1,0.9056522250175476,0.9056522250175476,1.414946436882019
O=C(O)[C@H](CF)[C@H]1CCc2[nH]ncc2C1,0.9056141376495361,0.9056141376495361,6.123369216918945
C[C@H]1CCNC(=O)[C@@H]1C(=O)/C=C/[N+](=O)[O-],0.9052066802978516,0.9052066802978516,0.23971790075302124
N#CCCn1cc(Cl)cn1,0.904751181602478,0.904751181602478,11.455461502075195
C[C](C(=O)c1cc(Cl)no1)[C@@H](C)c1occc1[C@H]1CCCN(C)C1,0.9037066698074341,0.9037066698074341,9.042047500610352
CC1(c2cnc(O)c3ccccc23)CC1,0.9034156203269958,0.9034156203269958,5.566970348358154
CC(=O)Cc1ccc(C)c(F)c1,0.9034072756767273,0.9034072756767273,0.8762727379798889
Cc1nnc(CCCCS(C)(=O)=O)cc1-n1ccc(=O)c([N+](=O)[O-])c1,0.9032258987426758,0.9032258987426758,9.633688926696777
C[C@@H]1C[C@H](C)CN([C@H]2CCCN(c3cnn4c3OCCC4)[C@@H]2C)C1,0.9032019376754761,0.9032019376754761,15.106661796569824
C[C@H]1CN(C(C)(C)C)CCO1,0.9031472206115723,0.9031472206115723,6.425085544586182
C[C@H](CS(=O)(=O)c1cnn2c1OCCC2)C(=O)Nn1c(O)nnc1O,0.9022865295410156,0.9022865295410156,4.905086994171143
Cc1cc(C(F)F)c(C)n1C,0.9017801880836487,0.9017801880836487,2.501232147216797
CCC[C@H](C)C1CC(C)C1,0.9003424644470215,0.9003424644470215,4.611787796020508
C=C[C@H](C(=O)O)C1(C#N)CCC1,0.9000778198242188,0.9000778198242188,3.6145334243774414
Cc1cccc([C@@H]2CN(N3CC[C@@]4(CCOC4=O)C3)C[C@H]2C)n1,0.9000370502471924,0.9000370502471924,10.948668479919434
Cn1cnc([N+](=O)[O-])c1[C@H]1CCCCC1=O,0.8992912173271179,0.8992912173271179,9.29011344909668
Cc1cc(=NC(=O)[C@@H](C)C(=O)C(C)(C)C(=O)O)c(C)c[nH]1,0.8989880084991455,0.8989880084991455,1.601070523262024
Cn1nc([N+](=O)[O-])c([N+](=O)[O-])c1NCNN1CCC[C@@](C)(O)CC1,0.8988643884658813,0.8988643884658813,1.2274338006973267
CC[C@@H](C)CC(=O)N=c1cc[nH]cc1,0.8988303542137146,0.8988303542137146,8.205400466918945
C[C@@H](c1nncs1)C(F)(F)F,0.8974313735961914,0.8974313735961914,5.730873107910156
C[C@@H]1CCCN([C@H]2C=CCC2)C1,0.8973765969276428,0.8973765969276428,4.820917129516602
CC[C@@H](C)N(OC)C(=O)c1nnc(Cl)c(-c2ccc([N+](=O)[O-])o2)n1,0.8973148465156555,0.8973148465156555,8.773003578186035
N#Cc1ccc(N2C[C](O)[C@H](CC(=O)N3CCOCCN3)C2)cc1Cl,0.8972095847129822,0.8972095847129822,6.232835292816162
CC(C)[C@@H](C(N)=O)[C@H]1CCS(=O)(=O)[C@H]1C,0.8956765532493591,0.8956765532493591,4.755382537841797
O=[N+]([O-])c1c(N[C@H]2CCCn3ncnc32)ccc2nonc12,0.8956161737442017,0.8956161737442017,2.414858102798462
C[C@H](C(F)(F)F)C1(C)CCC1,0.8954158425331116,0.8954158425331116,2.099996328353882
c1csc(N2CCCC2)c1,0.8950206637382507,0.8950206637382507,6.374950885772705
CCCCCc1cscn1,0.8947089910507202,0.8947089910507202,3.661977767944336
C[C@@]1(O)CCCN(c2nnc(O)cc2-c2cnn3c2OCCC3)CC1,0.8944951295852661,0.8944951295852661,8.753646850585938
Cc1cc2ccccc2nc1S(=O)(=O)CCc1cnn2c1OCCC2,0.8944690823554993,0.8944690823554993,10.085537910461426
N#CC(=O)/C(=N\Nc1ccc(F)cc1)C(=O)c1cc2n(n1)CCO2,0.8939167261123657,0.8939167261123657,6.220561981201172
C[C]1C[C@H]1c1c(F)cccc1[N+](=O)[O-],0.8938328623771667,0.8938328623771667,6.369043350219727
C#CC[C@@H]1CCOC1(C)C,0.8936939239501953,0.8936939239501953,6.3569464683532715
C[C]1CN(N2C[C@H](C)C[C@H](C)C2)CC[C@@H]1c1cnn2c1OCCC2,0.8929004073143005,0.8929004073143005,13.001379013061523
NC1(c2ccc3nonc3c2[N+](=O)[O-])CCCCC1,0.8923208713531494,0.8923208713531494,4.936914443969727
CC(C)C[C@H](CN)c1cnc([N+](=O)[O-])[nH]1,0.8921756744384766,0.8921756744384766,0.4959810674190521
Cc1cc(C(=O)n2ccccc2=NC(C)C)c2cnn(C)c2n1,0.8920530080795288,0.8920530080795288,5.7900872230529785
c1nn2c(c1-c1nnc(N3CC[C@H]([C@@H]4CCOC4)C3)s1)OCCC2,0.8919162154197693,0.8919162154197693,9.47579288482666
C[C@]1(O)CCCN(n2cc([C@@H]3[C]4CCO[C@@H]4C34CCC4)cn2)CC1,0.8917089700698853,0.8917089700698853,5.732705593109131
C[C@@H]1CCCN(n2c3nc(=O)[nH]c(=O)c-3nc3ccccc32)C1,0.8910754919052124,0.8910754919052124,0.6666262149810791
N#Cc1cnccc1ON=C1C(=O)NC(=O)NC1=O,0.8909200429916382,0.8909200429916382,7.393270492553711
Cn1cc([C@@H]2CCC[C@H]2C2(O)COC2)c(O)nc1=O,0.8903523087501526,0.8903523087501526,3.907186269760132
O=[N+]([O-])c1ccc(N2CCO[C@@H](c3nccn4ccnc34)C2)s1,0.8902435898780823,0.8902435898780823,5.030005931854248
CC(C)(CC[C@@H]1C[C@H]1c1cnn2c1OCCC2)S(C)(=O)=O,0.8895178437232971,0.8895178437232971,19.027284622192383
CCC(=O)[C@@H]1COC[C@@H]1O,0.8880444169044495,0.8880444169044495,0.08297475427389145
CN1C[C@@H](c2ccc3c(n2)=NC(=O)CN=3)CC1=O,0.8873740434646606,0.8873740434646606,4.7681097984313965
S=C(N=c1nc(-c2cc3n(n2)CCO3)s[nH]1)c1ccccc1,0.887372612953186,0.887372612953186,0.15139073133468628
CC[C](CC(C)(C)C)C(=O)O,0.8873497843742371,0.8873497843742371,0.6303614974021912
CS(=O)(=O)CCCC[C@@H]1CC=C[C@@H](c2ccc([N+](=O)[O-])s2)C1,0.887128472328186,0.887128472328186,11.179194450378418
C[C@H](CC(=O)N=c1cccn[nH]1)c1cccc(=O)[nH]1,0.8863693475723267,0.8863693475723267,0.4615094065666199
C[C@H]1CC(=NC(=O)CC(C)(C)Cc2cnn3c2OCCC3)NO1,0.8849245309829712,0.8849245309829712,9.419098854064941
CC[C@@H](Cn1nc(C)c([N+](=O)[O-])c1[N+](=O)[O-])CC(F)([N+](=O)[O-])[N+](=O)[O-],0.8844143748283386,0.8844143748283386,3.970945358276367
Cn1cnc([N+](=O)[O-])c1[C@H]1COC(C)(C)CN1c1ccc(Cl)cn1,0.8843037486076355,0.8843037486076355,7.137218475341797
Cc1nn(CCCCC#N)nc1NC1=CC(=O)C(F)=CC1=O,0.8841702938079834,0.8841702938079834,6.901277542114258
CC[C](C)CC(=O)C[N+](=O)[O-],0.884091854095459,0.884091854095459,4.89408540725708
Cc1nn(C)cc1OC(F)F,0.8837851881980896,0.8837851881980896,2.0762977600097656
O=C1NCCCC[C@@H]1CCCO,0.8834593892097473,0.8834593892097473,10.526421546936035
Cc1nc(N2CC[C@@](C)([C@H]3C(=O)NCC[C@H]3C)C2)oc1C,0.8830397129058838,0.8830397129058838,4.324273109436035
N#Cc1ccc([C@@H]2CCCN(c3ncc(C=O)cc3Br)C2)o1,0.8829293847084045,0.8829293847084045,2.6721205711364746
Cn1c([C@H]2[C]3CN(c4nc(=O)o[nH]4)C[C@H]32)nnc1[N+](=O)[O-],0.8826998472213745,0.8826998472213745,3.1850805282592773
O=C1c2c(O)cccc2CC1c1cnn2c1OCCC2,0.8826663494110107,0.8826663494110107,8.543307304382324
CC[C@@H](C#N)[C@]1(C)CC1(F)F,0.8822233080863953,0.8822233080863953,2.8928139209747314
CCS(=O)(=O)C[C@H](C)N1CC[C@@](C)(CCCC[C]2CC(C)(C)CO2)C1,0.882209062576294,0.882209062576294,0.5339224338531494
CC(=O)C[C@H](C(N)=O)C(C)C,0.8816015124320984,0.8816015124320984,1.4121290445327759
C[C]1CCN(Cc2ccc(S(=O)(=O)c3c4c(nn3C)CCCC4)s2)C1,0.8814489245414734,0.8814489245414734,6.042060852050781
Cc1noc([C@H]2CC23CC3)n1,0.8803588151931763,0.8803588151931763,10.488947868347168
C[S@](=O)[C]1CCC[C@H](c2cn(-c3nc[nH]n3)nn2)C1,0.8802812695503235,0.8802812695503235,5.424901008605957
C[C@@H](Cc1c(F)ccnc1F)c1oncc1-c1cnn2c1OCCC2,0.8797821402549744,0.8797821402549744,11.000232696533203
C[C@@H]1CN(N2C(=O)c3nccnc3[C@H]2N)C[C@H]1O,0.8795821666717529,0.8795821666717529,2.696967124938965
C[C]1C[C@H](C)CN(C(=O)/C(=N/Nc2cccc(Cl)c2)C(=O)C#N)C1,0.8791170716285706,0.8791170716285706,12.24356746673584
CC(C)(O)Cc1cc([N+](=O)[O-])c(-c2ccccc2F)cc1[N+](=O)[O-],0.8788819313049316,0.8788819313049316,3.306649684906006
C[C@H](Cc1cc2cccnc2s1)C(=O)CCc1ccc(S(C)(=O)=O)s1,0.8781144022941589,0.8781144022941589,1.6891347169876099
CC(=O)Cc1c(F)ccnc1F,0.8777710199356079,0.8777710199356079,2.3632397651672363
C[C@@H](CN)CCC[N+](=O)[O-],0.8771713972091675,0.8771713972091675,2.44124174118042
C[C@@H]1CCCN(CC(N)=O)C1,0.8766646981239319,0.8766646981239319,7.0617547035217285
CC(=O)N1C(=O)C(N2CCC[C@@H](N)C2)c2ccccc21,0.8765576481819153,0.8765576481819153,13.735176086425781
Cn1cc([C@@H]2CCC[C@@H]2O)c(O)nc1=O,0.876258134841919,0.876258134841919,5.782718658447266
CC(=O)CC(=O)C1(c2ncccc2F)CC1,0.8762088418006897,0.8762088418006897,7.054800510406494
Cc1cc(=NC(=O)C[C@H]2CNC(=O)O2)[nH]nc1C,0.8756959438323975,0.8756959438323975,2.8263967037200928
O=C(N=c1cc[nH]cc1)C(=O)N1CCCCC1,0.8756677508354187,0.8756677508354187,13.738134384155273
C=C(Cl)CC[C@H](C)C(=O)O,0.875507652759552,0.875507652759552,1.93083918094635
C[C@H](C(=O)CCN1CCC[C@](C)(O)CC1)c1cn(C)c(=O)nc1O,0.8753666281700134,0.8753666281700134,10.376866340637207
CC1=C(C(=O)C(=O)O)[C@@H](CC(=O)N2CCOCCN2)NC(=S)N1,0.8749756813049316,0.8749756813049316,10.351048469543457
C[C@@H]1OC(=O)N[C@@H]1c1c2c(nn1C)CCCC2,0.8749189972877502,0.8749189972877502,12.42595386505127
CCCC[C@@H](C(=O)O)N(C)C1=C(Cl)C(=O)c2ccccc2C1=O,0.8748677372932434,0.8748677372932434,1.3215299844741821
N#Cc1ccsc1CCCN1C[C](O)[C@H]([C@H]2CCNC23CCC3)C1,0.8741529583930969,0.8741529583930969,7.126091480255127
C[C@H](CO)CC1=CC(=O)C=CC1=O,0.8737648725509644,0.8737648725509644,5.690382957458496
CC(=O)CCC(=O)CCC(=O)O,0.8737195730209351,0.8737195730209351,6.318073749542236
Cn1cnc([N+](=O)[O-])c1CC(=O)NOc1cc[nH]c(=O)c1,0.8734263181686401,0.8734263181686401,2.8112282752990723
C#CCCCc1nn(-n2ncc(C#N)c2[N+](=O)[O-])nc1[N+](=O)[O-],0.8734077215194702,0.8734077215194702,5.6184983253479
CC(C)CC1(C#N)CCC1,0.8728711009025574,0.8728711009025574,3.850339889526367
CONC(=O)Cc1nnc(O)cc1C1(c2nc(Cl)cs2)CCC1,0.872597336769104,0.872597336769104,0.44367438554763794
CC(C)CCC1(C#N)CC1,0.8725703954696655,0.8725703954696655,1.2340047359466553
O=C(C1=Cc2ccccc2OC1)c1ccc([S@](=O)O)c([N+](=O)[O-])c1,0.8723666071891785,0.8723666071891785,3.479430913925171
O=C1Nc2ccc(F)cc2C1c1cc([N+](=O)[O-])no1,0.8721407055854797,0.8721407055854797,14.341913223266602
O=CCN1C[C@H](O)[C@@H](O)C1,0.872009813785553,0.872009813785553,7.339184761047363
CCCCC(=O)S(=O)(=O)c1cnc[nH]1,0.8719145059585571,0.8719145059585571,2.583958387374878
Cc1nc(=NC(=O)C(=O)c2cnn3c2OCCC3)o[nH]1,0.8711077570915222,0.8711077570915222,6.531776428222656
C[S@@](=O)C[C@@H]1CC(C)(C)CO1,0.8699383735656738,0.8699383735656738,0.4142899811267853
CC[C@](C)(C#N)CC(=O)O,0.8697934746742249,0.8697934746742249,11.221024513244629
C[C@@H](O)Cc1cccnc1F,0.8693895936012268,0.8693895936012268,2.010643243789673
CON(C)CCN1CCC[C@@H](n2c(C=O)nc3ccccc32)C1,0.868897557258606,0.868897557258606,9.40997314453125
Cn1ncc([N+](=O)[O-])c1C([N+](=O)[O-])([N+](=O)[O-])[N+](=O)[O-],0.867588222026825,0.867588222026825,3.845874071121216
N#Cc1ncn(CCN)n1,0.8672981858253479,0.8672981858253479,9.563446998596191
C[C@@H]1CN(c2ncccc2Cl)C[C]1[C@H]1CCS(=O)(=O)C1,0.8669336438179016,0.8669336438179016,1.545409917831421
O=[N+]([O-])[C]1C[C@H]1S(=O)(=O)c1ccc([N+](=O)[O-])s1,0.8666176199913025,0.8666176199913025,2.2159407138824463
C[C@@H](C(=O)C(=O)N=c1[nH]ccn(C)c1=O)C(F)(F)F,0.8657998442649841,0.8657998442649841,8.037494659423828
Cc1cccc(-c2nccnc2C)c1-c1cnc(Cl)cc1[N+](=O)[O-],0.8657888174057007,0.8657888174057007,1.2485253810882568
CS(=O)(=O)OC1(C#N)CC1,0.8637031316757202,0.8637031316757202,7.316231727600098
CC(C)[C@@H](C(N)=O)n1nn[nH]c1=O,0.8629413843154907,0.8629413843154907,7.1910271644592285
CS(=O)(=O)c1ccc([C@H]2CCCS2(=O)=O)cn1,0.8624857068061829,0.8624857068061829,3.6394152641296387
Cc1csc(-c2scnc2-c2ncc([N+](=O)[O-])cc2Br)c1C#N,0.862330973148346,0.862330973148346,8.261651992797852
CCC(C(=O)N=c1nc(C)[nH]n1-c1nonc1C)[N+](=O)[O-],0.8618925213813782,0.8618925213813782,4.320985794067383
Cc1nc(-c2cnn3c2OCCC3)oc1-c1cnn2c1OCCC2,0.8616095185279846,0.8616095185279846,8.602255821228027
N#Cc1ccc(CCC2=CC(=O)C(=O)C=C2)cc1Cl,0.8611469864845276,0.8611469864845276,6.81845760345459
C[C]1CC[C@H](N2CC(c3ncccc3Cl)C2)C1,0.8610436916351318,0.8610436916351318,3.625755548477173
C[C@@H]1C[C@H](C)CN(C[C@@H](C)CCc2cccc3c2=NC(=O)N=3)C1,0.8610320091247559,0.8610320091247559,7.927943229675293
C[C@@H]1C[C@@H]([C@@H]2CCCN2CCc2cnn3c2OCCC3)[C@H](C)O1,0.8605701923370361,0.8605701923370361,12.698311805725098
CCC[C](CC1=CC(=O)C(C)=CC1=O)C[C@@H]1OC[C@@H]2CCC[C@@H]21,0.8602664470672607,0.8602664470672607,5.131199836730957
C[C@@H](CN)CCCCC#N,0.8595802187919617,0.8595802187919617,2.2310945987701416
Nc1cnc(OC2=CC(=O)C(O[C@H]3CCCSC3)=CC2=O)cn1,0.8593933582305908,0.8593933582305908,1.8022747039794922
C[C@H]1C(=O)NCCCN1CCCc1ncc(N2CCOC2=O)cn1,0.8591856956481934,0.8591856956481934,9.765610694885254
C[C@H](C(=O)C(C)(C)C(=O)O)[C@@]1([C@H]2CCNC23CCC3)CCOC1,0.8580988049507141,0.8580988049507141,4.284421920776367
Cc1c(CC(=O)CCC(=O)O)n2ncc(C#N)c2ncc1=O,0.8575930595397949,0.8575930595397949,6.2213053703308105
CC1=NNC(=O)[C@@H]1N1CCC[C@@H](C)C1,0.8573887944221497,0.8573887944221497,4.004028797149658
CC(C)[C@H](C(=O)OS(=O)(=O)c1ccccc1C=O)c1cc(Cl)no1,0.8571380972862244,0.8571380972862244,0.5588682293891907
C[C@@H]1C[C@H](C2C(=O)Nc3ccccc32)CCN1,0.8570129871368408,0.8570129871368408,4.334043502807617
O=C1CC[C]2[C@H]1[C@@H]2c1ccnc2ccccc12,0.8557275533676147,0.8557275533676147,4.026438236236572
CC[C@@](C)(CCO)OC(=O)[C@@H](C)[C@H](C)C(=O)Nn1c(O)nnc1O,0.85556560754776,0.85556560754776,11.32050895690918
O=[N+]([O-])[C@@H]1C[C@H]1c1cc(Cl)no1,0.8548386693000793,0.8548386693000793,3.4155890941619873
C=C[C](C(=O)[C@H]1CCCN(C)C1)N1CCC[C](C)C1,0.8546473383903503,0.8546473383903503,5.112135410308838
O=C1C=CC(CCc2cnn3c2OCCC3)=CC1=O,0.8544394373893738,0.8544394373893738,10.498952865600586
C[C@@H](C[S@@](C)=O)N1C(=O)c2nccnc2[C@@H]1N,0.8543964624404907,0.8543964624404907,1.6164833307266235
CC[C@H](C)N(OC)C(=O)c1cnn(C)c1-c1cnn2c1OCCC2,0.8543746471405029,0.8543746471405029,21.0444393157959
C[C@@H]1CN(N2C[C@H]3CCC[C@@H](C3)C2)C[C@@]1(C)[C@H]1CCNC1,0.853279173374176,0.853279173374176,3.2400238513946533
O=[N+]([O-])c1ccc2c(c1)C(c1cnn3c1OCCC3)C(O)=N2,0.852621853351593,0.852621853351593,25.0819091796875
Cc1nc(-c2nn3c(N)c(C#N)nnc3c2C[C@@H](C)O)oc1C,0.8519280552864075,0.8519280552864075,10.787220001220703
Cc1nc(=NC(=O)CC2CCCCC2)n(C)[nH]1,0.8518651723861694,0.8518651723861694,2.1313297748565674
Cc1noc2ncc(C(=O)C(=O)N3CCC[C]4CN(C)CC[C@H]43)cc12,0.8511450290679932,0.8511450290679932,3.1367805004119873
Cc1ncc(Br)n1[C@@H](C)C1SC(O)=NC1=S,0.851073682308197,0.851073682308197,1.657238483428955
O=C1C=CC(=O)C(Cc2cc(Br)cnc2[N+](=O)[O-])=C1,0.8510201573371887,0.8510201573371887,4.628569602966309
NC(=O)C1=NO[C@H](C([N+](=O)[O-])[N+](=O)[O-])C1,0.8509935736656189,0.8509935736656189,6.136449337005615
C[C@@H]1C[C@@H](CCF)[C@@H](C)O1,0.8508679866790771,0.8508679866790771,3.8391687870025635
Cn1nnc(C2C(=O)NC(=S)NC2=O)n1,0.8504226207733154,0.8504226207733154,3.3414487838745117
Cn1cc[nH]c(=NC(=O)C(=O)c2cnc(Cl)cn2)c1=O,0.8495289087295532,0.8495289087295532,10.398848533630371
c1nnnn1[C@@H]1COCCO1,0.849391520023346,0.849391520023346,0.6794678568840027
N=c1cc[nH]c(C2C(O)=Nc3ccc([N+](=O)[O-])cc32)n1,0.8486043214797974,0.8486043214797974,7.45821475982666
C[C@H](CF)CCC[C@@H](C)O,0.8485138416290283,0.8485138416290283,4.666522026062012
C[C@@]1(O)CCCN(c2nn(C3(C#N)CCC3)c(=O)[nH]c2=O)CC1,0.848412811756134,0.848412811756134,1.0168867111206055
CC(C)(CCc1cc2c(o1)C(=O)c1ccccc1C2=O)S(C)(=O)=O,0.8476220965385437,0.8476220965385437,4.805920124053955
C[C](O)Cc1cncc(C)c1,0.847576379776001,0.847576379776001,0.9338445663452148
Cn1nc(C[C@@H](C#N)C[S@@](C)=O)cc1-c1cnc(CO)c(C#N)n1,0.847459614276886,0.847459614276886,0.7722007036209106
C=CCCCCCC(=O)C(=O)C[C@H](CCCC)[C@@H]1CNC[C@H]1C,0.8468018174171448,0.8468018174171448,4.238391399383545
CON(C)CC[C@H]1CC1(C)C,0.8458340764045715,0.8458340764045715,4.846447467803955
CCC(C)(C)c1ccc[nH]c1=O,0.845184326171875,0.845184326171875,2.2661349773406982
N#Cc1cc(=O)n(ON)cn1,0.8451076149940491,0.8451076149940491,3.5630276203155518
CC(C)Cc1n[nH]c(=N)o1,0.8450211882591248,0.8450211882591248,7.300546646118164
CCC(C)(C)C(=O)C(=O)C(=O)c1c([N+](=O)[O-])c([N+](=O)[O-])nn1C,0.8448623418807983,0.8448623418807983,2.946176052093506
C[C@H]1CN(C(N)=O)C[C]1O,0.8436935544013977,0.8436935544013977,4.286124229431152
O=C1CC(c2cccnc2[N+](=O)[O-])C1,0.8436523079872131,0.8436523079872131,5.089311599731445
O=C1[C@H](c2ccc([N+](=O)[O-])s2)CCCN1N1C[C](O)[C@@H](O)C1,0.8433703780174255,0.8433703780174255,10.317354202270508
N#CC(=O)C(=NNc1ccc(-c2nccs2)cc1)C(=O)C#N,0.8422237038612366,0.8422237038612366,8.858460426330566
O=C1N=c2ccccc2=C1NNC(=S)Nc1nnc(Br)o1,0.8418558239936829,0.8418558239936829,5.879741191864014
O=[N+]([O-])c1ncc([C@@H]2CCOC[C@H]2c2cnn3c2OCCC3)s1,0.841759979724884,0.841759979724884,11.746269226074219
O=C1CCCC[C@H]1N1CC(F)C1,0.8406549096107483,0.8406549096107483,0.07306762039661407
Oc1ccnc(-c2nnn[nH]2)n1,0.8404995203018188,0.8404995203018188,0.4612939953804016
C[C](O)CC1C(=O)Nc2ccccc21,0.8401997685432434,0.8401997685432434,2.0669186115264893
O=[N+]([O-])C(c1nc(Cl)cs1)([N+](=O)[O-])[N+](=O)[O-],0.8393794894218445,0.8393794894218445,2.3212227821350098
CN1CCC(C#N)(CCc2cnn(C)c2C2(C#N)CCN(C)CC2)CC1,0.8391467928886414,0.8391467928886414,37.554779052734375
CCC(c1cccnc1)[N+](=O)[O-],0.8390904068946838,0.8390904068946838,6.272416114807129
Cc1cc(=NC(=O)C(=O)C(=O)C[N+](=O)[O-])cc(C)[nH]1,0.8389521837234497,0.8389521837234497,5.180099010467529
C[C@H](N)[C@@H](C)CC(=O)c1nnc(Cl)c(-c2c([N+](=O)[O-])cnn2C)n1,0.8388338685035706,0.8388338685035706,1.03208589553833
NC(=O)Cc1cc(Cl)no1,0.8380970358848572,0.8380970358848572,4.662422180175781
Cn1cnc([N+](=O)[O-])c1CC[C@H]1CCN1c1ccc2c(c1)OCCO2,0.8378689885139465,0.8378689885139465,21.442726135253906
OC1(CC(F)(F)C(F)F)COC1,0.8370132446289062,0.8370132446289062,5.45412540435791
CC1CCN(CC#N)CC1,0.8360441327095032,0.8360441327095032,11.587725639343262
C[C@@H](CCS(C)(=O)=O)[C@H]1C=CCC1,0.8358328938484192,0.8358328938484192,10.365118026733398
CC[C@H](C)Cc1ccc(-c2cscn2)c2c1C(=O)C=CC2=O,0.8354030251502991,0.8354030251502991,1.7056102752685547
Cc1cccc([C@@H](CO)Cc2ccc(-n3cc(Cl)cn3)c(N)n2)n1,0.8337040543556213,0.8337040543556213,6.31669807434082
O=[N+]([O-])c1[nH]cnc1[C@@H]1CCOC[C@H]1[C]1[C@H]2COC[C@@H]12,0.8335773348808289,0.8335773348808289,0.15682369470596313
Cc1cc(=NC(=O)Cc2cc([N+](=O)[O-])c[nH]2)[nH]nc1C,0.8329315781593323,0.8329315781593323,2.7053821086883545
COC1=CC(=O)C(Cc2cccc3c2=NC(=O)N=3)=CC1=O,0.8322552442550659,0.8322552442550659,3.5355374813079834
Cc1cc([C@]2(C)CC2(F)F)n[nH]1,0.831817626953125,0.831817626953125,3.2880122661590576
CC[C](C[C@H](C)Cc1ccc(Cl)nn1)c1nc2ccccc2[nH]1,0.8310709595680237,0.8310709595680237,10.19589614868164
CCCC(=O)C(=O)C(F)(F)F,0.8310597538948059,0.8310597538948059,6.075037956237793
NC(=O)CC1CCOCC1,0.8310579061508179,0.8310579061508179,5.942039966583252
O=C([C@H]1CC12CC2)C(F)(F)F,0.8306440114974976,0.8306440114974976,5.0265092849731445
C#CCCS(=O)(=O)[C@H]1CCCO1,0.8305858373641968,0.8305858373641968,6.484776973724365
Cc1cnc(-c2nc3nonc3nc2[C@H]2CCCC23OCCO3)o1,0.8290814757347107,0.8290814757347107,0.3388107717037201
O=C(Nn1c(O)nnc1O)c1scnc1-c1ccc2c(c1)OCCO2,0.8285873532295227,0.8285873532295227,10.039165496826172
C=CCCN1CC(C)(F)C1,0.8275031447410583,0.8275031447410583,1.25177001953125
N#Cc1ccc([N+](=O)[O-])c([C@@H]2CCN3CCC[C@@H]3C2)c1,0.8267489075660706,0.8267489075660706,4.290585994720459
O=C(O)CCCC(F)(F)F,0.8265942335128784,0.8265942335128784,4.599196434020996
Cn1cnc(C[S@@](C)=O)c1,0.8261958956718445,0.8261958956718445,2.1821727752685547
CC[C@H](CCO)[C@@]1(CCC(C)C)CCOC1,0.8253552913665771,0.8253552913665771,7.86911678314209
Cc1c[nH]ccc1=NC(=O)C(=O)c1ccc([N+](=O)[O-])s1,0.8248123526573181,0.8248123526573181,2.0683696269989014
C#CCCC[C@@H](C)CCO,0.8247414231300354,0.8247414231300354,7.1415839195251465
C1CC[C@@H]([C@H]2CC23CC3)OC1,0.8242406249046326,0.8242406249046326,3.5820324420928955
N#Cc1ccc(N2CCNC[C@H]2[C]2[C@H]3CCO[C@@H]3C23CCC3)o1,0.8238846659660339,0.8238846659660339,5.958578586578369
Cc1csc(C2C(=O)Nc3ccc(F)cc32)c1C#N,0.8237025737762451,0.8237025737762451,6.856369972229004
N#Cc1ccc(-c2[nH]ncc2Cl)cc1-c1nccc(O)n1,0.8235442042350769,0.8235442042350769,1.4629364013671875
COC1=C(OC)C(=O)C(C[C@@H]2[C@H]3CCO[C@@H]3C23CCC3)=CC1=O,0.8224232196807861,0.8224232196807861,4.153728485107422
O=C(C1=CCCC1)c1nnc[nH]1,0.8223349452018738,0.8223349452018738,2.9957311153411865
C[C@@H]1CNCCN1N1CCC[C@@H](c2cnn3c2OCCC3)C1=O,0.8221014142036438,0.8221014142036438,7.658973217010498
CC(C)CCc1nncs1,0.8206797242164612,0.8206797242164612,0.1939239352941513
Cn1nc([N+](=O)[O-])c([N+](=O)[O-])c1-c1nc(O)cc(=O)[nH]1,0.8203286528587341,0.8203286528587341,6.894017219543457
Cn1nc(-c2nnc(Br)nn2)c([N+](=O)[O-])c1CCCS(C)(=O)=O,0.820184588432312,0.820184588432312,0.4469743072986603
CN1C[C]2CN(C3(O)COC3)C[C@H]2C1,0.8197147846221924,0.8197147846221924,13.672006607055664
C[C@H]1CCNC(=O)[C@@H]1[C@@H](CO)CC(F)F,0.8191809058189392,0.8191809058189392,5.380428791046143
CC1(C)C[C]1CCC([N+](=O)[O-])([N+](=O)[O-])[N+](=O)[O-],0.8191391825675964,0.8191391825675964,6.328590393066406
N#Cc1cc([N+](=O)[O-])cnc1-c1cccc(S(=O)(=O)CCF)c1,0.8187897205352783,0.8187897205352783,0.2905772626399994
C[C@@H]1CC=CC[C@H]1c1ccco1,0.8181560039520264,0.8181560039520264,3.9019086360931396
Cc1nonc1C1(O)COC1,0.8179512023925781,0.8179512023925781,11.64697551727295
NC1([C@@H]2CC[C@@H](c3nnc(Br)nn3)C2)CCCCC1,0.8171665668487549,0.8171665668487549,3.318807601928711
C[C@H]1COCCN(N2CCC[C@H](c3c([N+](=O)[O-])ncn3C)[C@H]2C)C1,0.8167449831962585,0.8167449831962585,8.210698127746582
Cc1cc(=NC(=O)C[S@](=O)C[C@H]2CCCN(C)C2)[nH]o1,0.8166888356208801,0.8166888356208801,9.256174087524414
CC1(F)CN(C(=O)N=C2C=CC(=O)C=C2)C1,0.8166452646255493,0.8166452646255493,0.5546267032623291
CC(C)CCCCC[C@@H](C)[C]1CCC[C]1c1c([N+](=O)[O-])ncn1C,0.8152995705604553,0.8152995705604553,1.4341615438461304
C[C@H]1C(=O)NCCN1C(=O)C(=O)N=c1cccn[nH]1,0.8147820830345154,0.8147820830345154,7.848127841949463
O=c1cnc2ccccc2n1-c1ncncc1-c1cccc(F)c1,0.8146151900291443,0.8146151900291443,8.686847686767578
N#Cc1cc([C@H]2CN(c3cnn4c3OCCC4)C[C]2O)ncn1,0.8142125606536865,0.8142125606536865,7.391168594360352
CC[C@H](C)[C@H](C)C[C@H](C)O,0.8141376972198486,0.8141376972198486,1.1915299892425537
OC1([C@H]2COCCO2)COC1,0.814100444316864,0.814100444316864,10.763362884521484
C[C@@H]1CCCN([C@@H]2NC(=O)N(N3CCC(O)CC3)C2=O)C1,0.8141002655029297,0.8141002655029297,3.4557178020477295
C=C[C@H](C(=O)O)C12CC(CO1)C2,0.813310980796814,0.813310980796814,2.7660062313079834
CC[C](O)C[C@@H]1CC1(F)F,0.812664270401001,0.812664270401001,7.145059585571289
O=C(c1nn[nH]n1)C(F)(F)F,0.8117263913154602,0.8117263913154602,2.2523036003112793
Cc1nonc1CC(C)(C)N,0.8115384578704834,0.8115384578704834,11.083988189697266
CN1CCC(C#N)(CCn2cc(C=Nn3c(S)nncc3=O)cn2)CC1,0.8112097382545471,0.8112097382545471,11.420745849609375
CN1CCC(n2nc([N+](=O)[O-])nc2N2C[C@H]3CCC[C@@H](C3)C2)CC1,0.8109370470046997,0.8109370470046997,1.7685210704803467
N=c1[nH]nc([C@@H]2C=CC[C@@H](c3onc4ccccc34)C2)o1,0.8099976778030396,0.8099976778030396,2.1349081993103027
CC1=NO[C@H](CC(N)=O)C1,0.8088228106498718,0.8088228106498718,4.244429588317871
C[C@H](CO)n1nnc(C(=O)N=C2C=CC(=O)C=C2)n1,0.8080589175224304,0.8080589175224304,1.0210098028182983
Cn1cnc([N+](=O)[O-])c1[C@H]1C=CCC1,0.8077499270439148,0.8077499270439148,8.11844539642334
NC1(c2cc(=O)cc[nH]2)CCCCC1,0.8076672554016113,0.8076672554016113,9.56475830078125
N#Cc1nn(C(=O)Nn2c(O)nnc2O)c(=O)[nH]c1=O,0.8068427443504333,0.8068427443504333,1.8427412509918213
Cc1nonc1N1CC(F)(F)C[C@H]1c1ncsc1-c1nc(Cl)cs1,0.8067124485969543,0.8067124485969543,1.00005304813385
C[C@H]1CN(N2C[C]([C@@H]3[C@@H]4CCO[C@@H]4C34CCC4)[C@H](O)C2)CCN1,0.8065419793128967,0.8065419793128967,0.5341815948486328
CC1=NNC(=O)[C@H]1C(=O)N=C1C[C@H](C)ON1,0.8047696948051453,0.8047696948051453,3.9762232303619385
CON1C(=O)C(N2CCN[C@@H](C)C2)c2ccccc21,0.8036971092224121,0.8036971092224121,3.970445156097412
O=C1CC[C]2[C@H]1[C@@H]2N1C[C]2CNC[C@H]2C1,0.8034000992774963,0.8034000992774963,1.849179744720459
Clc1cccnc1-c1nnc[nH]1,0.8027766346931458,0.8027766346931458,1.2989674806594849
C[C@@]1(O)CCCN([C@@H]2CCC[C@H]2c2ccc(=O)[nH]n2)CC1,0.8025292754173279,0.8025292754173279,5.384524822235107
C=CC[C@H](C(=O)O)C(=O)/C=C/[N+](=O)[O-],0.8016917705535889,0.8016917705535889,1.796939492225647
Clc1ccccc1[C@@H]1CCOC[C@H]1c1ccc2c(c1)CCC2,0.8009192943572998,0.8009192943572998,5.009121894836426
N[C@H]1C[C@H](c2cnn([C@@H]3COCCN3CCCCCC(=O)O)n2)C1,0.8007022738456726,0.8007022738456726,6.968173980712891
C#CCCC[C@@H]1[C]2COC[C@H]21,0.8006040453910828,0.8006040453910828,4.401535987854004
C=C(C)[C@H](C)c1cnoc1,0.8005738854408264,0.8005738854408264,5.7455339431762695
CC(C)C[C](CC(=O)O)Cc1ccc2c(n1)=NC(=O)CN=2,0.7998661994934082,0.7998661994934082,5.818180084228516
CC(C)(CCC1(c2cc3n(n2)CCC3)CCC1)S(C)(=O)=O,0.7997773289680481,0.7997773289680481,12.917584419250488
Cn1nc2c(c1[C@H](C(=O)O)c1cnn3c1OCCC3)CCCC2,0.7993256449699402,0.7993256449699402,2.5122997760772705
c1ccc2c(c1)C[C@H]1[C@@H]2[C@@H]1[C@@H]1[C]2CCO[C@@H]2C12CCC2,0.7988405227661133,0.7988405227661133,9.527889251708984
CC(C)(C)C(=O)C(=O)CCCC(=O)C(=O)N1CC[C@@]2(CCOC2=O)C1,0.7982741594314575,0.7982741594314575,2.011197805404663
CC[C](Cn1ncc(-c2ccc(C#N)o2)n1)N1CCC[C@](C)(O)CC1,0.7978074550628662,0.7978074550628662,0.893543541431427
CC(C)C[C@@H](CN)N1CC(C)(F)C1,0.7977908253669739,0.7977908253669739,10.164374351501465
O=Cc1ccc([C@H]2CCCNC2)[nH]1,0.7977745532989502,0.7977745532989502,5.584690570831299
CC(C)(C)[C@H](O)C(=O)c1ncn2c(=S)n(C(=O)CCCCO)nnc12,0.7974019646644592,0.7974019646644592,1.0567407608032227
C[C@@H](CN1CCC[C]2CN(C)CC[C@H]21)n1c(=O)cnc2ccccc21,0.7961726188659668,0.7961726188659668,2.7173104286193848
Oc1cccnc1-n1ncc([C@H]2CCCNC2)n1,0.7944772243499756,0.7944772243499756,1.7841010093688965
Cn1nnc(C2Cc3cccc(O)c3C2=O)n1,0.7920891046524048,0.7920891046524048,0.6655651330947876
NC(=O)Cc1ccc(Cl)cc1,0.7917766571044922,0.7917766571044922,6.272270202636719
FC(F)O[C@H]1CCCNC1,0.790463387966156,0.790463387966156,3.1403181552886963
C[C@@H]1C[C@@H](c2cc(-c3cnn4c3OCCC4)cnc2O)[C@H](C)O1,0.7903652787208557,0.7903652787208557,7.959098815917969
CC1=[N+]([O-])[N+]([O-])=C(c2ccccc2)/C1=N\ON1CCNC(=O)[C@H]1C,0.7901463508605957,0.7901463508605957,4.99834680557251
N#Cc1cc(-c2cccc(-c3cnn4c3OCCC4)c2O)ncn1,0.7899365425109863,0.7899365425109863,5.548669338226318
O=c1cc[nH]c(C2SC(O)=NC2=S)c1,0.7897964119911194,0.7897964119911194,6.529545783996582
C[C](O)CCOS(C)(=O)=O,0.7897071838378906,0.7897071838378906,2.2099921703338623
CN1C(=O)C(C(=O)N=C2C=CC(=O)C=C2)C(=O)N(C)C1=O,0.7891331911087036,0.7891331911087036,1.5550295114517212
O=C1NC(=S)SC1n1ncc([N+](=O)[O-])n1,0.7890192270278931,0.7890192270278931,2.4070117473602295
O=C1c2c(O)cccc2CC1c1cnc(Cl)cn1,0.788296103477478,0.788296103477478,5.5199432373046875
O=C(C1=NC(c2ccccn2)=NC(=O)[C@@H]1O)C1CC1,0.7876445651054382,0.7876445651054382,6.310908317565918
CC(C)CCc1nc([N+](=O)[O-])nn1NC1=CC(=O)C(F)=CC1=O,0.7873504757881165,0.7873504757881165,0.8143507242202759
CC[C@@H](CCC(C)=O)C(=O)O,0.7869349718093872,0.7869349718093872,11.43204402923584
CC(F)(F)C(=O)[C@H]1CCCCC1=O,0.7867624759674072,0.7867624759674072,13.74431324005127
N#CC(=O)/C(=N\Nc1ccc(Cl)cc1)C(=O)c1no[n+]([O-])c1O,0.7861342430114746,0.7861342430114746,1.9991565942764282
Cc1ccccc1N/N=C(\C(=O)C#N)C(=O)c1cnn2c1OCCC2,0.7857935428619385,0.7857935428619385,10.60115909576416
C[C]1CCOCCN1c1ccc(CC(C)(C)c2ccc([N+](=O)[O-])s2)cc1,0.7853918075561523,0.7853918075561523,8.455683708190918
C#CCC(=O)[C@H](CC)C(=O)C(=O)N=c1ncn(C)[nH]1,0.784842312335968,0.784842312335968,1.0897334814071655
C[C@H]1Oc2ccc(C(C)(C)CN3CC[C@H]4CCN[C@H]4C3)cc2NC1=O,0.7828180193901062,0.7828180193901062,2.122750997543335
Cc1ccccc1C(=O)C(=O)N=c1nc2n([nH]1)CCCC2,0.7822664976119995,0.7822664976119995,2.395723581314087
C[C@H]1N([C@@H]2CN(c3ccc([N+](=O)[O-])o3)CC2(C)C)CCOC1(C)C,0.7792670130729675,0.7792670130729675,7.6976823806762695
CC1(c2nc(Cl)cs2)CC1,0.778238832950592,0.778238832950592,6.6676764488220215
Cn1cnc([N+](=O)[O-])c1C1SC(=S)NC1=O,0.7782059907913208,0.7782059907913208,3.28663969039917
C[C@@](C#N)(CO)c1nc[nH]n1,0.7778632044792175,0.7778632044792175,3.516477346420288
CC(C)C[C@@H](CN)c1cccc2c1=NC(=O)N=2,0.7771231532096863,0.7771231532096863,10.898087501525879
C[C@@H](CN1CCOC[C@@H]1[C@@H]1CCCO1)C(=O)C(=O)Nn1ccnn1,0.7770910859107971,0.7770910859107971,4.495365619659424
O=C1N[C@H](CC(F)(F)CO)C(=O)N1n1ncc([N+](=O)[O-])n1,0.7770004868507385,0.7770004868507385,7.6934709548950195
CC(C)(N[C]1CC(=O)Nc2ccccc21)C(=O)O,0.7768353819847107,0.7768353819847107,3.195580244064331
Nc1cnc([C@@H]2COCC[C@H]2[C@@H]2[C]3CCO[C@@H]3C23CCC3)cn1,0.7766477465629578,0.7766477465629578,2.331472635269165
CC[C@@H](C)C(=O)[C](C)C(=O)[C@@H]1[C]2CN([C@@H]3CC(C)(C)CO3)C[C@@H]21,0.776090681552887,0.776090681552887,1.1669743061065674
Oc1cccnc1CC(F)F,0.7760764956474304,0.7760764956474304,8.173408508300781
C[C@@H]1[C@@H](c2ccc(S(C)(=O)=O)s2)CCN1c1nnc2n1CCCC2,0.774861216545105,0.774861216545105,5.778104782104492
CCCCC(=O)C(=O)C1=NC(c2ccccn2)=NC(=O)[C@H]1O,0.7743673324584961,0.7743673324584961,2.7957193851470947
O=C1N=NC(=O)N1C(=O)C(F)(F)F,0.7741774916648865,0.7741774916648865,1.6008700132369995
Cc1nc(=NC(=O)C(=O)N2CCO[C@@H](C(C)C)C2)o[nH]1,0.7729191184043884,0.7729191184043884,2.143326759338379
CS(=O)(=O)c1ccc(C2(c3ncc([N+](=O)[O-])cc3C#N)CC2)s1,0.7722066640853882,0.7722066640853882,1.7339532375335693
O=c1nc2n(-c3ccc(Cl)cn3)c3ccccc3[n+]([O-])c-2c(=O)[nH]1,0.7719789743423462,0.7719789743423462,2.296236991882324
Cn1cnc([N+](=O)[O-])c1[C@](C)(C#N)CCCC(=O)C(=O)O,0.7711611390113831,0.7711611390113831,1.9873480796813965
Cc1cc(C)n([C]2C[C@H](CC(C)(C)C#N)[C@@H]2[C@@H]2CCCCO2)n1,0.7698727250099182,0.7698727250099182,2.561244249343872
CC(C)CN1CCOCC1,0.7682762742042542,0.7682762742042542,6.168308734893799
O=[N+]([O-])c1cncc(Br)c1-c1nc2ccccc2n2nnnc12,0.7682726979255676,0.7682726979255676,5.026312351226807
C#CCCCCC[C](C(C)(C)C)[C@@]1(C)CCN([C@@H]2CC(C)=NO2)C1,0.7681512832641602,0.7681512832641602,6.357913494110107
C[C@]1(O)CCCN(C2(n3c(C=O)nc4ccccc43)CCC2)CC1,0.7677634358406067,0.7677634358406067,14.696657180786133
N[C@H]1C[C@H](c2c3ccccc3nc3nc(=O)[nH]cc32)C1,0.7676028609275818,0.7676028609275818,0.6354688405990601
Cc1cnc(CC(C)C)o1,0.7664281725883484,0.7664281725883484,16.174684524536133
c1nc(-c2cnn3c2OCCC3)c(CCc2cnn3c2OCCC3)s1,0.7657463550567627,0.7657463550567627,17.46000099182129
CC[C@@H](C[C@@H]1C[C@H]1[N+](=O)[O-])C(=O)O,0.7655681371688843,0.7655681371688843,4.773013114929199
C#CCCCC1=NC(=S)N=C1C,0.765336811542511,0.765336811542511,8.434367179870605
N#Cc1cnc2ccccc2c1-c1ccc2c(n1)=NC(=O)CN=2,0.7647514343261719,0.7647514343261719,1.8730547428131104
Nc1cc2c(cc1-c1cnn3c1OCCC3)=C(O)C(=O)N=2,0.7631685137748718,0.7631685137748718,10.469369888305664
C[C@H]1C[C@@H](O)CN(c2ccc([C@@H](C)CC(C)(C)O)cc2S(N)(=O)=O)C1,0.7628216743469238,0.7628216743469238,1.2864820957183838
C[C@H](O)[C]1CCCN([C@@H]2C[C@@H](c3nnc(N)s3)C23CCC3)C1=O,0.7617189884185791,0.7617189884185791,0.6850975155830383
CN1CCN(c2ccc3c(c2)OCCO3)[C@@H](c2ccc(S(C)(=O)=O)s2)C1,0.7613521218299866,0.7613521218299866,2.8045694828033447
CC(=O)N1C(=O)C([C@H]2CCc3nc(C)nn3C2)c2ccccc21,0.7612753510475159,0.7612753510475159,5.097335338592529
Clc1ccc(C2(C3CC3)CC2)cn1,0.7606357336044312,0.7606357336044312,1.6753127574920654
Cc1nc(C(F)F)nn1C,0.7604512572288513,0.7604512572288513,3.8327152729034424
CC1(F)CN(C2SC(=S)NC2=O)C1,0.7600651979446411,0.7600651979446411,1.2691854238510132
CC[C](C)C(=O)CC(C)=O,0.7597427368164062,0.7597427368164062,4.229782581329346
O=C([C@@H](CO)Cc1ccc2c(c1)OCCO2)[C@@H]1CSc2ccccc21,0.759148895740509,0.759148895740509,10.242050170898438
CNc1nncn1-c1cc(-c2cnn3c2OCCC3)ccc1C#N,0.758008599281311,0.758008599281311,6.021523475646973
O[C@@H]1CCCN(C2CN(C3(C4CC4)CC3)C2)C1,0.7579218149185181,0.7579218149185181,2.188904047012329
CC(=O)C[C@H](C)C[S@@](C)=O,0.7573024034500122,0.7573024034500122,7.461339473724365
C#CCCS(=O)(=O)C(=O)[C](C)C#N,0.7571311593055725,0.7571311593055725,4.068881034851074
O=Cc1cc([C@@H]2C[C]2[N+](=O)[O-])c(Br)cn1,0.7570668458938599,0.7570668458938599,4.184876918792725
CN1CCC[C@H](c2nc(Br)n[nH]2)C1,0.7568586468696594,0.7568586468696594,6.09897518157959
Cc1nc(-c2cc3n(n2)CCC3)oc1-c1ccc(C#N)c(Cl)c1,0.7566773295402527,0.7566773295402527,5.8195390701293945
C=C(C)COC1([C@@H](C)C(=O)NNC(=O)[C@H]2CC(=O)N(C)C2)CCCC1,0.7559880614280701,0.7559880614280701,1.4944697618484497
C[C@@H](CCS(C)(=O)=O)N1CCOC[C@@H]1N1CC[C@]2(CCOC2=O)C1,0.7547686100006104,0.7547686100006104,7.7014570236206055
Cc1cncc(CC(=O)O)c1,0.7545003294944763,0.7545003294944763,10.795329093933105
C=C[C](C(=O)O)c1cn([C@H]2CC(F)(F)CN2C[C@@H](N)CC)cn1,0.7544805407524109,0.7544805407524109,7.041540145874023
Fc1ccccc1[C@H]1C=CCC1,0.7542382478713989,0.7542382478713989,1.178537368774414
O=C1CC[C@H](c2ncccn2)C1,0.7542067766189575,0.7542067766189575,2.362553596496582
CCCCCc1occc1N1CC[C@@](C)(c2cnn3c2OCCC3)C1,0.7541500926017761,0.7541500926017761,7.406221866607666
N#Cc1ccc(C(=O)C2=NC(c3ccccn3)=NC(=O)[C@H]2O)o1,0.7535253167152405,0.7535253167152405,1.6244127750396729
Cc1c[nH]ccc1=NC(=O)C(=O)c1cc2n(n1)CCO2,0.7516717910766602,0.7516717910766602,0.7526600956916809
CC1([C@@H]2CCCCO2)CC1,0.751289427280426,0.751289427280426,3.2202558517456055
NC(=O)C(=O)n1nc([N+](=O)[O-])n2ncnc12,0.7511614561080933,0.7511614561080933,1.869748830795288
Cn1cc(ONC2=c3ccccc3=NC2=O)c(O)nc1=O,0.7499449849128723,0.7499449849128723,8.075511932373047
Cc1cc2ccccc2nc1[C@@H]1C[C@H]1[N+](=O)[O-],0.7497076392173767,0.7497076392173767,6.985134601593018
CC(C)[C@@H](CCCCc1cc(=O)n(C)cn1)Cc1nccn2ccnc12,0.7497050762176514,0.7497050762176514,1.231364130973816
O=C1Nc2ncccc2C(=O)C1c1ccc2c(c1)OCCO2,0.7485716342926025,0.7485716342926025,1.4271752834320068
C[C@@H]1CCCN(C(=O)C(=O)N=c2cc[nH]cc2O)C1,0.7470056414604187,0.7470056414604187,6.923050403594971
Cn1c(Cl)cnc1-c1ccc(CC[C]2CCN3CCC[C@@H]3C2)nn1,0.7466508746147156,0.7466508746147156,6.922414779663086
CC(C)[C@@H](C(N)=O)[C@H]1CCNC1=O,0.7465108036994934,0.7465108036994934,8.59239387512207
O=C1C[C@H](c2nnn[nH]2)CCN1,0.7458899021148682,0.7458899021148682,0.30529800057411194
C=CC[C@@H](C)[C@H]1CCN1C,0.7458608150482178,0.7458608150482178,4.063056468963623
Cn1nc(-c2cnn3c2OCCC3)cc1-c1c2c(nn1C)CCCC2,0.7455974817276001,0.7455974817276001,14.44357967376709
C[C@@H]1[C@@H](N2C[C@H]3CN(C)C[C@H]3C2)CCCN1N1CCC[C@](C)(O)CC1,0.7452175617218018,0.7452175617218018,6.432989597320557
C[S@@](=O)CN1CC[C@H](N)C1,0.7438845038414001,0.7438845038414001,5.274669170379639
CC1=NNC(=O)[C@@H]1c1nccc2ccncc12,0.7436966300010681,0.7436966300010681,7.181219577789307
CC1CCN(NC=O)CC1,0.7432101964950562,0.7432101964950562,5.213225841522217
O=C1NC[C@H](N2CC[C@H](c3cnnc(O)c3)C2)O1,0.7431255578994751,0.7431255578994751,0.6157146096229553
Cc1cc([C@@H](C)Cc2nc3nonc3nc2Cl)c2c(O)nn(C)c2n1,0.7427417635917664,0.7427417635917664,2.5397963523864746
O=C1Nc2c(cc(-c3ccc4c(c3)OCCO4)cc2[N+](=O)[O-])C1=O,0.7418304085731506,0.7418304085731506,2.988189697265625
CC[C@H]([C]1CN(N2CC[C@@H]3COC(=O)N[C@H]3C2)C[C@H]1O)C(=O)O,0.7414641380310059,0.7414641380310059,1.7309014797210693
CC[C@@H](C)C(=O)N=c1[nH]n2cnnc2s1,0.7403169274330139,0.7403169274330139,6.316913604736328
O=C1NC(=O)C(=NOCCc2ccc(Cl)cn2)C(=O)N1,0.7395747900009155,0.7395747900009155,12.841952323913574
C[C@H]1N(C(=O)C2=CC=C3N=NN=C3C2)CCOC1(C)C,0.7389100790023804,0.7389100790023804,2.6075568199157715
OCCCCc1nnn[nH]1,0.7387409210205078,0.7387409210205078,1.5769675970077515
C#Cc1ccc(C2CCCCC2)nc1,0.7383977174758911,0.7383977174758911,0.2640857994556427
Cn1nc2c(c1CC(O)CC(=O)Nn1c(O)nnc1O)CCCC2,0.7381846904754639,0.7381846904754639,13.792895317077637
O=C1CN(c2nc(=O)o[nH]2)CCN1C(=O)Nn1c(O)nnc1O,0.7373672127723694,0.7373672127723694,0.8979873657226562
Cc1ccc2cccnc2c1S(=O)(=O)c1nnc2n1CCNC2=O,0.737215518951416,0.737215518951416,0.7088478207588196
O=C1N=c2ccc([N+](=O)[O-])cc2=C1NNC(=S)N[C@@H]1CCCCO1,0.7365676760673523,0.7365676760673523,4.4818525314331055
O=C1N=c2ccc(-c3ccc(/C=C/[N+](=O)[O-])c([N+](=O)[O-])c3)cc2=N1,0.7358756065368652,0.7358756065368652,2.36797833442688
CC(=O)C(=O)C(=O)N=c1cc[nH]cc1C,0.7357009053230286,0.7357009053230286,2.915916919708252
CC(C)[C@H](Cc1cn(C)cn1)[C@H](C)[C@H](C)c1nn(C)cc1[N+](=O)[O-],0.7347736954689026,0.7347736954689026,2.011385679244995
CC[C](CC[C@@H](C)N1CC[C@@](F)(c2cc(C)c([N+](=O)[O-])s2)C1)C(=O)O,0.7328979969024658,0.7328979969024658,8.877674102783203
C=CC[C@H](CO)C[C](C)Cc1nc(C)c(-c2ccc3c(c2)OCCO3)s1,0.7326886653900146,0.7326886653900146,7.517725944519043
C[C@@H]1CNC[C]1C(CCCC[C@H](C)c1c(F)ccnc1F)C(=O)O,0.7326274514198303,0.7326274514198303,6.6259660720825195
C=C(Br)CC(=O)CCCC,0.7314290404319763,0.7314290404319763,4.905318260192871
Cc1nc(-c2ccoc2CCCC2=CC(=O)C=CC2=O)nn1C,0.7311695218086243,0.7311695218086243,3.8599226474761963
C[C@H](CC(=O)N=c1cc[nH]c2ccncc12)CN1CC[C@H](C)C1,0.7309457063674927,0.7309457063674927,3.8435349464416504
CC1=C(C(=O)C(=O)O)[C@@H](n2c(=O)cnc3ccccc32)NC(=S)N1,0.7301390767097473,0.7301390767097473,8.579812049865723
Cc1ccc(C=O)cc1S(=O)(=O)c1ccc(C(=O)C2=NCCN2)o1,0.7298831343650818,0.7298831343650818,3.3973653316497803
Cc1cc2ccccc2nc1-c1cnn(N2CCNC(=O)[C@H]2C)n1,0.7298584580421448,0.7298584580421448,1.851333737373352
C[C@@]1(O)CCCN(CC[C@@H](O)Cc2cnn(-c3ccc(Cl)cn3)n2)CC1,0.7291628122329712,0.7291628122329712,8.010152816772461
CC(C)[C@@H](CC(=O)c1cnn2c1OCCC2)N1CCOC(C)(C)[C@H]1C,0.729093074798584,0.729093074798584,9.37061595916748
CC[C@@H](CC(=O)[C@@H](CCC(=O)C(C)C)n1c(C)csc1=O)C(=O)O,0.7283061742782593,0.7283061742782593,4.90668249130249
Cc1ccc(-c2ccc3c(=O)c(=O)c(=O)c3c2)nn1,0.7279417514801025,0.7279417514801025,2.0441057682037354
C=C[C](C(=O)n1ncc([N+](=O)[O-])c1N)c1nnc(Cl)nn1,0.7279096245765686,0.7279096245765686,6.312924385070801
O=C(N=c1nc[nH]n1-c1cc([N+](=O)[O-])no1)c1ccc(F)cc1,0.7276676297187805,0.7276676297187805,6.241751194000244
O=C(CCCCc1c(Br)cc(-c2ccnnc2)cc1[N+](=O)[O-])C(F)F,0.7274582386016846,0.7274582386016846,6.090658187866211
Cc1nc(C(=O)Nn2c(O)nnc2O)sc1CCCC(=O)C(=O)O,0.726703405380249,0.726703405380249,0.7260529398918152
Cn1cccc1[C@@H]1[C]2COC[C@H]21,0.7265087366104126,0.7265087366104126,0.06739570200443268
C[C@H](C[C@@H](CO)c1nc(=O)[nH]c(=O)[nH]1)[N+](=O)[O-],0.7261260747909546,0.7261260747909546,5.019153594970703
Cc1cc(=NC(=O)C[S@@](=O)CCF)[nH]o1,0.7253788709640503,0.7253788709640503,1.4328360557556152
C=CCCOC1=CC(=O)C(Oc2cnc(Cl)c([N+](=O)[O-])n2)=CC1=O,0.7253348231315613,0.7253348231315613,5.790447235107422
Nc1nc(CCCC(=O)C(=O)O)nc2c1=[S@@](=O)(O)N=CN=2,0.7236237525939941,0.7236237525939941,3.4626686573028564
Cn1cnc(-c2nc(=NC(=O)CC(F)(F)F)s[nH]2)n1,0.7236161828041077,0.7236161828041077,5.001411437988281
N#CC(=O)/C(=N\Nc1ccc(F)cc1)C(=O)c1cc([N+](=O)[O-])c[nH]1,0.7233814597129822,0.7233814597129822,9.77511215209961
CC1=C(C(=O)C(=O)O)[C](CCc2ccc3c(c2)OCCO3)NC(=S)N1,0.7230678796768188,0.7230678796768188,13.539152145385742
N#Cc1ccc(C[C](O)Cc2nc3nonc3nc2CCCCO)o1,0.7209234833717346,0.7209234833717346,7.935947418212891
Cc1ncncc1[C@H]1CCC[C@H]1OS(C)(=O)=O,0.7206836342811584,0.7206836342811584,10.550792694091797
O=[N+]([O-])c1cccc(F)c1[C@@H]1C=CC[C@@H](c2cccnc2F)C1,0.7206767201423645,0.7206767201423645,0.5838088989257812
CC(=O)N1C(=O)C([C@@H]2CCC2(C)C)c2ccccc21,0.7206328511238098,0.7206329107284546,1.6898114681243896
O=C1CC(C(=O)C[N+](=O)[O-])C1,0.7200334668159485,0.7200334668159485,3.2915313243865967
C[C@@H]1[C@H](c2cnn3c2OCCC3)CCN1c1cccc([N+](=O)[O-])c1,0.7200015187263489,0.7200015187263489,1.958275318145752
CC(=O)Cc1ncccc1F,0.7195425629615784,0.7195425629615784,6.297165870666504
Fc1cc2nccnc2cc1-c1cn(-c2ccc3c(c2)OCCO3)nn1,0.718773603439331,0.7187736630439758,12.458308219909668
CS(=O)(=O)c1ccc(-c2nc[nH]c2N2CCc3ccccc3CC2)s1,0.717710554599762,0.717710554599762,1.907173991203308
CC(C)[C@@H](CN1CC(C)(F)C1)N1CCO[C](c2cnccc2Cl)C1,0.7172272801399231,0.7172272801399231,0.9387910962104797
C[C@H]1CCNC(=O)[C@@H]1c1cccc([N+](=O)[O-])c1[N+](=O)[O-],0.7160203456878662,0.7160203456878662,5.831679821014404
O=[N+]([O-])c1ccc2c(c1)C(c1nc[nH]c1[N+](=O)[O-])C(O)=N2,0.7159382700920105,0.7159382700920105,6.542736053466797
CCCCn1cncn1,0.7144245505332947,0.7144245505332947,8.521673202514648
OCCCn1cccn1,0.7143657207489014,0.7143657207489014,4.997644424438477
Cc1cc(=NC(=O)C(=O)C(=O)[C@@H](C)C(C)C)cc[nH]1,0.7142130136489868,0.7142130136489868,5.185091972351074
CC[C@H](C)[C@H]1NC(=O)N(c2nnc3n2CCCC3)C1=O,0.7140743136405945,0.7140743136405945,6.200204849243164
Cc1nn(-c2ncc(C=O)cc2Br)c(N2CCOC[C@H](C)C2)c1[N+](=O)[O-],0.7140395641326904,0.7140395641326904,1.9598162174224854
O[C]1CCCC[C@@H]1CCN1CC(F)(F)C[C@@H]1c1cnn2c1OCCC2,0.7127724885940552,0.7127724885940552,8.715335845947266
CC[C@@H](C)c1cc(Cl)no1,0.7123474478721619,0.7123474478721619,1.6009665727615356
CC1CC(c2ccccn2)C1,0.7122651934623718,0.7122651934623718,0.2417774200439453
Cn1nccc1CC=O,0.7121523022651672,0.7121523022651672,7.761993885040283
O=CCc1cc(Cl)no1,0.7114222049713135,0.7114222049713135,5.996337413787842
CN1CCC[C@H](NC=O)C1,0.7109046578407288,0.7109046578407288,3.115095853805542
CN1C(=O)C(c2cc(Br)c(-c3ccnn3C)c([N+](=O)[O-])c2)SC1=S,0.7108832001686096,0.7108832001686096,8.298674583435059
CCCC[C@H](C(=O)O)n1nc([N+](=O)[O-])cc(C#N)c1=N,0.7107446193695068,0.7107446193695068,2.0403683185577393
C[C@@H](O)c1cncc(F)c1,0.7107115983963013,0.7107115983963013,0.8625390529632568
C[C@@H](O)CCCCCO,0.7101126313209534,0.7101126313209534,4.1195387840271
Nc1cnc(-c2ccnc([C@@H]3CCN4CCC[C@@H]4C3)c2)cn1,0.7081573605537415,0.7081573605537415,0.8373106122016907
CC(C)(C(=O)C(=O)Nn1c(O)nnc1O)N1C[C](O)[C@@H](O)C1,0.7074474692344666,0.7074474692344666,3.6508023738861084
Cc1nc(N2CC[C@](C)(CC(C)CC3SC(=O)N(C)C3=O)C2)oc1C,0.706464946269989,0.706464946269989,5.95689582824707
C=C[C](C(=O)C1(C#N)CCN(C)CC1)c1ccc(C#N)c(Cl)c1,0.7063038349151611,0.7063038349151611,13.003071784973145
O=C(O)CCCCn1cnnc1-c1nc(O)c2ncnnc2n1,0.7045208215713501,0.7045208215713501,0.5560302138328552
CCC[C@@H](CO)C(=O)O,0.7037515640258789,0.7037515640258789,6.833973407745361
CC[C@@H](C)c1cnc(C)c(O)c1/C=N\[C@H](C)C(=O)N1CC(C)(F)C1,0.7033510208129883,0.7033510208129883,6.960938453674316
Cc1onc(N2CC[C]([C@@H]3CCOC3)C2)c1[C@H](CN)CC(C)C,0.7032393217086792,0.7032393217086792,4.0883073806762695
NC(=O)C(=O)c1cccnc1,0.7028708457946777,0.7028708457946777,0.9558722376823425
CC1CN(c2c(F)cccc2F)CCN(N2C[C@H]3CCC[C@@H](C3)C2)C1,0.7018685936927795,0.7018685936927795,2.487917900085449
CCCCCC[C@@H](C)O,0.7017644643783569,0.7017644643783569,14.175691604614258
Cn1ncc(NC(=S)NN=C2C(=O)NC(=O)NC2=O)c1Cl,0.7010947465896606,0.7010947465896606,10.597193717956543
Cc1nc([C@@H]2C[C@H](NC3=CC(=O)C(F)=CC3=O)C23CCC3)cs1,0.7009896039962769,0.7009896039962769,1.4283721446990967
C[C@@H]1CN(c2ccc(C(=O)C(C)(C)N3CCN[C@@H](C)C3)cc2)C[C@H](C)S1,0.70096755027771,0.70096755027771,5.071407794952393
CC(=O)C[C@@H](C)c1cn[nH]c1,0.7006260752677917,0.7006260752677917,1.1158658266067505
CN=c1[nH]ccc(-c2cc[nH]n2)c1[N+](=O)[O-],0.6993308067321777,0.6993308067321777,0.5677198767662048
C[S@](=O)CN1CCC[C@@H](c2nc(Cl)ccc2F)C1=O,0.6984819769859314,0.6984819769859314,5.07948637008667
C[C@H](O)OCN(CC([N+](=O)[O-])([N+](=O)[O-])[N+](=O)[O-])[N+](=O)[O-],0.698005735874176,0.698005735874176,4.17374324798584
O=[N+]([O-])c1c([C@H]2CCCO2)ccnc1[C@@H]1CC1(F)F,0.697928786277771,0.697928786277771,3.9908697605133057
CC1(C)CN(c2cnn3c2OCCC3)C[C@@H]1c1cnn2c1OCCC2,0.695927083492279,0.695927083492279,10.453107833862305
C[C@H]1CNCCN1C1(C)CC1,0.694954514503479,0.694954514503479,1.7417125701904297
CC(C)[C@H](O)CC(F)F,0.6937544941902161,0.6937544941902161,1.0196183919906616
N#Cc1cc([N+](=O)[O-])cnc1N[C]1CCCn2ncnc21,0.6925830245018005,0.6925830245018005,4.64052152633667
O=C1NC(=O)C([C@@H]2OC[C@@H]3CCC[C@@H]32)C(=O)N1,0.6925531625747681,0.6925531625747681,0.2050894945859909
Cn1cnc(=NC(=O)C(=O)[C@H]2CCCC23OCCO3)[nH]1,0.6898210644721985,0.6898210644721985,11.984368324279785
C[C@@H]1CN(N2C[C@@H]3CCC[C@]3(CCC(C)(C)S(C)(=O)=O)C2)C[C]1O,0.6894616484642029,0.6894616484642029,1.127166748046875
CC[C@H](C)CCC(=O)C(=O)N=c1nn[nH][nH]1,0.6886743307113647,0.6886743307113647,7.930580139160156
C[S@](=O)[C]1CCC[C@@H]([C@@H]2COCC[C@H]2N2CC[C]3CCN[C@@H]3C2)C1,0.6880080699920654,0.6880080699920654,3.2813704013824463
N#Cc1cnccc1[C@H]1CCCN([C@@H]2[C@@H]3CCO[C@H]3C23CCC3)CC1,0.6879443526268005,0.6879443526268005,6.565878868103027
C[C@@H](CC(C)(C)c1ccc2c(c1)OCCO2)ONC(=O)C(=O)C(C)(C)C,0.6875095963478088,0.6875095963478088,8.546131134033203
O=[N+]([O-])c1cncc(Br)c1[C]1CN(c2ncc[nH]2)C[C@H]1O,0.686650812625885,0.686650812625885,14.41622257232666
C[C@@H]1CC[C@H](C(=O)C[C@H](CC(F)(F)F)c2cnn3c2OCCC3)C1,0.6858997941017151,0.6858997941017151,4.758050441741943
O=C(N=c1cc[nH]cc1)C(=O)[C@@H]1CCCO1,0.6857863068580627,0.6857863068580627,1.7645823955535889
CN1CC[C@]2(CCN(CCCC(=O)C(=O)CCCC(F)(F)C(F)F)C2)C1,0.6856322884559631,0.6856322884559631,1.5496001243591309
CCC(N1CC[C@@H](C2SC(=S)N(C)C2=O)C1=O)[N+](=O)[O-],0.6852522492408752,0.6852522492408752,0.2549920976161957
C[S@@](=O)c1ccc(-c2ccc(-c3cnn4c3OCCC4)c(N)n2)cc1,0.6850806474685669,0.6850806474685669,8.138617515563965
COC1=C(OC)C(=O)C(Cc2cc(Br)cnc2[N+](=O)[O-])=CC1=O,0.6848927736282349,0.6848927736282349,0.14976370334625244
CC(=O)N1C(=O)C(n2cnc(C#N)cc2=O)c2ccccc21,0.6841558814048767,0.6841558814048767,5.103078365325928
O=C1c2c(O)cccc2CC1N1CCc2c[nH]nc2C1,0.6832074522972107,0.6832074522972107,8.68874740600586
CN1C[C@@H]2CN(N3CC[C@](C)(c4ccc5c(c4)OCCO5)C3)C[C@@H]2C1,0.6808789968490601,0.6808789968490601,6.947434425354004
Cc1noc(C)c1C(=O)C(=O)CCCc1nccc(C#N)c1[N+](=O)[O-],0.6802802085876465,0.6802802085876465,2.5085418224334717
C[C@@](C#N)(c1nnc(Br)nn1)c1nc2nonc2[nH]c1=O,0.6801210641860962,0.6801210641860962,10.994359016418457
CC1=C(C(=O)C(=O)O)[C@H](CCCc2cnn3c2OCCC3)NC(=S)N1,0.6800790429115295,0.6800790429115295,10.231868743896484
O[C@H]1COC[C@H]1C1(C2CC2)CC1,0.6786125898361206,0.6786125898361206,5.056798934936523
CC(C)(O)CCC(F)F,0.6783545613288879,0.6783545613288879,1.8198833465576172
Cc1c([N+](=O)[O-])cc(CC(O)C[C]2C[C@H]2C)c([N+](=O)[O-])c1[N+](=O)[O-],0.6779432892799377,0.6779432892799377,7.359961032867432
C[C@@H]1C[C@@H]1c1ccc(O)nc1,0.6779181957244873,0.6779181957244873,1.20835280418396
CON(C)C(=O)N1CC[C@@H](n2c(C=O)nc3ccccc32)[C@@H](C)C1,0.6775417923927307,0.6775417923927307,2.736584424972534
Cn1nc2c(c1C1Cc3cccc(O)c3C1=O)CCC2,0.6767512559890747,0.6767512559890747,5.793776035308838
O=Cc1nc2ccccc2n1N1CCCO[C@H](c2ccc(Cl)cn2)C1,0.676575779914856,0.676575779914856,14.923583984375
C[C@H](CC(=O)N=c1cc[nH]c2ccncc12)c1cn(C)cn1,0.6762827038764954,0.6762827038764954,4.65584135055542
CC1CCN([C@@H](C(=O)[C@@H]2C(=O)NCC[C@@H]2C)C(C)C)CC1,0.6740118861198425,0.6740118861198425,2.871542453765869
CC(C)[C@@H](C(N)=O)c1ccc(=O)[nH]n1,0.67316734790802,0.67316734790802,6.295628547668457
N#Cc1nc([C@@H]2OC[C@@H]3CCC[C@@H]32)[nH]c1C#N,0.6720142364501953,0.6720142364501953,3.123865842819214
Cc1cc2ccccc2nc1C1(C2CC2)CC1,0.6714188456535339,0.6714188456535339,4.679999828338623
C[C@H](CC(=O)N1CCC[C](CC(F)(F)F)C1=O)c1ccnc(F)c1F,0.6711816191673279,0.6711816191673279,5.000321865081787
Cc1cc(=O)c2c([nH]1)C(=O)C(CN1CCC[C@](C)(O)CC1)=C(O)C2=O,0.669180691242218,0.669180691242218,10.349831581115723
Cc1nc(=NC(=O)CCC(C)(C)C[C](C(N)=O)C(C)C)n(C)[nH]1,0.6687779426574707,0.6687779426574707,4.4997453689575195
C[C@H]1C[C@@H]1c1ncnc2ccc([N+](=O)[O-])cc12,0.667831540107727,0.667831540107727,8.297210693359375
C[C@@H](O)CCCC(=O)O,0.6675142049789429,0.6675142049789429,6.055091857910156
CNc1ccc(Cl)cn1,0.667266309261322,0.667266309261322,5.7270355224609375
O=[N+]([O-])c1cccc(N2CC[C@@H](N3C[C@H]4CNC[C@H]4C3)C2)c1,0.666290283203125,0.666290283203125,1.2300238609313965
CC1CCN(CO)CC1,0.6656069755554199,0.6656069755554199,11.270124435424805
CC(C)C[C@H](COS(=O)(=O)c1csc([N+](=O)[O-])c1)c1nc[nH]n1,0.665566086769104,0.665566086769104,4.68712043762207
CC(=O)CCCCC(=O)O,0.6655148267745972,0.6655148267745972,11.006540298461914
CC1(F)CN(N2CCC3(CCN(n4ccc(=O)c([N+](=O)[O-])c4)C3)C2)C1,0.6629371047019958,0.6629371047019958,6.464922904968262
CN(C1=CC(=O)N(c2ccc(S(C)(=O)=O)s2)C1=O)N1CCOC1=O,0.6628764271736145,0.6628764271736145,3.1971330642700195
Cc1noc(C)c1C[C]([C@@H]1CCCS1(=O)=O)N1CCO[C@@H](C#N)C1,0.6612928509712219,0.6612928509712219,6.088743686676025
CS(=O)(=O)c1ccc(-c2cncc(-c3nc4ccccc4[nH]3)n2)s1,0.6597626805305481,0.6597626805305481,6.360385417938232
C[C@H]1C[C@@H]1c1cnnn1C,0.6591614484786987,0.6591614484786987,0.8722587823867798
CC1CN(c2n[nH]c(=O)[nH]2)CCN(c2cc(C#N)ccc2[N+](=O)[O-])C1,0.6584434509277344,0.6584434509277344,2.13446044921875
CC[C](N)Cc1cnn(-c2cnn([C@@H]3C(=O)NCC[C@H]3C)c2)c1,0.6583166122436523,0.6583166122436523,6.038320064544678
CN1C(=O)C(c2nnc([N+](=O)[O-])n2C)C(=O)N(C)C1=O,0.6577664017677307,0.6577664017677307,4.161061763763428
C[C](C(=O)C(C)(C)C(=O)O)N1CCNC[C@H]1c1ncc([N+](=O)[O-])s1,0.65775465965271,0.65775465965271,3.2475035190582275
Cc1ccnc(-c2ccc3c(=O)c(=O)c(=O)c3c2)n1,0.6572103500366211,0.6572103500366211,5.963579177856445
O=Cc1nc2ccccc2n1[C@H]1CCCS1(=O)=O,0.657086968421936,0.657086968421936,2.58811616897583
C/C(=C\[N+](=O)[O-])C(=O)C(N)=O,0.6570098996162415,0.6570098996162415,4.742216110229492
Cc1nc2n(n1)C[C](S(=O)(=O)c1cccc(F)c1[C@@H]1CC1(F)F)CC2,0.6565554738044739,0.6565554738044739,8.570520401000977
C[C@@]1(O)CCCN(C2C(=O)Nc3ccc([N+](=O)[O-])cc32)CC1,0.6550495624542236,0.6550495624542236,2.2530384063720703
O=C(N=c1cc[nH][nH]1)C(=O)c1cc2n(n1)CCO2,0.6549971103668213,0.6549971103668213,6.680897235870361
Cn1c(=O)c(C#N)nn(C2SC(=N)NC2=O)c1=O,0.6549552083015442,0.6549552083015442,5.672958850860596
C=CC[C@H](C(=O)O)c1ccc[nH]c1=O,0.6539274454116821,0.6539274454116821,2.9769480228424072
CC[C@@H](C)C(=O)C(=O)CCCCC(=O)/N=N/C(=O)c1ccnn1C,0.6528516411781311,0.6528516411781311,3.753603935241699
O=c1cc(O)nc([C@H]2CCN3CCC[C@H]3C2)[nH]1,0.6523535847663879,0.6523535847663879,0.7823017239570618
CNc1ccccc1Cl,0.6520386338233948,0.6520386338233948,5.147932052612305
CCCC1(C#N)CCC1,0.6513563990592957,0.6513563990592957,7.278576850891113
CC1=NC(=S)N=C1CCN1C[C@H]2CNC[C@H]2C1,0.6512839198112488,0.6512839198112488,2.5400874614715576
CCN1C(=O)C([C@@H](C)C(=O)C(C)(C)C(=O)O)c2ccccc21,0.6499765515327454,0.6499765515327454,0.33172711730003357
CC#CC[C@H]1C[C@@H](N)C1,0.6495456695556641,0.6495456695556641,4.503739356994629
c1nocc1C1(C2CC2)CC1,0.6491279602050781,0.6491279602050781,0.8445670008659363
CS(=O)(=O)CCCCCCN=c1cc[nH]c(-c2cccc(Cl)c2)n1,0.6485618948936462,0.6485618948936462,2.959446430206299
Cc1nc(=NC(=O)C(=O)N2C[C]3CCC[C@@H](C3)C2)o[nH]1,0.6485220193862915,0.6485220193862915,1.0287901163101196
N#Cc1cc(=O)n(-n2nnc(-c3c(Br)cncc3[N+](=O)[O-])n2)cn1,0.6472803950309753,0.6472803950309753,7.163887977600098
O[C@@H]1CCCC[C@@H]1N1CCOC2(CN(c3cnn4c3OCCC4)C2)C1,0.6470496654510498,0.6470496654510498,10.263143539428711
O=C(N=c1ccc(O)n[nH]1)C(=O)c1ccc2c(c1)OCCO2,0.6468563079833984,0.6468563079833984,4.259041786193848
N#CC(=O)C(=NNc1ccc([C@@H]2COCO2)cc1)C(=O)C#N,0.646384596824646,0.646384596824646,3.035202741622925
C[C@@H]1C[C@H](C)CN(N2CCO[C@H](n3c(=O)cnc4ccccc43)C2)C1,0.6463236212730408,0.6463236212730408,3.6576313972473145
O=c1nc2n(-c3ccc([N+](=O)[O-])s3)c3ccccc3[n+]([O-])c-2c(=O)[nH]1,0.645958662033081,0.645958662033081,4.691532611846924
O=C1C(=O)N(C(=O)c2nc(O)c3ncnnc3n2)c2ccccc21,0.6454001665115356,0.6454001665115356,2.88881516456604
CC1=C(C(=O)C(=O)O)[C@H](C(C)Cc2ccc(S(C)(=O)=O)s2)NC(=S)N1,0.6448447108268738,0.6448447108268738,7.361992359161377
N#Cc1ncn(ON)n1,0.6446570754051208,0.6446570754051208,2.8564419746398926
CCC(=O)[C@@H](C)[C@@H]1C[C@H]1c1cn(C)c(=O)nc1O,0.6438630223274231,0.6438630223274231,5.914478778839111
N#CC[C@H]1CCCSC1,0.6401342153549194,0.6401342153549194,7.455479145050049
C[C@@H](O)CCCNC1=C(Cl)C(=O)C(Nc2ccc3c(c2)OCO3)=C(Cl)C1=O,0.6396932601928711,0.6396932601928711,5.467626094818115
Cc1cc(-c2nnc[nH]2)n[nH]1,0.6392918229103088,0.6392918229103088,0.18606403470039368
Cn1cnc([N+](=O)[O-])c1-c1ccc(/N=N/S(=O)(=O)O)cc1,0.6382298469543457,0.6382298469543457,9.158914566040039
CC(C)[C](CN1CC[C]([C@@H]2CCOC2)C1)N1CCn2nccc2C1,0.6379714608192444,0.6379714608192444,8.389774322509766
CC(C)C[C@H](CN)[C@@H](CN)CC(C)C,0.6377986073493958,0.6377986073493958,6.213091850280762
CCCC[C@@H](C(=O)O)c1ccc(S(=O)(=O)c2ncc(CCC(C)C)o2)o1,0.6376804113388062,0.6376804113388062,1.4110877513885498
CN1C[C@@H](c2cc([N+](=O)[O-])sc2C(=O)C(=O)[C]2CCOC2)CC1=O,0.6373534798622131,0.6373534798622131,5.407439708709717
N#Cc1cc([N+](=O)[O-])cnc1[C@@H](C#N)CN1CCn2nccc2C1,0.6372516751289368,0.6372516751289368,4.7053632736206055
Cc1cc2ccccc2nc1-n1cc(C=Nn2c(S)nncc2=O)cn1,0.6360731720924377,0.6360731720924377,6.233115196228027
O=[N+]([O-])c1nonc1-c1[nH]cnc1[C@@H]1[C]2CCO[C@@H]2C12CCC2,0.6355082392692566,0.6355082392692566,2.7360613346099854
CC1=NOC(=O)C1[C@@H]1CCCN([C@H](CF)C(=O)O)C1=O,0.6352757215499878,0.6352757215499878,2.9208004474639893
Cc1cc(-c2cnc(-c3ccc([N+](=O)[O-])s3)nc2)c2cnn(C)c2n1,0.6351470351219177,0.6351470351219177,8.705681800842285
CCC(=O)[C@@H](C)c1ccc(-n2nc([N+](=O)[O-])n3ncnc23)nn1,0.6351411938667297,0.6351411938667297,4.680857181549072
C[C]1CC[C@H](CCCCC[C@H]2CCCN(c3cnn4c3OCCC4)[C@@H]2C)C1,0.634678304195404,0.634678304195404,6.846475601196289
CC[C@H](CO)c1nnc(O)cc1-c1occc1[C@@H]1CCNC12CCC2,0.6316540241241455,0.6316540241241455,6.162704944610596
O=C1NC(=S)NC(=O)C1c1occc1[C@H]1CCCNC1,0.6311204433441162,0.6311204433441162,3.68933367729187
Cn1nnc(-c2cc(C(=O)N=c3nc(CCCCO)[nH]n3C)co2)n1,0.6310805678367615,0.6310805678367615,4.71198034286499
N#Cc1c([C@H]2CCCCC2=O)cc([N+](=O)[O-])cc1[N+](=O)[O-],0.6307464838027954,0.6307464838027954,1.0980907678604126
O=C1CCCC[C@@H]1c1n[n+]([O-])c([N+](=O)[O-])cc1[N+](=O)[O-],0.6303781867027283,0.6303781867027283,9.548393249511719
Cc1nnsc1C(N)=O,0.6299294233322144,0.6299294233322144,5.240981101989746
O=C1N=c2c(F)ccc(Cl)c2=C1NNC(=O)c1onc2ccccc12,0.6293564438819885,0.6293564438819885,3.163469076156616
N#CC(=O)/C(=N\Nc1cccc(Cl)c1)C(=O)C1(N)CCCCC1,0.6273252964019775,0.6273252964019775,10.309874534606934
Cc1cc(=NC(=O)C[S@@](=O)Cn2ccc(=O)c([N+](=O)[O-])c2)[nH]o1,0.6265926361083984,0.6265926361083984,6.720836162567139
C=CC[C@@H](C)C[C](C)O,0.6248461604118347,0.6248461604118347,1.0971311330795288
O=C1CCN(c2nnc(N/N=C3\C(=O)NC(=S)N=C3O)s2)CC1,0.6247539520263672,0.6247539520263672,7.841771125793457
O=CC[C@@H]1CCCSC1,0.6241679191589355,0.6241679191589355,3.1916892528533936
C=C(Cl)Cc1c(C#N)nn(-c2nonc2[N+](=O)[O-])c(=O)c1C#N,0.6232298016548157,0.6232298016548157,5.260268211364746
O=[N+]([O-])c1cc(Br)cnc1N1CCOC[C@@H]1[C@H]1CCCC[C@@H]1O,0.6226171851158142,0.6226171851158142,0.3025881350040436
C[C@@]1(O)CCCN(N2C(=O)N[C@H]([C@@H]3CCOC3=O)C2=O)CC1,0.6222383379936218,0.6222383379936218,1.2318705320358276
CON(CC(C)(C)C)C(=O)N1CC(F)(F)C[C@@H]1C1SC(=S)N(N)C1=O,0.6219533085823059,0.6219533085823059,0.3398626446723938
Cc1nonc1[C@H]1CCCN(C2C(=O)NC(=O)NC2=O)C1,0.6218617558479309,0.6218617558479309,3.255758047103882
CC(C)[C@H](CC(=O)NOc1ccc(Cl)cc1)C(C)(C)CN1CC(C)(F)C1,0.621222198009491,0.621222198009491,1.5107083320617676
N[C@H]1CCN(N2CCC[C@H]2c2cc3nccnc3cc2F)C1,0.6209338307380676,0.6209338307380676,5.693030834197998
CC1(C)CN(c2cnn3c2OCCC3)C[C]1c1cnn2c1OCCC2,0.6189268231391907,0.6189268231391907,12.832584381103516
O=C1CC[C@@H](c2cncnc2)N1,0.6185272336006165,0.6185272336006165,6.187312126159668
CC(C)(O)Cc1nnc[nH]1,0.6171457767486572,0.6171457767486572,7.841257095336914
CC1=NNC(=O)[C@H]1N1C[C]2CNC[C@H]2C1,0.6165239810943604,0.6165239810943604,6.095241546630859
C[C@@H]1C[C@@H](C)N1CC[C@@H]1CN(N2CC[C@@]3(CCOC3=O)C2)CC1(C)C,0.6155103445053101,0.6155103445053101,9.233638763427734
Cc1c([C@@H]2[C]3CCO[C@@H]3C23CCC3)n2ncc(C#N)c2ncc1=O,0.6153756976127625,0.6153756976127625,6.874473571777344
Cn1cnc([N+](=O)[O-])c1[C@@H]1CCC[C@@H]1CCN1CCC=N1,0.6143638491630554,0.6143638491630554,6.483429431915283
C=C(Cl)C[C@@H]1CCC(=O)N1,0.6136260032653809,0.6136260032653809,1.2726740837097168
Cc1nc(=NC(=O)C(=O)CCCF)o[nH]1,0.6126238107681274,0.6126238107681274,2.441336154937744
Cc1cc(-c2ccc(/C=C/[N+](=O)[O-])c([N+](=O)[O-])c2)cc2c1=NC(=O)C=2,0.6121663451194763,0.6121663451194763,8.535152435302734
CC[C@@](C)(CCO)[C@@H]1[C]2COC[C@H]21,0.6118642687797546,0.6118642687797546,11.924298286437988
C[C@@H](CC(=O)C(=O)N=C1C=CC(=O)C=C1)c1nnc(Cl)nn1,0.6106988191604614,0.6106988191604614,1.3886982202529907
CCC(=O)[C@@H](C)c1nn([C@H]2CCCCO2)c(=O)c(C#N)c1C,0.6103716492652893,0.6103716492652893,2.1041252613067627
Cc1nc(=NC(=O)C(=O)c2c([N+](=O)[O-])ncn2C)s[nH]1,0.6094350814819336,0.6094350814819336,8.012688636779785
C[C@@H]1O[C@@H](C)C[C@H]1c1ccc(-c2ccc([C@@H](C)C[S@@](C)=O)cc2)cc1,0.6073077321052551,0.6073077321052551,6.6140642166137695
CN1C(=O)N=C(O)C(c2n[nH]c(=O)[nH]2)C1=O,0.6029657125473022,0.6029657125473022,5.368923187255859
CC[C@@H](C)N(OC)C(=O)c1ccc2c(c1)oc1cc(=O)ccc-1[n+]2[O-],0.6024544835090637,0.6024544835090637,3.2657530307769775
O=C1NC(=S)NC(=O)C1c1nnc(C2=S=C([N+](=O)[O-])C=C2)o1,0.6023691296577454,0.6023691296577454,1.2414706945419312
O=C1C=C(C(=O)n2ccc(=O)c([N+](=O)[O-])c2)N=N1,0.6022930145263672,0.6022930145263672,3.302999258041382
CCC(c1ccc(N=NS(=O)(=O)O)cc1)[N+](=O)[O-],0.6010551452636719,0.6010551452636719,5.904470443725586
C[C@@H]1CN(c2ccc(F)cc2)CC[C@@H]1C1SC(=N)NC1=O,0.5991396903991699,0.5991396903991699,6.400842666625977
O=C1[C@H](c2ccc3c(c2)OCCO3)CCCN1c1cnn2c1OCCC2,0.5985426306724548,0.5985426306724548,13.694719314575195
CN1CCC([C@H]2C[C@H](O)CN2CC(C)(C)CN2CCC[C@](C)(O)CC2)CC1,0.5979486703872681,0.5979486703872681,5.440348148345947
CN=c1[nH]ccc(-c2cc(Br)cnc2[N+](=O)[O-])c1[N+](=O)[O-],0.5978432893753052,0.5978432893753052,0.6599533557891846
OCCCC1(O)COC1,0.5969724059104919,0.5969724059104919,3.922390937805176
N#Cc1ccsc1CCS(=O)(=O)C1SC(=O)NC1=O,0.5969657897949219,0.5969657897949219,1.4819552898406982
C[C@H]1CN(C(=O)C(=O)N=c2cc[nH]cc2O)C[C@@H]1O,0.5957582592964172,0.5957582592964172,2.9662976264953613
c1cc2c(cc1N1CCC[C@@H](N3CC[C@H]4CCN[C@@H]4C3)CC1)OCCO2,0.5956854224205017,0.5956854224205017,9.105464935302734
O=C([C](O)CCN1CC[C@H]([C]2CCOC2)C1)[C@H]1CSc2ccccc21,0.5948616862297058,0.5948616862297058,2.8821420669555664
CC(C)[C@@H](CCCS(=O)(=O)c1nc([N+](=O)[O-])n(C)n1)c1c(F)ccnc1F,0.5938814878463745,0.5938814878463745,11.757823944091797
C[C@@H]1C[C@@H]([C@H](C)N=c2cc[nH]c(CF)n2)[C@H](C)O1,0.5937244892120361,0.5937244892120361,3.6283938884735107
C[C@@H](CC(C(=O)O)c1nocc1C1SC(=O)NC1=O)[N+](=O)[O-],0.5932492017745972,0.5932492017745972,2.9820973873138428
CN1CC(=O)N(c2ccncc2-c2cnn3nnnc3n2)C1=O,0.5932369232177734,0.5932369232177734,3.804299831390381
O=[N+]([O-])c1ccc(C(c2cnn3c2OCCC3)([N+](=O)[O-])[N+](=O)[O-])s1,0.5931052565574646,0.5931052565574646,14.292278289794922
CCCCCN1CC[C@@](F)(C2C(O)=Nc3ccc([N+](=O)[O-])cc32)C1,0.5924668908119202,0.5924668908119202,2.424708843231201
N#CC1(N2CC[C@H]3OCCN(N4CC[C@@]5(CCOC5=O)C4)[C]3C2)CCC1,0.5917555689811707,0.5917555689811707,7.22207498550415
C=C[C@H](C(=O)O)n1cnnc1N1CC[C@H]2NC(=O)CC[C@@H]2C1,0.5915097594261169,0.5915097594261169,1.347678303718567
Cn1c(=O)n(C)c2cc(-c3oncc3-c3cc4n(n3)CCC4)ccc21,0.5910540223121643,0.5910540223121643,2.4716124534606934
Cc1nc(N2CC[C@@H]3COC(=O)N[C@H]3C2)oc1C1SC(=S)NC1=O,0.5909757614135742,0.5909757614135742,5.3541975021362305
CC(C)N1CCCC1=O,0.5897279977798462,0.5897279977798462,4.687995910644531
O=C1N=c2ccccc2=C1NNC(=S)Nc1ccc2c(c1)OCCO2,0.588162899017334,0.588162899017334,4.000642776489258
C[C@H]1CCNC(=O)[C@@H]1[C@H]1CN([C@H]2CCCCNC2=O)C[C]1O,0.5865797400474548,0.5865797400474548,6.1321120262146
Cc1cc(-c2ccc(-c3nnc4nc(O)nc(O)c4n3)s2)c(C)nn1,0.5844040513038635,0.5844040513038635,2.329777956008911
CS(=O)(=O)c1cc(-n2ncc(-c3nnc(O)[nH]3)n2)ccc1[N+](=O)[O-],0.5839381814002991,0.5839381814002991,4.054213523864746
CC(F)(F)C(=O)C[C@@H](C#N)c1ccoc1N1CCC2(CC1)CNC(=O)O2,0.5836776494979858,0.5836776494979858,0.38577574491500854
C[C@H]1CN(C(=O)/N=N\C(=O)c2nc[nH]c2[N+](=O)[O-])CCO1,0.5819358229637146,0.5819358229637146,2.1987509727478027
C[C@@H]1CCNC(=O)[C@H]1C1C(=O)N(C)C(=O)N(C)C1=O,0.5813401341438293,0.5813401341438293,3.5796959400177
O=C(N=c1[nH]n2cnnc2s1)[C@H]1COCCN1N1CCC[C](O)C1,0.5807034969329834,0.5807034969329834,0.9973240494728088
CC(=O)CC(=O)[C@H](C)CC(=O)C[C](ON1CCC[C@](C)(O)CC1)C(C)C,0.5787331461906433,0.5787331461906433,6.896114826202393
N#Cc1nc([C@H]2CCN3CCC[C@H]3C2)[nH]c1C#N,0.578723132610321,0.578723132610321,3.633985757827759
O=C(N=c1cc[nH]cc1)C(=O)c1ccc([S@](=O)O)c([N+](=O)[O-])c1,0.5773535370826721,0.5773535370826721,3.3350117206573486
O=C1Nc2ccc(CC(F)F)cc2C1CCCCCc1nn[nH]n1,0.5768615007400513,0.5768615007400513,0.37752822041511536
C[C@H]1CC[C@@H](C[S@@](C)=O)C1,0.575710117816925,0.575710117816925,8.691731452941895
CC[C@H](Cc1cc(=O)cc[nH]1)[C@@H](CN1C[C@@H](C)[C@H](O)C1)C(C)C,0.575608491897583,0.575608491897583,0.961233913898468
CC1(N[C]2CCCn3ncnc32)CC1,0.575125515460968,0.575125515460968,14.035186767578125
COC1=CC(=O)C(CCC(=O)[C@@H](C)C(=O)C(C)(C)C(=O)O)=CC1=O,0.5745142102241516,0.5745142102241516,6.101516246795654
N=C(Oc1cc2nccnc2cc1F)c1ccc([N+](=O)[O-])c([N+](=O)[O-])c1,0.5740358829498291,0.5740358829498291,4.586991310119629
C[C]1C[C@@H](C)N1[C@H](C)CCCCc1n[n+]([O-])c([N+](=O)[O-])cc1[N+](=O)[O-],0.5735722184181213,0.5735722184181213,3.333731174468994
CC(C)[C@H](Cc1cc(Cl)c2nonc2c1[N+](=O)[O-])[C@@H](C)Cn1cncn1,0.5731048583984375,0.5731048583984375,3.806431293487549
CCC(=O)C(C)C(=O)O,0.5702225565910339,0.5702225565910339,5.728891849517822
CC(C)[C](C(=O)N1C[C@H]2CN(C)CC[C@H]2C1)N1CCOC(C)(C)[C@H]1C,0.5701844692230225,0.5701844692230225,3.4666104316711426
C[C@@H]1CN(c2sc([N+](=O)[O-])cc2Cl)C[C@]1(C)c1cc2n(n1)CCC2,0.569827675819397,0.569827675819397,2.047290802001953
C#CCCCN1C[C](N2CCCN(N3CCNC(=O)C3)CC2)[C@H](N)C1,0.5693604350090027,0.5693604350090027,3.8924829959869385
C[C]1C[C@@H]1[C@@H]1COC[C@@H]1O,0.5689243078231812,0.5689243078231812,4.573307514190674
c1nn2c(c1[C@@H]1CCCN(N3CC[C@H]([C]4CCOC4)C3)C1)OCCC2,0.5672290325164795,0.5672290325164795,11.926820755004883
CCC(=O)[C@@H](C)C1CC1,0.5667926669120789,0.5667926669120789,9.85193157196045
Cn1ncc(-c2cnn3c2OCCC3)c1CCc1cnn2c1OCCC2,0.5663753747940063,0.5663753747940063,20.055028915405273
C[C]1C[C]1[C@@H](C)[C@@H](C)c1cccc(-c2cc(C=O)ncc2Br)n1,0.5658232569694519,0.5658232569694519,6.341662883758545
O=C(N=c1cc[nH]c2ccncc12)C(=O)c1cccc([N+](=O)[O-])c1,0.565589189529419,0.565589189529419,0.8576432466506958
CS(=O)(=O)OC(=O)N=C1C=CC(=O)C=C1,0.5639780759811401,0.5639780759811401,0.8382799029350281
Cn1cc[nH]c(=NC(=O)C(=O)N2CCn3nccc3C2)c1=O,0.5639756321907043,0.5639756321907043,3.3838579654693604
C=C[C](C(=O)c1nnc(Cl)nn1)c1occc1[C@@H](C)CC(C)=O,0.5636125802993774,0.5636125802993774,7.723967552185059
C[S@@](=O)Cc1ccc(NN=C(C(=O)C#N)C(=O)C#N)cc1,0.5626939535140991,0.5626939535140991,6.647453308105469
CCC(C)(C)C(=O)Cc1ccc(-c2cnc3ncc(Br)cc3c2)nn1,0.5617367029190063,0.5617367029190063,1.4786666631698608
C=CC[C@H](CO)C[C@@H](C)[C](C)C(=O)[C@@H](C)CN1CCCN(CC(C)=O)CC1,0.5594738125801086,0.5594738125801086,8.620956420898438
CC(C)[C@H](C[C@H]1C[C@@H](O)CN1N1CCN[C@@H](C)C1)[C@H]1CC(=O)N(C)C1,0.5589919686317444,0.5589919686317444,7.002821445465088
CC(C)[C](COS(C)(=O)=O)[C@@H]1CN(c2cnn3c2OCCC3)C[C]1O,0.5585106015205383,0.5585106015205383,3.8410933017730713
C[C@]1(O)CCCN(n2c3nc(=O)[nH]c(=O)c-3[n+]([O-])c3ccccc32)CC1,0.5580795407295227,0.5580795407295227,5.790623188018799
Cc1noc(C)c1C(=O)[C](/N=N\c1nnn[nH]1)/N=N/c1ncn[nH]1,0.557776153087616,0.557776153087616,6.745319843292236
CC(C)C[C@H](CN)O[N+](=O)[O-],0.5574255585670471,0.5574255585670471,4.657282829284668
C[C](C(=O)c1cc(Br)cc([N+](=O)[O-])c1)[C@@H](C)c1c([N+](=O)[O-])cnn1C,0.5562272071838379,0.5562272071838379,0.8730089068412781
CC1=C(C(=O)C(=O)O)[C](c2ccc(C)c(CCC(C)C)c2)NC(=S)N1,0.5557398200035095,0.5557398200035095,4.875150203704834
N#CCC1CCNCC1,0.5541694760322571,0.5541694760322571,9.207011222839355
CC(F)(F)C(=O)SC1=CC(=O)c2c(O)ccc(O)c2C1=O,0.5540620684623718,0.5540620684623718,0.9567152857780457
CN1C(=O)C(c2nc3nonc3[nH]c2=O)C(=O)N(C)C1=O,0.5536321997642517,0.5536321997642517,9.067190170288086
CC#CCN1CC[C@@](C)(C(=O)C(=O)N=c2cccn[nH]2)C1,0.5515214204788208,0.5515214204788208,5.918898582458496
CCCC[C](Cc1ccc(C=O)[nH]1)S(=O)(=O)c1ccc(C#N)s1,0.5510609149932861,0.5510609149932861,1.887506365776062
c1nn2c(c1-c1cn(CCC[C]3[C@H]4CCO[C@@H]4C34CCC4)cn1)OCCC2,0.5510459542274475,0.5510459542274475,10.551877975463867
CC(C)[C](C(=O)N1C[C@H]2CN(C)C[C@H]2C1)c1cc(C=O)ccc1F,0.5503076314926147,0.5503076314926147,0.6090534329414368
Cn1c(=O)nc2n(C(=O)C(C)(F)F)nc(-c3cc(Cl)no3)nc-2c1=O,0.5501527786254883,0.5501527786254883,5.702678203582764
Nc1c([N+](=O)[O-])cnn1-c1occc1-c1ccn(-n2cc(Cl)cn2)c(=O)c1,0.5499340891838074,0.5499340891838074,0.9408329129219055
CC(C)Cc1nnc[nH]1,0.5498228073120117,0.5498228073120117,5.6241135597229
O=C1OCCN1CO,0.5496002435684204,0.5496002435684204,1.7096610069274902
CS(=O)(=O)c1ccc([C@@H]2COCC[C@H]2c2nc3nonc3nc2O)s1,0.549169659614563,0.549169659614563,3.8078160285949707
C[C]1CN(C2CN([C@@H]3CCN3C)C2)CCN1c1nc(O)cc(=O)[nH]1,0.5486743450164795,0.5486743450164795,5.100540637969971
O=C(O)C(=O)CCCC(=O)C(=O)N=c1cc[nH][nH]1,0.5477781891822815,0.5477781891822815,0.20406101644039154
CC(C)[C@@H](C)C(=O)c1c(-c2ncncc2-n2cnn(C)c2=O)cnn1C,0.5476561784744263,0.5476561784744263,3.1485021114349365
CC(C)[C@@H](CC(=O)C1=NNC(=O)CC1)N1CCCC2(CC2)C1,0.5475978851318359,0.5475978851318359,1.3272286653518677
CCCCCCCO,0.5472637414932251,0.5472637414932251,2.006063938140869
OCc1nc(Cl)cs1,0.5472131371498108,0.5472131371498108,8.138908386230469
C=CC(=O)[C@@H]1CCC(=O)N1,0.5469918847084045,0.5469918847084045,0.47522830963134766
CC(C)[C@@H](C[C@@H]1CCCN(N2C[C@H](C)C[C@H](C)C2)[C@@H]1C)[C]1CCCCO1,0.5464036464691162,0.5464036464691162,6.227847099304199
O=C1NCCCC[C@H]1c1cc(O)nnc1-c1ccccc1O,0.5459784269332886,0.5459784269332886,9.45765209197998
CC(C[C@@H](CO)CC(=O)C(=O)C(C)(C)C)C(=O)[C@@H]1CSc2ccccc21,0.545641303062439,0.545641303062439,6.100239276885986
C[C@H](CC(=O)CC(C)(C)C)CC(C)(C)N1CCC[C@H](c2ccnn2C)C1,0.5437445044517517,0.5437445044517517,1.2965590953826904
CS(=O)(=O)c1ccc(-c2ccc(/N=N/S(=O)(=O)O)cc2)s1,0.5434970855712891,0.5434970855712891,12.478679656982422
C[C@H]1C(=O)NCCCN1[C@H]1CCCC[C@H]1n1cnnc1[N+](=O)[O-],0.5431470274925232,0.5431470274925232,5.543214797973633
O=C(Nn1c(O)nnc1O)c1ccc(-c2cc3nccnc3cc2F)s1,0.5421736240386963,0.5421735644340515,3.5717251300811768
Cc1cc2ccccc2nc1-c1ccc(N2CC[C@H]3CCN[C@@H]3C2)nn1,0.54200679063797,0.54200679063797,4.453537464141846
CC[C](c1cnn(C)c1Cl)C(CCCCO)c1cnn2c1OCCC2,0.5406110882759094,0.5406110882759094,5.604316711425781
CC[C@H](CCO)C1C(=O)Nc2ccc([N+](=O)[O-])cc21,0.5402504205703735,0.5402504205703735,10.096935272216797
C[C@H]([C@H]1CCCCNC1=O)S(=O)(=O)c1nccs1,0.5400853157043457,0.5400853157043457,2.9449386596679688
CCCC[C@H](C(=O)O)N1CCOC2(CN(c3cnn4c3OCCC4)C2)C1,0.540007472038269,0.540007472038269,4.210160732269287
Cc1cc(C)c(C2SC(=O)N(C)C2=O)c(-n2nc(C)ccc2=O)n1,0.5377118587493896,0.5377118587493896,1.8021186590194702
C[C@@H]1CCCN(N2CC[C@@H]3OCCN(c4ccc(S(C)(=O)=O)s4)[C@H]3C2)C1,0.5366318821907043,0.5366318821907043,5.463874816894531
C=CC[C@@H]1CC1(F)F,0.5363076329231262,0.5363076329231262,8.184802055358887
CC1(C)CN(CCCCC(=O)O)C[C]1c1cc(C#N)ccc1[N+](=O)[O-],0.534681499004364,0.534681499004364,2.0597620010375977
O=C1C=CC(=O)C(c2cccc(-c3cnn4c3OCCC4)c2)=C1,0.5341821908950806,0.5341821908950806,0.04122491925954819
Cn1cnc([N+](=O)[O-])c1-c1cc(-c2ccc([N+](=O)[O-])nc2)ccc1C#N,0.5335114598274231,0.5335114598274231,5.420205593109131
CC[C](Cc1nc2nonc2nc1C1SC(=S)NC1=O)C(=O)O,0.5333607196807861,0.5333607196807861,5.9512810707092285
CC(C)[C@H](C(=O)C(C)(C)Cc1c([N+](=O)[O-])ncn1C)c1cnn(C)c1Cl,0.5323391556739807,0.5323391556739807,9.276459693908691
O=[N+]([O-])c1cc(F)ccc1C([N+](=O)[O-])([N+](=O)[O-])[N+](=O)[O-],0.5322120189666748,0.5322120189666748,2.509162425994873
COC1=CC(=O)C(C[C@@H]2[C]3Cc4ccccc4[C@H]32)=C(OC)C1=O,0.5310280919075012,0.5310280919075012,5.505573272705078
CC(C)C[C@H](CN)[C@H]1CC[C@@H](n2cnn3c([N+](=O)[O-])nnc32)CC1,0.5307204127311707,0.5307204127311707,2.466097593307495
O=C1NC(=S)N=C(O)/C1=N/Nc1nnc(C2CC=CC2)s1,0.5303457975387573,0.5303457975387573,0.3055647313594818
CC1(CCF)CCC1,0.5294215083122253,0.5294215083122253,0.2351861596107483
Cn1[nH]cnc1=NC(=O)C(=O)n1cnc(C#N)cc1=O,0.5288700461387634,0.5288700461387634,0.7105308771133423
CC1=NNC(=O)[C@@H]1c1ccc2oc(=O)[nH]c2c1,0.5287615060806274,0.5287615060806274,3.2922098636627197
Cc1ccc2cc([C@@H]3C[C@H](C)N(c4ccc(S(C)(=O)=O)s4)C3)ccc2n1,0.5271304845809937,0.5271304845809937,5.3074564933776855
C=CC[C@H](C(=O)O)[C@H](CO)C(=O)C[C](C)C1(N)CCCCC1,0.5258774757385254,0.5258774757385254,4.086269378662109
CC1=CC(=O)C(CN(C)C2=C(Cl)C(=O)c3ccccc3C2=O)=CC1=O,0.5252199172973633,0.5252199172973633,3.525923490524292
CS(=O)(=O)c1ccc(C(=O)CCCCC(O)Cc2cc(C=O)ccc2F)s1,0.5242541432380676,0.5242541432380676,5.826411247253418
Cc1c(N2CC(c3cnn(C)c3C)C2)n2ncc(C#N)c2ncc1=O,0.5221085548400879,0.5221085548400879,1.5452619791030884
C[C@@H]1CN(c2cc(C3(C)OCCO3)c([N+](=O)[O-])cc2[N+](=O)[O-])C[C]1N,0.5211288332939148,0.5211288332939148,1.3358510732650757
O=[N+]([O-])c1cc([N+](=O)[O-])c(CC[C](O)c2cc3c(nc2O)CCC3)s1,0.5209434628486633,0.5209434628486633,0.8333414196968079
Cn1c(=O)oc2cc(CCC(=O)CCCCc3ccc(C#N)o3)c(F)cc21,0.5207890868186951,0.5207890868186951,4.488306522369385
CN1C[C@@H]2CN([C]3C[C@@H](c4ccc5c(c4)OCCO5)C34CCC4)C[C@@H]2C1,0.5196352005004883,0.5196352005004883,11.024618148803711
Cc1ncc(Br)n1-c1ccc(OC=O)c2c1C(=O)C=CC2=O,0.5195450186729431,0.5195449590682983,6.507402420043945
CON=Cc1ccc(CCc2cc(C)nnc2C(=O)/C=C/[N+](=O)[O-])cc1,0.5189490914344788,0.5189490914344788,1.2294695377349854
CC(C)OC[C@@H](C)O,0.5187052488327026,0.5187052488327026,1.4140888452529907
CN1CC[C@H]2CN(S(=O)(=O)c3cccc([C]4CCNC(=O)C4)c3)C[C@H]2C1,0.5184466242790222,0.5184466242790222,2.1972906589508057
C[C@H]1CN(c2nnc(O)cc2C2SC(=N)NC2=O)C[C]1O,0.5180447101593018,0.5180447101593018,7.760235786437988
Cn1nc([C@@]23C[C@@H]2CN(c2nc(=N)cc[nH]2)C3)nc1[N+](=O)[O-],0.517413854598999,0.517413854598999,5.9600749015808105
N#CC1([C@@H]2C[C@H]2[N+](=O)[O-])CC1,0.5165776014328003,0.5165776014328003,6.177804470062256
Oc1cc(N2CC[C@H]([C]3CCOC3)C2)c(-c2cc3n(n2)CCO3)nn1,0.5164936184883118,0.5164936184883118,10.1157808303833
Cc1cnc([C@H](C)CC(=O)NC2=C(Cl)C(=O)c3ncccc3C2=O)cn1,0.513871967792511,0.513871967792511,3.0559275150299072
CC(C)[C](C(=O)CCCC(=O)C(=O)O)[C@@H]1CCN2CCC[C@@H]2C1,0.5130206346511841,0.5130206346511841,5.025364875793457
C[C](C#N)[C@H]1NC(=O)N([C@@H]2CN(c3cccc(Cl)c3)CCCO2)C1=O,0.5120071172714233,0.5120071172714233,3.5199568271636963
C[C@H]1CN(c2csc(S(=O)(=O)c3nc([C@@H](CO)C(=O)O)no3)n2)C[C@H](C)S1,0.5118783116340637,0.5118783116340637,2.010164499282837
N[C@H]1CCN([C@@H]2CCC[C@@H]2c2cc(=O)cc[nH]2)C1,0.510724663734436,0.510724663734436,0.8962867856025696
CC(C)C[C@H](CN)C(=O)C(=O)N=c1cc[nH]cc1,0.5092874765396118,0.5092874765396118,5.342596054077148
CC(C)(C)[C@H](NC1=C(Cl)C(=O)C(N[C@@H]2CCC(=O)N2)=C(Cl)C1=O)C(=O)O,0.5091264247894287,0.5091264247894287,3.6652603149414062
C[C@@H]1[C@@H](c2ccc(S(C)(=O)=O)s2)CCCN1CCc1cnn2c1OCCC2,0.5090486407279968,0.5090486407279968,12.91994571685791
CN1C(=O)C(CCC(=O)N=c2cccn[nH]2)SC1=S,0.5079247951507568,0.5079247951507568,7.106515407562256
CCC(C(C)=O)[N+](=O)[O-],0.5077958106994629,0.5077958106994629,9.367422103881836
CC(C)CC[C@@H](C)O,0.5072398781776428,0.5072398781776428,4.046377182006836
CC[C](C)CC(=O)[C](/N=N\c1nnn[nH]1)/N=N/c1ncn[nH]1,0.5068657398223877,0.5068657398223877,2.7973697185516357
O=C1N=c2ccccc2=C1NOOc1cc2n(n1)CCO2,0.505178689956665,0.5051787495613098,12.445754051208496
CCC(=O)[C@H]1CCCS1(=O)=O,0.5042471885681152,0.50424724817276,6.925409317016602
CC(=O)c1nc(-c2cnn(-n3nc([N+](=O)[O-])nc3[N+](=O)[O-])n2)no1,0.5024604797363281,0.5024604797363281,6.656352996826172
Cn1ncnc1-c1nc([C@@H]2C=CC[C@@H]([C@@H]3OC[C]4CCC[C@@H]43)C2)no1,0.5019307136535645,0.5019307136535645,0.670254647731781
O=[N+]([O-])c1cc[n+]([O-])cc1-c1cncc([C@@H]2CCNC2)n1,0.5012606978416443,0.5012606978416443,2.312673568725586
Cc1cc(S(=O)(=O)[C@@H]2CC[C@@H](c3ccc4c(c3)OCCO4)C2)c([N+](=O)[O-])s1,0.5000222325325012,0.5000222325325012,10.633454322814941
C[C@H]1CN(N2CCc3ccccc3CC2)C[C]1[C@@H]1CCCS(=O)(=O)C1,0.4999718964099884,0.4999718964099884,2.8428070545196533
Cc1cc(=NC(=O)C2(c3cn(C)cn3)CCCCC2)[nH]cc1C#N,0.4997389316558838,0.4997389018535614,1.655019998550415
C[C@H](CC(=O)N=c1cccn[nH]1)N1CC[C@H]2CCN[C@H]2C1,0.49939459562301636,0.49939459562301636,5.621109485626221
CC1CCN(c2cc(-n3ccc(-c4ccc(Cl)c([N+](=O)[O-])c4)n3)cs2)CC1,0.49838265776634216,0.49838265776634216,2.31648850440979
CC(C)[C](OC1CC(N2CCC[C@@H](CCCCC[N+](=O)[O-])C2)C1)C(N)=O,0.4979419410228729,0.4979419410228729,7.407726764678955
O=C1C=CC(=O)c2c(CCCCC(=O)c3nonc3[N+](=O)[O-])cccc21,0.4956456124782562,0.4956456124782562,4.959126949310303
CCCCC(=O)ONC(=O)c1cc(-c2ccc3c(c2)OCCO3)nnc1C,0.49467527866363525,0.49467527866363525,5.552571773529053
O=C1N=C(c2ccccn2)N=C(C(=O)N2C[C@H]3CNC[C@H]3C2)[C@@H]1O,0.4934362471103668,0.4934362471103668,6.58925199508667
CS(=O)(=O)CCCCn1nc([N+](=O)[O-])nc1-c1cc(Br)cc([N+](=O)[O-])c1,0.4926956295967102,0.4926956295967102,10.613508224487305
CS(=O)(=O)c1ccc(C2(c3ccc4nonc4c3[N+](=O)[O-])CCC2)s1,0.4903430938720703,0.4903430938720703,4.787703990936279
C#C[C@H](c1nc[nH]c1/N=N/c1nc(O)c(C#N)[nH]1)C(C)C,0.49025967717170715,0.49025967717170715,4.726132392883301
CC(C)C[C@H](CN)[C@H]1[C@@H]2COC[C@@H]21,0.48965469002723694,0.4896547198295593,3.3551013469696045
N#Cc1ccc(-c2ccc(OS(=O)(=O)c3csc([N+](=O)[O-])c3)s2)nc1,0.4880917966365814,0.4880917966365814,7.587498188018799
Cn1nc([N+](=O)[O-])n(-c2ccc(S(=O)(=O)c3ccc(C=O)o3)c(F)c2)c1=O,0.4877144396305084,0.4877144396305084,1.3111662864685059
Cc1cc(C#N)cnc1N1CCC[C@H](n2cnc(C#N)cc2=O)[C@H]1C,0.4864213168621063,0.4864213168621063,2.3739681243896484
CCC(C)(C)C(=O)C[C@@H]([C@H](C)CC1=CC(=O)C(C)=CC1=O)C(C)(C)C,0.4844244420528412,0.4844244420528412,1.6505426168441772
COC1=CC(=O)C(=O)c2ccc(-n3cnc(C#N)cc3=O)cc21,0.4826408326625824,0.4826408326625824,5.490169048309326
CC(C)[C@@H](C(N)=O)c1nsc(CC[C@@H]2CN(c3ccnn3C)CCCO2)n1,0.48201417922973633,0.48201417922973633,2.527855157852173
Cc1cccc(-c2cc(O)nnc2-c2cc[nH]c(=N)c2[N+](=O)[O-])n1,0.4811600148677826,0.4811600148677826,7.029179573059082
CC1=C(C(=O)C(=O)O)[C@@H](c2ccc3cccnc3c2[N+](=O)[O-])NC(=S)N1,0.4798175096511841,0.4798175096511841,2.8309919834136963
C[C@@H]1C[C@@H](C2(C(=O)/N=N\C(=O)c3ccc(C#N)o3)CC2)[C@@H](C)O1,0.47920358180999756,0.47920358180999756,4.670299053192139
CC(C)[C@@H](C(N)=O)C(=O)C([N+](=O)[O-])[N+](=O)[O-],0.47914567589759827,0.47914567589759827,5.750635147094727
CC[C@H](CCO)[C@@H]1[C]2COC[C@H]21,0.4783076047897339,0.4783076047897339,0.2668580114841461
O=C(Nn1c(O)nnc1O)n1nc([C@H](CO)S(=O)(=O)C(F)F)sc1=O,0.47739377617836,0.47739377617836,10.266617774963379
CCC(=O)c1ccc(C[C](C(C)C)[C@@H]2COC[C@@H]2O)c(S(N)(=O)=O)c1,0.47454026341438293,0.47454026341438293,3.146488904953003
O=C1OCC[C@H]1[C@H]1CC12CC2,0.4737245440483093,0.4737245440483093,4.52045202255249
O=C1C=C(C(=O)c2cnc3ccc(Cl)nn3c2=O)N=N1,0.4715329110622406,0.4715329110622406,4.100865364074707
CC(C)(Cc1nc(N2C[C@H](O)[C@@H](O)C2)no1)N[C]1CCCn2ncnc21,0.47090086340904236,0.47090086340904236,12.77409839630127
O=C1CN(N2C[C@H]3CCC[C@@H](C3)C2)CCN1N1CCC[C]1c1cscn1,0.4703061580657959,0.4703061580657959,1.194791555404663
CON(C)C(=O)[C@H](C)c1cn(-c2ncnc3cccc([N+](=O)[O-])c23)nn1,0.4687914550304413,0.4687914550304413,2.3570756912231445
O=Cc1cc(C(=O)Cc2nnc(C3=S=C([N+](=O)[O-])C=C3)o2)c(Br)cn1,0.4685538411140442,0.4685538411140442,2.2408182621002197
C=Cn1nnc([C@H]2C[C@@](c3nc(O)c4ncnnc4n3)C2)n1,0.4684396982192993,0.4684396982192993,5.222250461578369
Cc1ccc2nc(C(C(=O)O)n3nc(C)c([N+](=O)[O-])c3C)cc(=O)n2c1,0.4684070348739624,0.4684070348739624,1.186912178993225
CC[C](C(N)=O)[C@@H](O)CC(=O)C(=O)N=c1nc[nH][nH]1,0.467787504196167,0.467787504196167,4.703115463256836
C[C@H]1C(=O)NCCN1N1CCO[C@@H]2CCN(CCCCS(C)(=O)=O)C[C@@H]21,0.467597097158432,0.467597097158432,10.247194290161133
CC[C@H](CO)CCN=c1ccc([N+](=O)[O-])c(CCC(F)F)[nH]1,0.46755510568618774,0.46755507588386536,6.13399076461792
O=c1cc[nH]c(-c2[nH]c(=N[C@H]3CCCC[C@@H]3O)ccc2[N+](=O)[O-])c1,0.4672927260398865,0.4672927260398865,6.263717174530029
N#CC1(CO)CCC1,0.46388348937034607,0.46388348937034607,2.532771587371826
N[C@H]1C[C@H](CC(O)CCC2=CC(=O)C=CC2=O)C1,0.4638693332672119,0.4638693332672119,3.1824722290039062
CC1=CC(=O)C(Cc2cn(-c3ccc(C#N)c(Cl)c3)nn2)=CC1=O,0.46208456158638,0.4620845913887024,3.192356824874878
O=C(O)C(c1ccc(O)c(O)c1)c1ncnc2ncccc12,0.4620489776134491,0.4620489776134491,2.767641305923462
C=CCc1cc(C)nn1CCc1nc(N)c2c(n1)=NC=N[S@]=2(=O)O,0.46067842841148376,0.46067842841148376,6.3168230056762695
N#Cc1nccc(-n2ncc(-n3cc(C=Nn4c(S)nncc4=O)nn3)n2)n1,0.4598429203033447,0.4598429203033447,2.8385303020477295
CC1(F)CN(N2CC(F)(F)C[C@H]2c2cc3c(nc2O)CCC3)C1,0.45981600880622864,0.45981600880622864,2.6032323837280273
C[C@H](CC(=O)S(=O)(=O)c1ccc(C#N)s1)c1c(F)cc([N+](=O)[O-])cc1F,0.45916318893432617,0.45916321873664856,3.2687222957611084
N#CC(=O)/C(=N\Nc1ccc(F)cc1)C(=O)n1ccc(C=NO)nc1=O,0.4588042199611664,0.4588042199611664,3.884305000305176
N#Cc1ccc(S(=O)(=O)C2(N3CC[C@@H]([C]4CCOC4)C3)CCCCC2)s1,0.4579671621322632,0.4579671621322632,7.360510349273682
C[C@H](CC(=O)O)c1c([C@H](CO)N2CC(F)C2)nn2c(N)c(C#N)nnc12,0.45778799057006836,0.45778799057006836,2.0299813747406006
CCCCC(=O)c1cc([N+](=O)[O-])c([N+](=O)[O-])cc1-c1ccc(C#N)c(C)n1,0.4566267728805542,0.4566267728805542,0.48018258810043335
O=C(N=c1cccn[nH]1)C(=O)N1C(=O)N[C@]2(CCOC2)C1=O,0.4565408229827881,0.4565408229827881,1.2337660789489746
Oc1cc(N2CC[C@H]([C]3CCOC3)C2)c(-c2cnn3c2OCCC3)nn1,0.45614343881607056,0.45614343881607056,9.589338302612305
CC1=NNC(=O)[C@@H]1[C@H](C(=O)O)C(C)(C)C,0.45597201585769653,0.45597201585769653,7.087944030761719
Cc1nn(-c2cc(C3(C#N)CCN(C)CC3)ccn2)nc1N1CCC(C)CC1,0.4552852213382721,0.4552852213382721,12.56698226928711
CCCCCCN1CCCN(c2cn3nc4c(=O)n(O)ccc4nc3n2)CC1,0.454645037651062,0.454645037651062,7.929802894592285
CC1=C(C)C(=O)C(CC2CN(N3CCC[C@@H](C)C3)C2)=CC1=O,0.4536750316619873,0.4536750614643097,5.198319911956787
Cc1[nH][nH]c(=NC(=O)C(=O)c2ccc(S(C)(=O)=O)s2)c1C#N,0.45212581753730774,0.45212581753730774,1.0531073808670044
C[C@@H]1C[C@H](C)N1n1nc(C(=O)[C@H](C)c2c[n+]([O-])ccc2[N+](=O)[O-])sc1=O,0.4503211975097656,0.45032116770744324,0.3327663838863373
C[C@H](CF)N1C[C@H]2C[C@@]2(N2[C@H]3CC[C@H]2CN([C@@H](C)CC(C)(C)O)CC3)C1,0.4490877091884613,0.4490877091884613,2.9423017501831055
C[C](C(=O)c1cc2nccnc2cc1F)[C@H](C)C(=O)Nn1c(O)nnc1O,0.44793784618377686,0.44793784618377686,0.25848081707954407
C=CC[C@H](CO)CN1C(=O)NC(=O)C(CCC2(C#N)CCN(C)CC2)C1=O,0.44768351316452026,0.44768351316452026,11.868876457214355
CC(C)S(=O)(=O)CCC[C@@H](C)SC1=CC(=O)c2c(O)ccc(O)c2C1=O,0.4461553394794464,0.4461553394794464,0.9085005521774292
N#Cc1ccc(-c2cc([N+](=O)[O-])c(-c3ccc([N+](=O)[O-])s3)cc2[N+](=O)[O-])o1,0.44589662551879883,0.4458966553211212,6.685748100280762
O=C1C=CC(=NOS(=O)(=O)c2ccc(CCCCC(=O)O)cc2)C=C1,0.4455516040325165,0.4455516040325165,0.5397908091545105
N#Cc1cn(-c2ccc([C@@H]3CC(C(N)=O)=NO3)c(N)n2)nc1[N+](=O)[O-],0.44253626465797424,0.44253626465797424,0.271233469247818
O=C(N=c1cc[nH]cc1O)C(=O)n1c(=O)cnc2ccccc21,0.44155487418174744,0.44155484437942505,5.63814115524292
CC1CCN(N2CCO[C@H]3CCN(CCCCCCCCCCO)C[C@@H]32)CC1,0.4403148293495178,0.4403148293495178,1.829870581626892
C[C@H]1CN(ON2CC[C@@H]2C(=O)N2C(=O)C(=O)c3ccccc32)CCO1,0.44000160694122314,0.44000160694122314,4.797074317932129
Cc1nc([C](Cc2cnn3c2OCCC3)N2CCC[C@](C)(O)CC2)oc1C,0.4384744167327881,0.4384744167327881,11.808965682983398
CC1=CC(=O)C=C/C1=N/S(=O)(=O)c1ccc(C(=O)O)cc1,0.43835917115211487,0.43835917115211487,3.2010602951049805
N#CC(=O)C(=NNc1ccc(C2CCNCC2)cc1)C(=O)C#N,0.43601614236831665,0.43601614236831665,0.8538375496864319
CC[C@H](Cc1ccc2c(c1)OCCO2)C(=O)C[C@H](C)c1c([N+](=O)[O-])ncn1C,0.4337233901023865,0.4337233901023865,4.275324821472168
O=C1NCCCN(C(=O)/C=C/[N+](=O)[O-])[C@H]1c1c(F)cccc1[N+](=O)[O-],0.43325310945510864,0.43325310945510864,2.680936574935913
CC1=NOC(=O)C1[C@H]1CCCS1(=O)=O,0.4330872595310211,0.4330872595310211,2.1514649391174316
N#Cc1ccnc(C2C(O)=Nc3ccc([N+](=O)[O-])cc32)c1[N+](=O)[O-],0.43229231238365173,0.43229228258132935,5.169395446777344
CC(=O)C[C@H]1C=CCC1,0.43228933215141296,0.43228933215141296,3.4939842224121094
Cn1cc(OC2=CC(=O)C(Oc3sccc3C#N)=CC2=O)c(O)nc1=O,0.4320237636566162,0.4320237636566162,1.838585376739502
O=[N+]([O-])c1cncc(Br)c1-n1cc(N[C@H]2CCCn3ncnc32)nn1,0.43106576800346375,0.43106576800346375,7.549718379974365
Cc1cc2ccccc2nc1C[C@H](C(C)C)C1(c2ccncc2)CCC1,0.43074461817741394,0.43074461817741394,5.649673938751221
CCC(=O)CC(F)F,0.42872926592826843,0.42872926592826843,4.37748908996582
CCC(C)(C)C(=O)c1nc([N+](=O)[O-])nn1C1([C@H](CN)CC(C)C)CCC1,0.428103506565094,0.428103506565094,3.7208735942840576
CCC(C)(C)C(=O)CN1CCC(CCCCc2ncc(F)cc2[N+](=O)[O-])CC1,0.4273555278778076,0.42735555768013,5.015307903289795
Cc1cc(C)n(-c2nc(=N[C@@H]3C[C@H]3C3CC3)cc[nH]2)n1,0.4245249927043915,0.42452502250671387,0.30674251914024353
O=C(CCc1cnc(Cl)cc1[N+](=O)[O-])N=c1cc[nH]c2ccccc12,0.4239867627620697,0.4239867627620697,3.6186695098876953
CC[C@@](C)(CCO)CCCCC[C@@H]1CC=C[C@@H](n2ccc(=O)c([N+](=O)[O-])c2)C1,0.4228212535381317,0.4228212535381317,10.962657928466797
CC(O)(Cc1ccnc(F)c1F)C[C@@H](C(=O)CCCCCC(=O)O)C(C)(C)C,0.4227027893066406,0.4227027893066406,0.41736599802970886
CC[C@@H](C(=O)O)c1cnn(C)c1CC1=CC(=O)C(OC)=CC1=O,0.42096564173698425,0.42096564173698425,1.8258609771728516
N#Cc1c[nH]ccc1=NC(=O)C(=O)CCCC(=O)C(=O)O,0.4198940396308899,0.4198940396308899,2.0788211822509766
c1ncc(OOc2cnn3c2OCCC3)c(-c2cnn3c2OCCC3)n1,0.419294536113739,0.419294536113739,16.556819915771484
C[C]1C[C](C[S@](=O)CC(=O)N=c2cc(C)o[nH]2)CN1[C@H]1CCCCO1,0.4182174503803253,0.4182174503803253,0.8909889459609985
CCC(=O)[C](/N=N\c1ncn[nH]1)/N=N/c1nnn[nH]1,0.41735801100730896,0.41735801100730896,2.7379655838012695
CCCC[C](C(=O)O)[C@@H](CC)C(C[C@H](CC)C(=O)O)c1cnnc(O)c1,0.4164663553237915,0.4164663553237915,4.275935649871826
C#Cc1cncc(C(=O)NN2CCC[C@H]2c2cc(C)nc(N)n2)c1,0.4158010482788086,0.4158010482788086,0.036043908447027206
Cc1nc(=NC(=O)C(=O)c2ncc(N3CCOC[C@H](C)C3)c(C)n2)o[nH]1,0.4155160188674927,0.4155160188674927,3.74830961227417
CS(=O)(=O)c1ccc(N2CCC[C@@H](c3nccc4ccncc34)C2)cn1,0.4152441918849945,0.4152441918849945,1.312140941619873
Cn1cc(-c2cn(C(=O)N=c3cc[nH]cc3)cn2)c(O)nc1=O,0.4136383831501007,0.4136383831501007,8.302715301513672
COC1=CC(=O)C(c2cc(O)c(CCC[C@@H](C)O)cc2O)=CC1=O,0.4135497510433197,0.4135497510433197,5.028464317321777
CC(=O)c1nnco1,0.4132061302661896,0.4132061302661896,4.481960773468018
CCC(=O)C(=O)N=c1nc[nH]n1C(=O)C[C@@H](C)[C@@H]1CCN(C)C1,0.4123581051826477,0.4123581051826477,3.8282299041748047
O=C1NC(=S)NC(=O)C1C1C(=O)NC(=S)N=C1O,0.4121394753456116,0.4121394455432892,0.7846440672874451
O=[N+]([O-])c1ccc(-c2ccc(S(=O)(=O)C(F)(F)F)cc2[N+](=O)[O-])s1,0.4119175374507904,0.4119175672531128,5.767624378204346
Cn1cnc(CC(O)CC([N+](=O)[O-])([N+](=O)[O-])[N+](=O)[O-])cc1=O,0.41108617186546326,0.41108617186546326,2.157485008239746
CCC1CC(O)C1,0.4081803262233734,0.408180296421051,1.6789131164550781
O=C1C=C(C(=O)c2nnc(C3=S=C([N+](=O)[O-])C=C3)o2)N=N1,0.40788552165031433,0.40788552165031433,4.024093151092529
O=C1C=C(OC23CCCN2CCC3)C(=O)C=C1Oc1cnn2c1OCCC2,0.40660226345062256,0.40660226345062256,9.948575019836426
Cc1nnccc1C(=O)[C@H](C)/N=C/c1c(C[C@H](O)C(C)C)cnc(C)c1O,0.4058475196361542,0.4058475196361542,10.217958450317383
CCC(C)(C)C(=O)CN1CC[C@H]2OCCN(C[C@H](C)n3nc(C)cc3C)[C@H]2C1,0.4048190116882324,0.4048190116882324,1.54964280128479
N=c1[nH]ccc([C@@H]2[C]3CCC(=O)[C@H]32)c1[N+](=O)[O-],0.404228150844574,0.4042281210422516,4.638184547424316
CC(=O)N1C(=O)C(c2nc(O)c3ncnnc3n2)c2ccccc21,0.40419912338256836,0.40419912338256836,2.6894001960754395
CC(C)[C@@H](CC(O)Cc1cnn2c1OCCC2)C(=O)c1cn(C)c(=O)nc1O,0.4041571319103241,0.4041571319103241,16.356189727783203
O=C1CC[C@@H](c2cc3c(c([N+](=O)[O-])c2)NC(=O)C3=O)N1,0.40359172224998474,0.40359172224998474,6.447465896606445
O=c1nc2nc3ccccc3c(CC(O)C[C@H](CO)CC(F)F)c2c[nH]1,0.40273138880729675,0.40273138880729675,2.2085604667663574
Cn1nc(N2C[C]3CCC[C@]3(N3CCC(N)CC3)C2)cc1-c1nnc(N)s1,0.40255844593048096,0.40255844593048096,0.528334379196167
C[C]1CN([C@]2(F)CCN(n3nc([N+](=O)[O-])cc(C#N)c3=N)C2)CCN1,0.4015696942806244,0.4015696942806244,2.653306722640991
CS(=O)(=O)CCCC[C@@H]1CC[C@H](c2cc(S(C)(=O)=O)ccc2[N+](=O)[O-])C1,0.4011346697807312,0.4011346697807312,5.532716274261475
CCC(=O)[C@@H](C)C1(C2CC2)CC1,0.39883291721343994,0.39883291721343994,4.877406120300293
Cc1cc(=NC(=O)Cc2cnn(CC(C)(C)C#N)c2[N+](=O)[O-])[nH]nc1C,0.3975814878940582,0.3975814878940582,3.0454370975494385
CC(=O)CCC(=O)O,0.3964519202709198,0.3964518904685974,5.220875263214111
O=c1c(=O)c2ccc(-c3cc4n(n3)CCO4)cc2c1=O,0.3962896168231964,0.3962896168231964,12.897320747375488
Cc1noc2ncc(C3C(=O)N(c4nnn(C)n4)C(=S)N=C3O)cc12,0.39423391222953796,0.3942338824272156,3.1089062690734863
N#CC(=O)C(=NNc1ccc(-c2ccc(C#N)c(Cl)c2)cc1)C(=O)C#N,0.3909563422203064,0.3909563422203064,8.810158729553223
N#CC(=O)/C(=N\Nc1cccc(Cl)c1)C(=O)c1nc2nonc2[nH]c1=O,0.39051705598831177,0.3905170261859894,2.1323680877685547
Cc1cc2nc3c(=O)n(C)c(=O)nc-3n(N3CCC[C@@](C)(O)CC3)c2cc1C,0.39023202657699585,0.39023202657699585,4.938501358032227
O=[N+]([O-])c1c(-c2ccccn2)nc(C2CCOCC2)c([N+](=O)[O-])[n+]1[O-],0.3897475600242615,0.3897475600242615,3.982147216796875
C[C](Cc1ccc[nH]c1=O)n1cc(C=Nn2c(S)nncc2=O)nn1,0.3895547688007355,0.3895547688007355,5.396557331085205
Cc1cc(OC2=CC(=O)C(Oc3sc([N+](=O)[O-])cc3O)=CC2=O)c(C)n1C,0.38937026262283325,0.38937026262283325,2.042067050933838
NC(=O)C1=NO[C]([C@H]2C[C@H](O)CN2c2ccc3oc(=O)ccc3c2)C1,0.38915738463401794,0.38915738463401794,6.975161075592041
C[C](CC(=O)C(=O)N=c1[nH][nH]c(C)c1C#N)[N+](=O)[O-],0.38892892003059387,0.3889288902282715,4.641788482666016
Cc1[nH][nH]c(=NC(=O)C(=O)c2ccc([N+](=O)[O-])o2)c1C#N,0.3879067897796631,0.3879067897796631,6.81075382232666
Cc1ccccc1-c1csc(S(=O)(=O)c2ccc(C)c3ncccc23)c1C,0.3873223066329956,0.387322336435318,9.082283020019531
N#Cc1cnc(CCCN2CCN(c3cccc4cnccc34)CC2=O)cn1,0.3861497938632965,0.3861497938632965,2.8821120262145996
C[C@@]1(O)CCCN([C@@H]2CCC[C@@H]2c2nc(O)c([N+](=O)[O-])cc2Br)CC1,0.38590148091316223,0.38590148091316223,2.5609333515167236
C[C@@H](C(=O)n1cc(C=Nn2c(S)nncc2=O)nn1)N1CCC[C@](C)(O)CC1,0.38543611764907837,0.38543611764907837,8.206886291503906
CC[C@H](C(C)=O)c1c([N+](=O)[O-])ccc([N+](=O)[O-])c1-c1cc(C)nnc1C,0.38272392749786377,0.38272392749786377,0.4773597717285156
C[C@H]1OC(=O)N[C@@H]1c1nc(=NC(=S)c2ccccc2)[nH]s1,0.3822134733200073,0.3822135031223297,4.600340843200684
CCS(=O)(=O)C[C@H](C)C(C(=O)O)c1sc([N+](=O)[O-])cc1-c1n[nH]c(=N)o1,0.38136133551597595,0.38136133551597595,1.5513825416564941
O=C1C=CC(C[C@@H]2[C]3CCC(=O)[C@@H]32)=CC1=O,0.38061973452568054,0.38061970472335815,5.244445323944092
Cn1c(=O)oc2c(CCS(=O)(=O)c3nc4ccc(Cl)cc4[n+]([O-])n3)cccc21,0.37903735041618347,0.37903735041618347,0.8530682325363159
C[C@H](O)CCCc1cc(N2CCOC[C@@H]2c2ncccc2Cl)c([N+](=O)[O-])[nH]1,0.3785410225391388,0.3785410225391388,2.436079263687134
C[C@@]1(O)CCCN(c2c(-c3nc(Br)ccc3[N+](=O)[O-])c(=O)c2=S)CC1,0.3778102993965149,0.3778102993965149,4.848278522491455
CS(=O)(=O)c1ccc(-c2nsc(-c3ccc4cccnc4c3[N+](=O)[O-])n2)s1,0.37763091921806335,0.37763091921806335,0.026057763025164604
Cn1nc(N2N=C(c3ccncc3)CC2=O)nc2c(=O)n(C)c(=O)nc1-2,0.3776229918003082,0.3776229918003082,6.2665324211120605
C=CCCCCC[C@@H]1CCN(C(CCCCS(C)(=O)=O)([N+](=O)[O-])[N+](=O)[O-])C1,0.3773444890975952,0.3773444592952728,5.013490676879883
O=C1NC(=S)N=C(O)/C1=N/Nc1nnc(-c2ccc3c(c2)OCCO3)s1,0.37727269530296326,0.37727269530296326,0.04228150472044945
O=C(O)[C](O)Cc1c([C@@H]2CCNC2)ccc([N+](=O)[O-])c1[N+](=O)[O-],0.3760816752910614,0.3760817050933838,1.2670201063156128
Cc1nc(=NC(=O)[C](C(=O)O)C(C)(C)C)n(-c2cc(C#N)ccn2)[nH]1,0.3757617175579071,0.3757616877555847,4.394047737121582
O=C1C=C(C(=O)[C@]2(c3ncccc3O)CCOC2)N=N1,0.3749851882457733,0.3749851882457733,5.561112880706787
C#CCCCn1nc(C#N)c(N2CC[C@@H]3COC(=O)N[C@H]3C2)c(C#N)c1=O,0.3746053874492645,0.3746053874492645,0.8734392523765564
CCN1C(=O)C(CCCC[C](C[C@H]2CCCN(C)C2)C(C)C)c2ccccc21,0.3737372159957886,0.3737372159957886,7.448700904846191
O=c1cnc2ccccc2n1CCC1=CCN(c2ccccc2O)CC1,0.3729495704174042,0.3729495704174042,1.9474883079528809
CC1(F)CN(N2C(=O)NC(=O)C(OC(=N)c3c(C#N)no[n+]3[O-])C2=O)C1,0.3714771866798401,0.3714771866798401,1.920819878578186
CC(C)[C](CC(=O)C(C)(F)F)[C@@H]1COCC[C@H]1[C@H](C)C(=O)C(C)(C)C(=O)O,0.3689703643321991,0.3689703643321991,6.615901470184326
C[C@@H]1CN([C@@H]2NC(=O)N(N3C[C@H]4CNC[C@H]4C3)C2=O)C[C@]1(C)CC(F)F,0.36718228459358215,0.36718228459358215,0.0013324152678251266
CC1CCN(O[N+](=O)[O-])CC1,0.36544808745384216,0.36544808745384216,8.801326751708984
C[C]1CN(c2cnc(-c3ccccc3C)s2)CC[C@@H]1N1CCCS1(=O)=O,0.36351701617240906,0.36351701617240906,2.4802043437957764
Cc1cc(C(=O)/C(=N/Nc2cccc(Cl)c2)C(=O)C#N)c2cnn(C)c2n1,0.362967312335968,0.362967312335968,2.8660402297973633
CC1=CC(=O)C(C[C](CCc2nn(C)cc2[N+](=O)[O-])C(N)=O)=CC1=O,0.36242926120758057,0.36242926120758057,3.9193167686462402
C[C@H]1N(N2C(=O)C(N3C[C@H]4CN(C)C[C@H]4C3)C(O)=NC2=S)CCOC1(C)C,0.36186107993125916,0.36186110973358154,4.747457981109619
Cn1cnc(-c2[nH]c(=N[C@@H]3CCCC[C@H]3O)ccc2[N+](=O)[O-])cc1=O,0.36136478185653687,0.36136481165885925,6.080935955047607
CCC[C](Cc1n[nH]c(=O)[nH]1)[C@@H]1C[C@H]1[N+](=O)[O-],0.35991448163986206,0.3599144518375397,1.1020528078079224
C=C[C](C(=O)c1cnn2nnnc2n1)c1ccc2c(c1)n(C)c(=O)n2C,0.35964182019233704,0.35964182019233704,1.6773475408554077
O=C1CSC[C@@H](c2c(F)cccc2S(=O)(=O)[C@@H]2OC[C@@H]3CCC[C@@H]32)N1,0.3578241467475891,0.3578241169452667,1.5558100938796997
O=C(CC(F)F)C1=S=C(NN2CC[C@H]3CCN[C@H]3C2)N=N1,0.3577398657798767,0.3577398657798767,9.342635154724121
C[C@H]1Oc2ccc(C(=O)C(=O)N=c3cc[nH]cc3C#N)cc2NC1=O,0.35669052600860596,0.35669052600860596,2.250495433807373
Cc1cc(N2CCN(N3CCc4ccccc4CC3)CC(C)C2)sc1[N+](=O)[O-],0.3564947545528412,0.3564947843551636,2.703958511352539
CC(C)[C@H](C(N)=O)C1(N2CCN(c3ccnc(F)c3F)CC2=O)CCCC1,0.3562563359737396,0.356256365776062,0.6836175322532654
Cc1nonc1-n1nc([N+](=O)[O-])nc1[C@@H]1CC=C[C](c2ncccc2F)C1,0.35498616099357605,0.35498616099357605,4.03179407119751
C[C@H](O)C[C@@H](C)[C]1C[C@H](CCC[C@@H](C)O)CCN1c1ccc2c(c1)OCCO2,0.3544284403324127,0.3544284403324127,5.7035698890686035
Cc1cc(C#N)cnc1[C@@H]1C[C@@H](C)N(N2CCOC[C@H]2[C@H]2[C@@H]3COC[C@@H]32)C1,0.35422149300575256,0.35422149300575256,6.290800094604492
N#Cc1[nH]c(/N=N/c2[nH]cnc2-c2c(F)ccnc2F)nc1O,0.35165247321128845,0.35165247321128845,6.733782768249512
C#CCCCS(=O)(=O)CC[C@H]1CCCN1c1cc([N+](=O)[O-])c([N+](=O)[O-])cc1Cl,0.351470410823822,0.351470410823822,4.790585994720459
C[C@H]1N(c2ccc(-c3cnn(-c4cnn5c4OCCC5)c3)cc2)CCOC1(C)C,0.3509804904460907,0.3509804904460907,8.37317943572998
O=C(N=c1nc2n([nH]1)CCCC2)C(=O)[C@H]1CCCS1(=O)=O,0.34969818592071533,0.34969818592071533,0.3751083016395569
Cc1nc(N2CCC[C@H](c3ncncc3C(=O)C3=NCCN3)CC2)oc1C,0.34959959983825684,0.3495996296405792,7.040456771850586
C[C]1[C@H](N2C[C@H](O)[C@@H](O)C2)CCN1c1n[n+]([O-])c([N+](=O)[O-])cc1[N+](=O)[O-],0.34916526079177856,0.3491652309894562,2.0672526359558105
CCS(=O)(=O)C[C@H](C)N1CCC[C@@H](c2c(Br)cncc2[N+](=O)[O-])C1=O,0.3477279841899872,0.3477279841899872,0.31770479679107666
C[C@@H](C(=O)[C@@H](/N=N\c1ncn[nH]1)/N=N/c1nnn[nH]1)C(F)(F)F,0.3475748300552368,0.34757480025291443,0.17496740818023682
C=CC[C@H](C(=O)O)C(C[C@H](C)n1c(=O)cnc2ccccc21)C(=O)O,0.3463590443134308,0.3463590145111084,3.6476361751556396
C=C[C@H](C(=O)O)[C@]1(F)CCN(N2CCC[C](c3cncc(C)c3)C2=O)C1,0.3461722135543823,0.3461722135543823,7.727389812469482
O=C(CCC(=O)[C]1CSc2ccccc21)N=c1cccn[nH]1,0.34559568762779236,0.34559568762779236,3.3713293075561523
CSN1CCOC1,0.3423791825771332,0.3423791825771332,1.8157517910003662
Cn1ccc(=NC(=O)C(=O)C(=O)CCCCc2nnc(Br)nn2)nc1O,0.3420679271221161,0.3420679271221161,6.792757511138916
OCCc1cc(CCCCCCCCCc2cnc(-c3cncs3)o2)cnc1O,0.3417834937572479,0.3417835235595703,3.254241466522217
Cc1ncncc1-c1cc(-c2c(Br)cncc2[N+](=O)[O-])c2ccccc2n1,0.34170740842819214,0.34170740842819214,0.36401626467704773
CS(=O)(=O)c1ccc([C@@H]2C[C@H]2C(=O)C(=NC(=O)C(F)(F)F)C(F)(F)F)s1,0.34110552072525024,0.34110552072525024,0.7395456433296204
Cc1cnc(S(C)(=O)=O)nc1C[C@H](CO)c1ncnc2sc([N+](=O)[O-])cc12,0.3403550088405609,0.3403550088405609,1.0683923959732056
N#Cc1[nH]c(/N=N/c2[nH]cnc2-c2ccc(F)cn2)nc1O,0.33977019786834717,0.33977019786834717,4.06339693069458
N#C[C](Cn1cc(-n2cc(C=Nn3c(S)nncc3=O)nn2)cn1)C1(O)COC1,0.33896833658218384,0.33896833658218384,1.345776081085205
COC1=CC(=O)C(c2cc(O)c(N3CCS[C@H](C)C3)cc2O)=CC1=O,0.33754077553749084,0.33754077553749084,5.581631660461426
CS(=O)(=O)c1ccc(N2CCN(C(=O)N=C3C=CC(=O)C=C3)CC2)cn1,0.33637580275535583,0.33637580275535583,4.978630065917969
C[C@H]1CN(c2nc3nonc3[nH]c2=O)CCN1C(=O)[C@@H]1CSc2ccccc21,0.33431529998779297,0.33431529998779297,0.9324406385421753
O=C(O)C(=O)CCCc1cnoc1N1C[C](C2CCCCC2)[C@@H](O)C1,0.33411264419555664,0.33411261439323425,1.0098108053207397
Cc1cc(C#N)cnc1[C@@H](C)CC(=O)N=c1cc[nH]c2ccncc12,0.3340022563934326,0.33400222659111023,7.145897388458252
Cn1cc[nH]c(=NC(=O)C(=O)C(=O)Nn2c(O)nnc2O)c1=O,0.33264926075935364,0.33264926075935364,6.881752014160156
Cc1c(-c2ccc3c(c2)OCCO3)nn(-c2nnc(O)o2)c(=O)c1C#N,0.33167025446891785,0.33167025446891785,7.0022993087768555
N#Cc1cc(=O)n(OC2=CC(=O)C(Oc3ccc([N+](=O)[O-])s3)=CC2=O)cn1,0.33098095655441284,0.33098095655441284,7.146016597747803
O=C1NCCCC[C@@H]1N1CCN(C(=O)Nn2c(O)nnc2O)C(=O)C1,0.3309730589389801,0.3309730589389801,9.319025039672852
CC(C)C[C](CC(=O)O)CN1CC2(CCCN2[C]2[C@H]3CCO[C@@H]3C23CCC3)C1,0.3296210765838623,0.3296210765838623,5.457457542419434
CN=c1[nH]ccc(-n2cc([C@@H](C(N)=O)C(C)C)cn2)c1[N+](=O)[O-],0.3288113474845886,0.3288113474845886,5.933917045593262
C[C@@H]1Oc2ccccc2[C@H]1N=c1cc[nH]c(-c2ccnn2C)n1,0.32652774453163147,0.32652774453163147,7.205628871917725
CC(C)[C@H](O)CN1CCN(c2cc([N+](=O)[O-])sc2N2CCc3n[nH]cc3C2)C1,0.32603782415390015,0.32603785395622253,5.127829074859619
C[C@@](C#N)(n1ccc(=O)c([N+](=O)[O-])c1)C(CCCCC#N)([N+](=O)[O-])[N+](=O)[O-],0.32593345642089844,0.32593345642089844,6.168675422668457
CC[C@H](CCO)c1nc(=N[C@@H]2C[C@H]2C2CC2)cc[nH]1,0.3255153298377991,0.32551535964012146,2.9765069484710693
Cc1nc(=NC(=O)C(=O)c2scc(-c3ccncc3F)c2C)s[nH]1,0.32347768545150757,0.32347768545150757,1.18784761428833
C[C](CCC(=O)c1c2c(nn1C)CCCC2)N1CCCN(C2(C#N)CC2)CC1,0.3223249018192291,0.3223249018192291,7.0528059005737305
Cc1ncccc1[C]1CCCN(c2ccc(=O)n([C@@H](C)CC(C)(C)O)n2)C1,0.3221244513988495,0.3221244513988495,5.738665580749512
CCCC(=O)CO,0.32137829065322876,0.32137829065322876,4.455402374267578
CC(C)[C](CCC1=CC(=O)C=CC1=O)[C@@H]1[C@H]2CCO[C@@H]2C12CCC2,0.3200814127922058,0.3200814127922058,6.801377773284912
C[C@H](O)CC(N)=O,0.3176126182079315,0.3176126182079315,3.8850443363189697
CC(C)(CC(=O)c1cnc2nonc2n1)c1ccc2cccnc2c1[N+](=O)[O-],0.31728965044021606,0.31728968024253845,2.206685781478882
CCCC[C](C[C@H]1CCN2CCC[C@H]2C1)N1CCC[C](c2cc(C)[nH]n2)C1,0.31618621945381165,0.31618621945381165,3.236152410507202
CCCC[C](C[C@@H]1CCCN1c1cnc(C)cn1)N1CC[C@H]([C@@H]2CCOC2)C1,0.3151472806930542,0.3151472806930542,9.592413902282715
N#Cc1ccc(-c2nnc(N/N=C3\C(=O)NC(=S)N=C3O)s2)cc1Cl,0.3151015043258667,0.3151015043258667,7.057622909545898
C[C@H]1Oc2ccccc2[C@@H]1N=c1cc[nH]c([C@H]2CCCN(C)C2)n1,0.3136366307735443,0.3136366307735443,0.6299391388893127
CC(C)[C](Cc1cc(C=O)ccc1F)n1nc(C#N)c(=O)[nH]c1=O,0.3129083812236786,0.3129083812236786,6.087713718414307
CC(C)(N)C[C@@H](CO)Cc1nsc([C@H]2CCC[C@H]2c2cnn3c2OCCC3)n1,0.3119080364704132,0.3119080364704132,6.320601463317871
C=C[C@@H]1OCC[C@H]1N=c1ccc([N+](=O)[O-])c([C@@H](CN)CC(C)C)[nH]1,0.31177249550819397,0.31177249550819397,5.92462158203125
CC(C)[C](Cc1ccc(=O)[nH]n1)[C@@H]1OC(=O)C(=O)C1=O,0.31095629930496216,0.31095629930496216,3.2435874938964844
CN1CC[C@@H]2CC[C@H](C1)N2[C@@H]1C[C@@H]1c1cnc2ccc(Cl)nn2c1=O,0.3100811839103699,0.31008121371269226,0.2490328550338745
C[C@@H]1C[C@@H]([C@](C)(C#N)C(=O)C(=O)N=c2[nH]ccn(C)c2=O)[C@H](C)O1,0.309981107711792,0.309981107711792,0.8256006836891174
N#Cc1cnc(N2C[C](c3ccc4nonc4c3)[C@@H](O)C2)c([N+](=O)[O-])c1,0.3099774122238159,0.3099774122238159,2.623720645904541
O=C(N=c1nc[nH]n1N1C[C@H]2CNC[C@H]2C1)C(=O)[C@H]1CCCNCC1,0.3093808591365814,0.3093808591365814,3.853147029876709
O=C1C=CC(=NOS(=O)(=O)c2ccc(-c3nonc3[N+](=O)[O-])cc2)C=C1,0.30916300415992737,0.30916300415992737,0.26814788579940796
C[C]1CN(c2cc([N+](=O)[O-])c([N+](=O)[O-])c(S(=O)(=O)c3cnccn3)c2)CCN1,0.30875909328460693,0.30875909328460693,4.257948398590088
CC1CCN(N2CCC(=O)[C@H](N3CC(C)(F)C3)C23C(=O)C3=O)CC1,0.3061522841453552,0.3061522841453552,1.2322484254837036
CC[C@@H](CC1CN(c2ccccc2N2CC[C]3NC(=O)OC[C@H]3C2)C1)C(=O)O,0.30322977900505066,0.30322977900505066,4.718625068664551
Cn1nc([C@@H]2CN([C@H]3C[C@@H](CCCC(=O)C(=O)O)C3)C[C]2O)ccc1=O,0.3014986217021942,0.3014986217021942,3.807075262069702
Cn1ncnc1[C@@H]1CCCC[C@H]1n1nc([N+](=O)[O-])cc(C#N)c1=N,0.3009318709373474,0.3009318709373474,1.1105835437774658
CC[C@@](C)(CCO)C(=O)N=c1cc[nH]cc1[C](C(N)=O)C(C)C,0.29881978034973145,0.29881978034973145,5.647387504577637
O[C@@H](CCc1cnn2c1OCCC2)Cc1occc1-c1ccc2c(c1)OCCO2,0.2986096143722534,0.2986096143722534,7.908012866973877
C[C@H]1COCCN(c2ccc([C@H](CF)C(=O)O)c3c2C(=O)C=CC3=O)C1,0.2985613942146301,0.2985613942146301,0.09123075008392334
C[C@H](CC(=O)N=c1cccn[nH]1)C1(c2ccncc2Cl)CCC1,0.2984130382537842,0.2984130382537842,2.63861346244812
C[C]1CN(c2cccc3nccnc23)C[C@@]1(C)c1ncc(C=O)cc1Br,0.2970803678035736,0.2970803678035736,3.8279190063476562
CC(C)CC(C)C,0.29556918144226074,0.29556918144226074,2.8297524452209473
C=C(C)[C@@H](C)[C@@H](C[C@@H]1[C]2CCC(=O)[C@H]21)c1ccc2c(c1)CCC2,0.2952970266342163,0.2952970266342163,0.6045660972595215
N[C]1CN([C@H]2CCNC23CCC3)C[C@@H]1c1cc(Cl)c2nonc2c1[N+](=O)[O-],0.2948262095451355,0.2948261797428131,3.8497610092163086
CN1C[C@@H]2CN(Oc3ccc(-n4cnn5c([N+](=O)[O-])nnc45)c(Cl)n3)C[C@@H]2C1,0.2936883866786957,0.2936883866786957,6.270963668823242
CC1CCN(Oc2nc(=N[C@@H]3c4ccccc4O[C@H]3C)cc[nH]2)CC1,0.29286664724349976,0.29286664724349976,6.4754204750061035
N#Cc1cc([N+](=O)[O-])nn(C2(C3CC3)CC2)c1=N,0.2915216088294983,0.2915216386318207,1.5061125755310059
CC[C@@H](CO)n1nc(N2CC[C@@H]([C@@H]3CCOC3)C2)nc2c(=O)n(C)c(=O)nc1-2,0.2912595570087433,0.2912595570087433,1.3687647581100464
C=C[C](C(=O)C(=O)Nn1c(O)nnc1O)c1cn(C)c(=O)nc1O,0.29118701815605164,0.29118701815605164,7.399035453796387
CC(C)[C@H](C(=O)CCCN1CCC[C@](C)(O)CC1)c1nc2nonc2[nH]c1=O,0.2904324233531952,0.2904324233531952,10.775900840759277
O=C1C(c2cnn3c2OCCC3)C(O)=NC(=S)N1c1cnn2c1OCCC2,0.28979453444480896,0.28979453444480896,10.148943901062012
CCC(c1ccc(-c2ncccc2Cl)c2c1=CCC(=O)N=2)[N+](=O)[O-],0.288588285446167,0.288588285446167,2.1672866344451904
CC[C@@H](C)C(=O)n1[nH]nnc1=NC(=O)C(=O)c1c2c(nn1C)CCCC2,0.2882503569126129,0.2882503569126129,8.269207954406738
Cc1cccc(C(=O)/N=N\C(=O)C(=O)N=C2C=CC(=O)C=C2)n1,0.28818121552467346,0.28818121552467346,5.09393835067749
Cc1cc(C#N)cnc1-c1occc1C(=O)C(=O)N=c1cccn[nH]1,0.2854687571525574,0.2854687571525574,3.8119797706604004
Cc1cc(C2CCC(O)CC2)c(-n2nc([N+](=O)[O-])cc(C#N)c2=N)nn1,0.28380057215690613,0.28380057215690613,3.2527360916137695
Cc1ccnc([C@@](C)(C#N)CCC(=O)NN2CCC[C@H]2c2nnn(C)n2)n1,0.2825612425804138,0.2825612425804138,7.803366661071777
CC1=CC(=O)C(CN2CCCC[C@@H]2c2c(F)cccc2[N+](=O)[O-])=CC1=O,0.2819593548774719,0.28195932507514954,7.35617733001709
C#Cc1ccc(-n2nc(C)cc2N2C[C@@H](O)C[C@@H]2c2ccc([N+](=O)[O-])s2)nc1,0.28173211216926575,0.28173211216926575,7.844128608703613
O=Cc1cccc(Oc2cnn3c2OCCC3)c1-n1c(C=O)nc2ccccc21,0.2813291549682617,0.2813291549682617,9.903251647949219
O=[N+]([O-])N(CON1CCn2nccc2C1)CC([N+](=O)[O-])([N+](=O)[O-])[N+](=O)[O-],0.2796562910079956,0.2796562910079956,0.6939377784729004
c1nc(N2CCC([C@H]3CCCC34OCCO4)CC2)ncc1[C]1CCCNCC1,0.27856841683387756,0.27856841683387756,0.9445518851280212
C=C(Cl)CN1CCNC[C@H]1c1c(N2CCNCC2)nn2c(N)c(C#N)nnc12,0.27805382013320923,0.27805382013320923,4.0196075439453125
CC(C)(C)[C@@H](C(=O)O)c1ccc(S(=O)(=O)ON=C2C=CC(=O)C=C2)cc1,0.27788200974464417,0.27788200974464417,2.1039505004882812
CC(=O)CC(=O)O,0.2756679058074951,0.2756679058074951,1.1334190368652344
O=C1N[C@H]2CN(N3CC[C@@](F)(c4cnc5ncc(Br)cc5c4)C3)CC[C@@H]2CO1,0.2753418982028961,0.2753419280052185,0.7334036827087402
CS(=O)(=O)c1ccc(-c2cc([N+](=O)[O-])c([C@H](CO)CC(F)F)cc2[N+](=O)[O-])s1,0.2746935486793518,0.2746935784816742,14.7785062789917
CC[C@H](C(=O)C(=O)N=c1cc(C)[nH]cc1C)[C@H]1CCN2CCC[C@H]2C1,0.273872047662735,0.273872047662735,4.44720458984375
CC(C)(CN)C(=O)C(C)(C)c1nc(=N[C]2C[C@H]2C2CC2)cc[nH]1,0.27209603786468506,0.27209603786468506,3.179788827896118
Cc1cc(-c2cncc(-c3ncsc3C3(N)CCCCC3)c2)cc(O)n1,0.27170848846435547,0.27170848846435547,2.405174493789673
C[C@H]1CCOCCN1c1nn2c(N)c(C#N)nnc2c1-c1ccc(S(C)(=O)=O)s1,0.2706994414329529,0.2706994414329529,5.182661533355713
Cc1cc(-c2cc(C3CC(O)C3)ccc2[N+](=O)[O-])cc2c1=NC(=O)C=2,0.27058374881744385,0.27058374881744385,3.4758830070495605
CC[C@@H](C)N(OC)C(=O)S(=O)(=O)C[C@@H](C)OS(=O)(=O)c1cccnc1[N+](=O)[O-],0.2685520350933075,0.2685520350933075,6.4062299728393555
Cc1cnc(N2CCCO[C@H]([C]3CCC[C]3c3cc4c(cn3)CCC4)C2)s1,0.26744526624679565,0.26744526624679565,5.184850692749023
O=C(O)[C@@H](c1ccc2oc(=O)[nH]c2c1)c1ncc(Br)cc1[N+](=O)[O-],0.26651978492736816,0.26651978492736816,1.4997414350509644
C=CCCC[C@@H]1C(=O)C(=O)C(C2=CC=CCC2=O)=C(N=O)C1=O,0.2656632959842682,0.2656632959842682,4.06754207611084
CC(=O)C[C@H]1C[C@H](C)N(c2ccc(-c3nc4nonc4nc3O)nc2C)C1,0.2651783227920532,0.2651783227920532,5.884987831115723
CCCCC(=O)N1CCN(N2C[C@@H](c3ccc(O)c(O)c3)C(C)(C)C2)C(=O)C1,0.26333630084991455,0.26333630084991455,2.4767887592315674
CCC(C)(C)C(=O)c1cnn(CCC[C](C)CS(=O)(=O)c2cnn3c2OCCC3)n1,0.2625058591365814,0.2625058591365814,10.833508491516113
Cc1nc(-c2ccc(CCc3ncccn3)c3c2C(=O)C=CC3=O)oc1C,0.26000261306762695,0.26000261306762695,7.565013885498047
O=c1nc2nc3ccccc3c(C3(c4cc(O)ncn4)CCC3)c2c[nH]1,0.25789251923561096,0.25789251923561096,2.077205181121826
O=C1C=c2cc(Br)cc(C(=O)N=NC(=O)[C@@H]3[C]4COC[C@H]43)c2=N1,0.2567189037799835,0.2567189037799835,6.065011501312256
C#CC1(O)CN(N2CC[C@](C)(CC(C)C[C]3CCC[C@H]3[C@H](C)CC(C)=O)C2)C1,0.2515692412853241,0.2515692412853241,2.5232160091400146
O=S=NC(=O)c1cnc2nc3ccccc3n2c1-c1ccc([N+](=O)[O-])s1,0.25074851512908936,0.25074851512908936,6.041457653045654
O=C(O)C(=O)CCCN1CCOC[C@@H]1c1c([N+](=O)[O-])cc(Cl)cc1[N+](=O)[O-],0.24920342862606049,0.24920342862606049,0.45167431235313416
C[C]1CN(c2cc(N3CCNC(=O)[C@@H]3C)nnc2C)CC[C@H]1C(=O)C1=NCCN1,0.24851739406585693,0.24851740896701813,9.475042343139648
C[C@H]1COCCN([C@@H]2CN(OC(=O)C(=O)N=c3cc[nH]cc3)C[C]2O)C1,0.24707093834877014,0.24707093834877014,10.713727951049805
O=S(=O)(O)/N=N/c1ccc(N2C[C](c3ccc4c(c3)OCCO4)[C@H](O)C2)cc1,0.24626439809799194,0.24626438319683075,5.111878871917725
C[C@@H]1CN([C@H]2CN(N[C@H]3CC(=O)Nc4ccccc43)CC[C@H]2C)C[C@H]1O,0.24550554156303406,0.24550554156303406,1.2705771923065186
CC[C@H](C)N(OC)C(=O)n1c(=O)c2c(c3ccccc31)OC(=O)/C(=N\O)C2=O,0.24543336033821106,0.24543334543704987,3.9326722621917725
Cc1cc2ccccc2nc1[C](CCCCCS(C)(=O)=O)c1ccc(Cl)cn1,0.24286198616027832,0.24286198616027832,9.407144546508789
C[C](C(=O)C(=O)Nn1c(O)nnc1O)[C@@H](C)c1cccc2c1oc(=O)n2C,0.24105410277843475,0.24105410277843475,2.723628520965576
N[C@H]1C[C@H]([C@@H]2N[C](C(=O)C(=O)N=c3cccn[nH]3)C(=O)C2=O)C1,0.2407810091972351,0.2407809942960739,4.131094455718994
C=CC(=O)C(=O)[C](CCC[C](O)[C@H](C(N)=O)C(C)C)c1nc(=O)n(C)[nH]1,0.23916932940483093,0.23916932940483093,4.714762210845947
C[C@H](C[C@H](O)CCC1(c2ccc([N+](=O)[O-])s2)CCC1)CC(C)(C)[C@@H]1C=CCC1,0.23730117082595825,0.23730117082595825,0.4526732861995697
O=C(C1=NC(c2ccccn2)=NC(=O)[C@H]1O)c1cnc2ccc(Cl)nn2c1=O,0.23598264157772064,0.23598264157772064,7.862807273864746
Cn1nc2c(c1-c1ncnn1CCCCN1CC[C]([C@@H]3CCOC3)C1)CCCC2,0.23504573106765747,0.23504573106765747,7.988799571990967
CC1(C)CN(CC(C)(C)c2ccc(N)nc2)[C@H](c2ncnc3ncccc23)CO1,0.23388740420341492,0.23388740420341492,1.1325769424438477
Cn1ccc(=NC(=O)C(=O)c2cc([N+](=O)[O-])sc2-c2ncccc2Cl)[nH]1,0.2327449470758438,0.2327449470758438,1.7745237350463867
Cc1onc(-c2ccncc2F)c1-c1nc(N)c2c(n1)=NC=N[S@]=2(=O)O,0.23133626580238342,0.23133628070354462,2.674363851547241
Cc1nc(-c2cc([N+](=O)[O-])c([N+](=O)[O-])c([N+](=O)[O-])c2C23CC(CO2)C3)oc1C,0.23031765222549438,0.23031765222549438,6.6691508293151855
CN1CCC(C#N)(S(=O)(=O)CCN2CCO[C](c3cnn4c3OCCC4)C2)CC1,0.22979068756103516,0.22979070246219635,3.463545560836792
N#CC(=O)/C(=N\Nc1ccc(Cl)cc1)C(=O)c1cc([N+](=O)[O-])c([N+](=O)[O-])cc1Cl,0.22859986126422882,0.22859984636306763,5.060351848602295
CC1=C(C(=O)C(=O)O)[C@H](c2ccc(-c3cnc(C#N)cn3)c(C)n2)NC(=S)N1,0.22775554656982422,0.22775553166866302,0.9888288378715515
CC[C@@H](N)CN1CCC[C@@H](n2cc([C@H](CO)[C@@H]3[C@H]4CCO[C@@H]4C34CCC4)nn2)C1,0.227206289768219,0.2272063046693802,2.4012393951416016
CCC(C)(C)C(=O)c1ncc(-c2c(C)c(=O)cnc3c(C#N)cnn23)nc1C#N,0.22666402161121368,0.22666403651237488,1.9892995357513428
C[C@@H]1CCNC(=O)[C@H]1n1nc([N+](=O)[O-])nc1ONC(=O)C(=O)C(C)(C)C,0.2252902090549469,0.2252902090549469,0.27476567029953003
C[C]1CCCN(N2CC[C@](C)(NC(=S)NNC3=c4ccccc4=NC3=O)C2)C1,0.22151201963424683,0.22151201963424683,1.9290155172348022
C[C@@H]1Oc2ccccc2[C@@H]1N=c1cc[nH]c(-c2ccncc2C#N)n1,0.2157881259918213,0.2157881259918213,0.9880858659744263
Cc1nc(C([N+](=O)[O-])([N+](=O)[O-])[N+](=O)[O-])ccc1-c1cnn2c1OCCC2,0.2154945433139801,0.2154945284128189,9.493806838989258
C=C[C@H](CC[C@@H]1OC[C@@H]2CCC[C@@H]21)C(=O)c1c(-c2ccc([N+](=O)[O-])s2)cnn1C,0.21517916023731232,0.21517914533615112,11.074633598327637
C[C@H]1COCCN(CC(C)(C)CC[C@H](N2CCOC[C@H](C)C2)N2CCO[C@@H](C)C2)C1,0.21462659537792206,0.21462658047676086,11.802023887634277
C[C@@H]1C[C@@H](NC2=S=C(C(=O)c3onc4ncnc(Cl)c34)N=N2)[C@@H](C)O1,0.2130681872367859,0.2130681872367859,3.8333849906921387
O=C1CC[C@@H]2CN(c3nnc(O)cc3-c3nc(Br)ccc3[N+](=O)[O-])CC[C@H]2N1,0.21272329986095428,0.21272329986095428,3.9101152420043945
O=C(c1c[n+]([O-])ccc1[N+](=O)[O-])[C@@H](/N=N\c1ncn[nH]1)/N=N/c1nnn[nH]1,0.21263566613197327,0.21263565123081207,1.2446696758270264
CCC[C@H](N)CC(C)(C)CC(=O)N1C(=O)C=C(N(C)[C@H]2CC(=O)N(C)C2)C1=O,0.21123763918876648,0.21123763918876648,1.7579606771469116
O=c1nc2n(-c3cnc4ccc(Cl)nn4c3=O)c3ccccc3[n+]([O-])c-2c(=O)[nH]1,0.20985552668571472,0.20985554158687592,5.823887348175049
Cn1ncc(-n2[nH]cnc2=NC(=O)C(=O)c2cc(Br)cnc2[N+](=O)[O-])c1Cl,0.20955412089824677,0.20955413579940796,2.027165174484253
CCC(=O)c1cc2c(cc1-c1nc(Cl)cs1)C1=C(CCC2)C(=O)C(=O)O1,0.2081294059753418,0.2081294059753418,7.536857604980469
CCCC[C](Cc1cc2oc(=O)n(C)c2cc1F)c1scnc1[C@@H](C)CC(C)=O,0.2080906331539154,0.2080906331539154,4.597193717956543
N#Cc1ccc(S(=O)(=O)N2C(=O)N[C@H](N3CCc4ccccc4CC3)C2=O)s1,0.20742683112621307,0.20742684602737427,2.1084532737731934
Oc1ccc([C@@H]2C[C@H]2N2[C@H]3CC[C@H]2CN(c2cc(F)c(O)c(F)c2)CC3)cc1,0.20656205713748932,0.20656205713748932,3.792664051055908
CC1(c2ccc(-c3cnn4c3OCCC4)nc2N)CCN([C@@H]2CC23CCC3)CC1,0.20631232857704163,0.20631232857704163,0.05116580054163933
CCCC[C@H](CCCC[N+](=O)[O-])CC(O)C[C@@H](C)C[C@@H](C)C(=O)C1=CC(=O)N=N1,0.20622222125530243,0.20622222125530243,6.946603298187256
CC[C@@H](C)CC[C@H](C[C@H]1CN(n2cc([C]3C[C](C)O[C@@H]3C)nn2)C[C]1O)C(=O)O,0.20589233934879303,0.20589232444763184,1.8583160638809204
C[C@@]1(C(=O)Nn2c(O)nnc2O)C[C@@H]1N1CCOC[C@@H]1c1ccc2c(c1)OCO2,0.20462673902511597,0.20462672412395477,10.696720123291016
CCCC[C@H](C(=O)O)c1ccc([N+](=O)[O-])c(-c2nc3ccccc3cc2C)c1,0.20373910665512085,0.20373910665512085,6.351655006408691
Cc1nc([C@@H]2CNCCN2N2CCCNC(=O)[C@@H]2C)oc1[C@@H]1OC[C@@H]2CCC[C@@H]21,0.2037087380886078,0.2037087380886078,6.5026164054870605
C=CC[C@@H](C)c1cc([N+](=O)[O-])c([N+](=O)[O-])c([N+](=O)[O-])c1-c1cc(=O)cc[nH]1,0.20345793664455414,0.20345793664455414,0.44889140129089355
Cn1cnc(-c2cccc(S(=O)(=O)c3cc([N+](=O)[O-])cc([N+](=O)[O-])c3C#N)c2)c1,0.2032926380634308,0.2032926380634308,7.334270000457764
O=[N+]([O-])c1cc(-n2ccc(N3CCO[C@@H]4CCN(c5nnc(Cl)nn5)C[C@@H]43)n2)on1,0.2028467059135437,0.2028467059135437,2.4663994312286377
CN1CCC(C#N)(OC2=CC(=O)C(ONC3=CC(=O)C(F)=CC3=O)=CC2=O)CC1,0.2001563310623169,0.2001563310623169,5.12488317489624
C[C@H]1CN(c2c3c(nn2C)CCCC3)C[C]1c1cc(N2CC(C)(F)C2)nc(Cl)n1,0.20007175207138062,0.20007175207138062,5.108729839324951
CCC(=O)COCN(CC([N+](=O)[O-])([N+](=O)[O-])[N+](=O)[O-])[N+](=O)[O-],0.19986698031425476,0.19986698031425476,8.6365385055542
C[C@@](C#N)(CCN1CCCN(c2cc([N+](=O)[O-])ccc2Cl)CC1)c1ccc(F)cc1,0.1997727006673813,0.1997727006673813,5.609337329864502
O=C1C(=O)N(C(=O)SC2=CC(=O)c3c(O)ccc(O)c3C2=O)c2ccccc21,0.19970771670341492,0.1997077316045761,2.7342193126678467
C[C@H](C(=O)c1[nH]c(=N[C@@H]2C[C@H]3CC[C@@H]2O3)ccc1[N+](=O)[O-])C1(C)COC1,0.1985301524400711,0.1985301524400711,0.6556365489959717
CCC(C)(C)C(=O)c1c(-c2nc(C)c(C)o2)c([N+](=O)[O-])c2c(c1[N+](=O)[O-])C(=O)OC2,0.19765183329582214,0.19765183329582214,3.5915887355804443
O=[N+]([O-])c1cc([N+](=O)[O-])[n+]([O-])nc1-c1ccc(S(=O)(=O)C2CCCCC2)o1,0.1964944750070572,0.1964944750070572,1.730431318283081
C[C@H]1C(=O)NCCCN1N1C[C@@H]([C@@H]2COCCN2c2ccc[nH]c2=O)CC1=O,0.1961708515882492,0.1961708515882492,3.1792540550231934
C[C@H](C[C@@H](C)N(C)C1=C(Cl)C(=O)c2ccccc2C1=O)N1CCC2(CCNC2)CC1,0.19611571729183197,0.19611571729183197,0.8745046257972717
CN1CCC(C#N)(C2C(=O)Nc3ccc(-c4cn(C)c(=O)nc4O)cc32)CC1,0.19601933658123016,0.19601932168006897,12.588151931762695
CC(C)C[C@H](CN)c1cc([C@@H](C)CF)[nH]c(=NCc2c([N+](=O)[O-])no[n+]2[O-])n1,0.19544373452663422,0.19544371962547302,4.428349018096924
N#Cc1cncc(S(=O)(=O)c2cc(N3CC[C@H]4CCN[C@H]4C3)ccc2[N+](=O)[O-])c1,0.19435980916023254,0.19435982406139374,1.5343892574310303
CC[C@@H](C)CCCC(=O)NON1CC[C@](C)(CC(C)(C)c2nn(C)cc2[N+](=O)[O-])C1,0.19281987845897675,0.19281986355781555,8.028447151184082
CC1=C(C)C(=O)C(Cc2c([N+](=O)[O-])c(C)nn2-c2ccc(C#N)o2)=CC1=O,0.19253228604793549,0.19253228604793549,1.8894693851470947
N#Cc1ccc(=NC(=O)C(=O)c2cc(Cl)c3nonc3c2[N+](=O)[O-])[nH]c1,0.1901133805513382,0.1901133805513382,6.70467472076416
C[C@H]1CCCN(n2[nH]nnc2=NC(=O)C(=O)[C@@H]2CC[C@H]([C@H]3[C@@H]4COC[C@@H]43)C2)C1,0.18966323137283325,0.18966323137283325,0.2589457929134369
C[C@@]1(c2ccncc2)CCN(CCC2CC(CC[C@H]3CCCCNC3=O)C2)C1,0.18932010233402252,0.18932008743286133,7.865393161773682
C[C](c1cn2c(n1)CCCC2)[C@@H]1CCN(c2cncc(C)c2)[C@H](c2ccns2)C1,0.18842291831970215,0.18842290341854095,2.1974103450775146
C[C@@H]1Oc2ccccc2[C@H]1N=c1cc[nH]c(-c2ccccc2[N+](=O)[O-])n1,0.18793392181396484,0.18793393671512604,1.6185311079025269
CC[C@@H](C)N(OC)C(=O)[C@@H](C)CCCCc1nn(-n2cnnn2)c(=O)c(C#N)c1C,0.18789643049240112,0.18789643049240112,2.998670816421509
C[C@H](CS(=O)(=O)S(=O)(=O)c1ccc(C#N)nc1)S(=O)(=O)c1ccc([N+](=O)[O-])s1,0.1877664178609848,0.187766432762146,0.3172158896923065
Nc1nc([C@H]2C[C@H]2c2nonc2[N+](=O)[O-])nc2c1=[S@@](=O)(O)N=CN=2,0.18762505054473877,0.18762505054473877,1.8602017164230347
O=[N+]([O-])N(CO[C@H]1CCCNC1)CC([N+](=O)[O-])([N+](=O)[O-])[N+](=O)[O-],0.18759700655937195,0.18759702146053314,3.2211453914642334
Cc1cc(=NC(=O)C(=O)[C@@](C)(C#N)Cc2cc(C#N)ncn2)cc(C)[nH]1,0.18680287897586823,0.18680287897586823,1.3345654010772705
C[C@@H](O)CCCN/C=C(\C1=CC(=O)C=CC1=O)[N+](=O)[O-],0.18408438563346863,0.18408440053462982,5.767152786254883
C#CC(=O)CC[C@H](C(N)=O)C(=O)[C@H](C)CCCC(=O)N=c1cccn[nH]1,0.18366920948028564,0.18366917967796326,0.0027345989365130663
CON(C)CCCN=c1ccc(N2CCCO[C@H](c3cnc([N+](=O)[O-])s3)C2)n[nH]1,0.18206888437271118,0.18206888437271118,6.697103023529053
C[C]1CCN(C[C@H](CC(=O)S(=O)(=O)c2ccc([N+](=O)[O-])cc2[N+](=O)[O-])C(C)C)C1,0.18102578818798065,0.18102578818798065,2.0180511474609375
CSC(N)=O,0.18042054772377014,0.18042054772377014,4.557436943054199
Cc1c(-c2nc3ccccc3n3nnnc23)csc1-c1cc([C@H]2CCN2C)cs1,0.18027031421661377,0.18027029931545258,1.2890141010284424
O=C(O)C(=O)CCC[C](O)C(=O)c1nnc(N/N=C2\C(=O)NC(=S)N=C2O)s1,0.18002888560295105,0.18002887070178986,0.42539095878601074
Cc1cccc(N2CCC[C@@H](C)C2)c1[C@H]1CCN(C([N+](=O)[O-])[N+](=O)[O-])[C@@H]1C,0.17992910742759705,0.17992912232875824,3.2688419818878174
Cc1ccc(=O)n(-c2nc(O)[nH]c(=O)c2/N=C2/C(=O)NC(=O)N=C2O)n1,0.17870330810546875,0.17870330810546875,3.6511459350585938
C[C@@H](CC(C)(C)c1cc(Cl)c2nonc2c1[N+](=O)[O-])c1ccc(C#N)cc1[N+](=O)[O-],0.17861665785312653,0.17861665785312653,4.401994705200195
O=C(/C=C/[N+](=O)[O-])NC1=C(Nc2cnn3c2OCCC3)C(=O)c2nonc2C1=O,0.17793355882167816,0.17793357372283936,6.020406723022461
CCC[C](C[C@](C)(C#N)SC1=NCCN1)[C@@H]1CN(CC(=O)C(C)(C)C)CC1(C)C,0.17699924111366272,0.17699924111366272,3.8269569873809814
CN1CCN(N2C(=O)N[C@@H](C(=O)C3=CC=C4N=NN=C4C3)C2=O)CC1,0.17577803134918213,0.17577804625034332,0.6092824339866638
Cc1cc(C=Nn2c(S)nnc2C[C@H](C(C)C)N2CC[C@H]3CCN[C@@H]3C2)ncn1,0.17468969523906708,0.17468971014022827,3.4358444213867188
Cc1cnccc1C=NNC(=S)Nc1n[nH]c(C(=O)[C@H]2CSc3ccccc32)n1,0.17316776514053345,0.17316776514053345,3.767801523208618
C[C@@]1(O)CCCN(c2c(/N=N/c3no[n+]([O-])c3[C@@H]3CCCCO3)no[n+]2[O-])CC1,0.16967621445655823,0.16967619955539703,5.947798728942871
Cc1cc(-c2c(-c3cnc(N)cn3)cc([N+](=O)[O-])c([N+](=O)[O-])c2[N+](=O)[O-])c(C)n1C,0.16964992880821228,0.16964994370937347,8.253668785095215
C[C](C[C@@H]1C(=O)C(=O)C(C2=CC=CCC2=O)=C(N=O)C1=O)C(=O)O,0.16880929470062256,0.16880929470062256,4.049587726593018
CC(C)(C)[C@H](O)C(=O)S(=O)(=O)CCc1cc([N+](=O)[O-])sc1-c1cnn2c1OCCC2,0.1656903326511383,0.1656903326511383,6.31695032119751
OC[C@H](c1ccnc(O)n1)N1C[C@@H]2CCC[C@]2(N2CCc3n[nH]cc3C2)C1,0.16419053077697754,0.16419053077697754,6.536717414855957
O=[N+]([O-])C(c1ccc(S(=O)(=O)N2C[C@H]3CNC[C@H]3C2)s1)([N+](=O)[O-])[N+](=O)[O-],0.16377170383930206,0.16377170383930206,7.75942325592041
C[C](CCCCC[C@@H](C(=O)O)c1nc2nonc2nc1Cl)C[C@H](C)[C@@H](C)CCCCN,0.1610298901796341,0.1610298752784729,0.4111514687538147
O=C(O)CCC(=O)C[C@@H]1CCC[C@@H]1C1C(O)=Nc2ccc([N+](=O)[O-])cc21,0.15977926552295685,0.15977928042411804,5.452582359313965
CON(C)C(=O)n1c([N+](=O)[O-])nn(N2C[C@@H](N3CCOCC[C@@H]3C)C(C)(C)C2)c1=O,0.15949665009975433,0.15949665009975433,2.1691768169403076
C[C@@H]1Oc2ccccc2[C]1N=c1cc[nH]c(CCCCCCC2OCCO2)n1,0.1593673974275589,0.1593674123287201,0.15433315932750702
Cn1nc(CCC(=O)N=c2cc[nH]c3ccccc23)cc1Cc1ncccn1,0.15685291588306427,0.15685290098190308,4.309603214263916
COC1=CC(=O)C(Cc2cc(Br)c([C@@H]3CC[C](C)C3)c([N+](=O)[O-])c2)=CC1=O,0.1564180701971054,0.1564180701971054,7.687510967254639
C[C](Cn1ccc(=O)c([N+](=O)[O-])c1)[C@@H]1CCOC[C@H]1N1CC[C@@H]2COC(=O)N[C@H]2C1,0.15445218980312347,0.15445218980312347,7.400181293487549
N#Cc1ccc([N+](=O)[O-])c(CCCCCCCC(=O)NO[C@H]2OC(=O)C(=O)C2=O)c1,0.1542142778635025,0.1542142778635025,0.48138123750686646
Cn1cnc([N+](=O)[O-])c1-c1nonc1/[N+]([O-])=N\c1nonc1-c1ccc(O)c(O)c1,0.15252912044525146,0.15252913534641266,9.101430892944336
N#Cc1nc([C@H](CC[C@@H]2COCC[C@H]2c2ccc(O)cc2)C(=O)O)[nH]c1C#N,0.15004418790340424,0.15004418790340424,0.6983332633972168
C[C](CN1C[C@H](c2nsc(CC(C)([N+](=O)[O-])[N+](=O)[O-])n2)CC1=O)c1ccc(N)nc1,0.1489545702934265,0.1489546000957489,0.07402579486370087
C/C(O)=N/c1nc([N+](=O)[O-])n(-c2cc(N3C[C@H]4CNC[C@H]4C3)nc3ccccc23)n1,0.14711308479309082,0.14711305499076843,4.556575298309326
O=Cc1ccc(F)c([C@H]2CC(F)(F)CN2c2nc([N+](=O)[O-])nn2-c2cccnn2)c1,0.14264053106307983,0.14264053106307983,3.9406983852386475
C[C]1CCN(c2nnc(N)s2)C[C@@H]1C(=O)C(=O)C(=O)C(=O)N=c1ncn(C)[nH]1,0.14125710725784302,0.14125710725784302,2.369164228439331
N#C[C]1CCCN(CCCC(=O)[C@@H](/N=N\c2ncn[nH]2)/N=N\c2nnn[nH]2)C1,0.140977680683136,0.14097769558429718,5.301519870758057
CC1(C)CN(n2nc(C#N)c(=O)n(CC#N)c2=O)C[C]1[C@@H]1[C]2CCO[C@@H]2C12CCC2,0.14090803265571594,0.14090803265571594,5.878861904144287
Cn1nc(C(=O)NN2CCC[C@H]2c2nnc(C3=S=C([N+](=O)[O-])C=C3)o2)ccc1=O,0.1405806839466095,0.1405806988477707,0.16999442875385284
C[C@H](CCCCN1CC[C]2CCN[C@H]2C1)Cc1cc(O)c2c(c1O)C(=O)C=CC2=O,0.13675297796726227,0.13675297796726227,6.1294426918029785
C[C@]1(C(=O)C(=O)N=c2cc[nH]cc2)C[C@H]1c1ncc(C#N)cc1[N+](=O)[O-],0.13572371006011963,0.13572371006011963,0.11246597021818161
C[C@@H](CCS(C)(=O)=O)[C@@H](C)CS(=O)(=O)c1c[nH]ccc1=NC(=O)C(=O)C(C)(C)C,0.13548702001571655,0.13548702001571655,3.436674118041992
Cc1nc(-c2c(F)cccc2S(=O)(=O)CC(O)Cc2noc3c2CCCC3)oc1C,0.13345952332019806,0.13345953822135925,8.414281845092773
C[C@@]1(c2nnc(C3=S=C([N+](=O)[O-])C=C3)o2)CCCN1[C@@H]1CCN2CCC[C@@H]2C1,0.13198114931583405,0.13198116421699524,5.414424419403076
O=S(=O)(c1ccc([C]2CC=C[C](c3cnn4c3OCCC4)C2)s1)c1ncccc1F,0.13054236769676208,0.1305423527956009,4.381341934204102
Cc1nc(=NC(=O)C(=O)C(=O)C2=NC(c3ccccn3)=NC(=O)[C@H]2O)o[nH]1,0.13014458119869232,0.13014459609985352,2.1274585723876953
COC1=CC(=O)C(c2cc(O)c(CCN3CCC[C@](C)(O)CC3)cc2O)=CC1=O,0.12944361567497253,0.12944361567497253,0.8353845477104187
O=NC1=C(C2=CC=CCC2=O)C(=O)C(=O)[C@H]([C@H]2CCCC[C@H]2O)C1=O,0.12930749356746674,0.12930750846862793,7.873753547668457
CC(C)[C@@H](CC[C@H](O)CCc1ccc([N+](=O)[O-])c(S(C)(=O)=O)c1)N1CCNC(=O)C1,0.12779150903224945,0.12779150903224945,1.7671881914138794
CCCCC[C@@H](C)N1CCC(=O)[C@H](c2c(Br)cncc2[N+](=O)[O-])C12C(=O)C2=O,0.1258891075849533,0.1258891224861145,4.222803115844727
COC1=CC(=O)C(c2cc(O)c(-c3cc(Cl)c(C=O)cn3)cc2O)=CC1=O,0.12532763183116913,0.12532763183116913,5.53026819229126
Cc1nnc(-c2cc(-c3cncnc3N3CCOC(C)(C)[C@H]3C)ccc2[N+](=O)[O-])n1C,0.12516717612743378,0.12516719102859497,10.459796905517578
O=[N+]([O-])c1cc2c(-c3ccnc(CCCc4c[n+]([O-])ccc4[N+](=O)[O-])c3)ncnc2s1,0.1219746395945549,0.1219746395945549,3.551182270050049
O=[N+]([O-])c1cc(F)cnc1CCN=c1cc[nH]c(-c2cnn3c2OCCC3)n1,0.12061502784490585,0.12061503529548645,0.8761945962905884
C=CCCCCCC([C](CC)c1ccncc1C#N)n1c(C=O)nc2ccccc21,0.1185038760304451,0.1185038685798645,5.34267520904541
CC[C@@H](C(C)=O)N(C[S@](=O)CC(=O)N=c1cc(C)o[nH]1)C1=CC(=O)C=CC1=O,0.11689851433038712,0.11689851433038712,5.802786827087402
C[C@H]1CN(c2cc([N+](=O)[O-])sc2C(=O)/C(=N/Nc2ccc(Cl)cc2)C(=O)C#N)CCN1,0.11586694419384003,0.11586695164442062,5.370526313781738
C[C@]1(O)CCCN(c2ccc(CCCCS(C)(=O)=O)c(N3CCC[C@](C)(O)CC3)c2)CC1,0.1154412031173706,0.1154412105679512,10.289291381835938
CN1CC[C@@H]2[C@@H](CCCN2N/C=C(/C2=CC(=O)C=CC2=O)[N+](=O)[O-])C1,0.11519122868776321,0.11519122868776321,3.9694650173187256
C[C@H]1COCCN([C@@H]2CCOC[C@H]2OC2C(=O)NC(=O)N(N3C[C@H](O)[C@@H](O)C3)C2=O)C1,0.1124122217297554,0.1124122217297554,6.569228649139404
O=[N+]([O-])c1ccc2c(c1)C([C@@H]1CC(F)(F)CN1N1CCCC3(CC3)C1)C(O)=N2,0.1092904731631279,0.1092904806137085,6.911377429962158
Cn1cnc(=NC(=O)C(=O)C(C(=O)O)c2ccc([N+](=O)[O-])c(S(C)(=O)=O)c2)[nH]1,0.10836775600910187,0.10836775600910187,2.8679392337799072
CC[C@H](C(=O)c1cn(C)c(=O)nc1O)N1CC2(CCCN2c2cc(C=O)ccc2F)C1,0.10782928764820099,0.10782928019762039,8.420973777770996
C[C@](O)(Cc1cnc(CCCn2cccn2)c(C#N)n1)C1C(=O)NC(=O)NC1=O,0.1075473502278328,0.1075473427772522,3.984003782272339
O=[N+]([O-])c1cc(N2C[C@@H](N3CCCN(N4CC[C]([C@@H]5CCOC5)C4)CC3)[C@@H](O)C2)on1,0.10452548414468765,0.10452549159526825,0.6395757794380188
C[C@H](C[C@]1(C)CN(N2CC[C@H]3[C]2CCCN3c2cccc(F)c2C#N)C[C@H]1C)C(=O)O,0.10233169794082642,0.10233170539140701,2.1241612434387207
CC[C@@H](CC(=O)C(=O)c1cn(C)cn1)[C@]1(N2CC[C@H]3NC(=O)CC[C@H]3C2)CCOC1,0.10170319676399231,0.10170318931341171,2.7024269104003906
Cn1nc(N/C=C(\C2=CC(=O)C=CC2=O)[N+](=O)[O-])ccc1=O,0.10128308087587357,0.10128308832645416,0.22452354431152344
O=C1NCCCC[C@@H]1c1c(-c2nnc(C3=S=C([N+](=O)[O-])C=C3)o2)c(=S)c1=O,0.10052210837602615,0.10052211582660675,5.901945114135742
CC1CCN([C@@H]2COCC[C@H]2C(=O)C2=NC(c3ccccn3)=NC(=O)[C@H]2O)CC1,0.10031814873218536,0.10031814873218536,6.262808322906494
Cc1nonc1CCCc1nnc(O)cc1[C@]1(F)CCN(c2cn(C)c(=O)n(C)c2=O)C1,0.10005947947502136,0.10005948692560196,5.697047233581543
CN1C[C@@H]([C@@H]2CC(F)(F)CN2c2cc(-c3c([N+](=O)[O-])c([N+](=O)[O-])nn3C)no2)CC1=O,0.09906285256147385,0.09906284511089325,5.706960678100586
Cc1cnc(S(C)(=O)=O)nc1-c1cc(N2CCOC(C)(C)[C@H]2C)c([N+](=O)[O-])cc1[N+](=O)[O-],0.09783332049846649,0.0978332906961441,3.861591100692749
CON(CC(C)(C)C)C(=O)N1C[C@H](c2cc(Br)cc3c2NC(=O)C3=O)C(C)(C)C1,0.09781419485807419,0.09781420230865479,3.861062526702881
Cc1cc(O)nc2cc(NS(=O)(=O)N(C)c3nncn3[C@H](CO)CC(F)F)ccc12,0.09696351736783981,0.09696352481842041,4.025015354156494
N#CC(=O)/C(=N\Nc1cccc(F)c1)C(=O)n1ncc(S(=O)(=O)c2ccc(C#N)s2)n1,0.09556332230567932,0.09556332975625992,1.7912852764129639
CC1(C)CN(c2ncnc3sc([N+](=O)[O-])cc23)C[C@@H]1CCCc1nccc2ccncc12,0.09184253215789795,0.09184253215789795,0.4976378381252289
O=C(N=c1cc[nH]cc1[N+](=O)[O-])N=c1[nH][nH]cc1[C@@H]1[C@H]2CCO[C@@H]2C12CCC2,0.09080010652542114,0.09080009907484055,6.961587429046631
CC(C)(C)CC(=O)CC1(N2C[C@H](c3ccc([N+](=O)[O-])cc3[N+](=O)[O-])CC2=O)CCC1,0.09032192081212997,0.09032191336154938,2.806475877761841
Cc1ncncc1[C@H](C)C[C@@H](C)c1csc(C(=O)/C(=N\C(=O)C(F)(F)F)C(F)(F)F)n1,0.08942953497171402,0.08942952752113342,5.920380115509033
C[C]([C@@H](C)CC(C)(C)O)[C@H](C)C(=O)CCCCC(=O)C1C(=O)N(C(C)=O)c2ccccc21,0.08899804949760437,0.08899804204702377,4.827760219573975
O=C1N=C(c2ccccn2)N=C(C(=O)[C@H]2CCC[C@H]2c2ccc([N+](=O)[O-])o2)[C@@H]1O,0.08871011435985565,0.08871010690927505,2.9867236614227295
CC(C)[C@@H](C(=O)C(=[N+]=[N-])C(=O)[C@@H](C)CCS(C)(=O)=O)C(=O)S(=O)(=O)c1cnccn1,0.08827405422925949,0.08827405422925949,1.878864049911499
CCCC[C@H](C(=O)O)[C@H](O)C(=O)c1[nH]c(=NCCCC(=O)[C@@H](C)CF)ccc1[N+](=O)[O-],0.08801290392875671,0.08801291137933731,3.15185546875
C=C[C](CC(C)[C@@H]1OC[C@@H]2CCC[C@@H]21)C(=O)C(=O)C(=O)N=c1cc[nH]cc1C#N,0.08800547569990158,0.08800546824932098,2.33957839012146
C[C]1[C@@H]([C@@H]2NC(=S)NC(C)=C2C(=O)C(=O)O)CCN1C[C@@H](C(C)C)[C@@H]1CCC[C@H]1O,0.08589104562997818,0.08589105308055878,4.971027374267578
C=C[C@@H](C(=O)O)[C@@H]1NC(=O)N(C(=O)/C(=N/Nc2ccccc2C)C(=O)C#N)C1=O,0.08588004857301712,0.08588005602359772,3.9430155754089355
C=C(C)[C](C)c1nonc1/N=N/c1nonc1-c1ccc2c(c1)NC(=O)CNC2=O,0.08576677739620209,0.08576677739620209,1.0369802713394165
Cn1[nH]cnc1=NC(=O)[C](Cc1ccc(F)cc1)N1CC[C@H]2NC(=O)CC[C@@H]2C1,0.08378668129444122,0.08378668129444122,4.189602851867676
CC[C@@H](C)[C@H]1CCN(c2nnc(O)cc2[C@H]2NC(=S)NC(C)=C2C(=O)C(=O)O)C[C]1C,0.08184324949979782,0.08184324949979782,6.069491386413574
O=c1oc(N2CC[C@@H]3[C@@H]2CCCN3c2ncnc3sc([N+](=O)[O-])cc23)cc2ccccc12,0.0815921500325203,0.0815921425819397,2.0897982120513916
Cc1cc(S(=O)(=O)[C]2CC[C@H]([C@H]3CN([C@H]4C(=O)NCC[C@H]4C)C[C]3O)C2)c([N+](=O)[O-])s1,0.08145155012607574,0.08145154267549515,3.9072980880737305
CC1=C(C(=O)C(=O)O)[C@@H](CC(C)c2ncc(-c3ccc(S(C)(=O)=O)s3)cn2)NC(=S)N1,0.08112144470214844,0.08112144470214844,0.22496891021728516
CON=Cc1ccc(C(=O)C[C@@H](C(C)=O)c2c(F)cccc2S(=O)(=O)C[C@@H](C)C#N)cc1,0.07949333637952805,0.07949334383010864,2.2714641094207764
Cn1cc(-c2ccc(-c3nc(=NC(=S)c4ccccc4)[nH]s3)cc2F)c(O)nc1=O,0.07921603322029114,0.07921602576971054,3.1740448474884033
O=C1C=CC(=O)c2c(-c3cnn4c3OCCC4)ccc(-c3ccc4c(c3)OCCO4)c21,0.07824990153312683,0.07824989408254623,10.432731628417969
C[C](c1cc(Cl)no1)[C@H](C)C(=O)N1CC[C@@H]2OCCN([C@@H]3[C]4CCO[C@@H]4C34CCC4)[C@@H]2C1,0.07808749377727509,0.07808749377727509,0.5702844262123108
CN(c1nnc(Cl)nn1)S(=O)(=O)Nc1ccc(-c2nnc3n2CCCC3)cc1,0.07751981914043427,0.07751981168985367,5.128971099853516
O=[N+]([O-])c1n[nH]c([C]2C[C@H](c3ccc(F)c(F)c3F)CCN2N2CCn3nccc3C2)n1,0.0765094980597496,0.076509490609169,2.284921169281006
CCCCC(=O)N1CC[C@@H](C[C@H](C(=O)N=c2nc[nH]n2C)[C@@H]2CC(C(N)=O)=NO2)[C@H]1C,0.07640165835618973,0.07640166580677032,6.176266670227051
Cc1nc(-c2ccc([N+](=O)[O-])s2)oc1C(=O)C1=NC(c2ccccn2)=NC(=O)[C@H]1O,0.076042041182518,0.07604203373193741,6.142995834350586
C#CCCCN1CC2(CCCC2)C[C@@H]1N1CCCO[C@H](n2c(=O)cnc3ccccc32)C1,0.07478733360767365,0.07478734105825424,4.614251136779785
O=C1C[C](c2c(F)ccnc2F)CN1c1cncnc1CCc1cccc([N+](=O)[O-])c1,0.07466420531272888,0.07466421276330948,6.762797832489014
C[C@H](CCc1ccc(N2CCn3nccc3C2)c2c1=CCC(=O)N=2)C[C]1CCC(=O)N1,0.07420442998409271,0.07420443743467331,0.20807139575481415
N#CC1([C@@H]2S[C@@H](C(=O)[C@@H](/N=N\c3ncn[nH]3)/N=N\c3nnn[nH]3)C(=O)C2=O)CC1,0.0737256184220314,0.0737256109714508,6.994749069213867
CN1CC[C]2CC[C@H](C1)N2c1cnc(-c2c(N(C)C)cnc3nc4ccccc4n23)s1,0.07262423634529114,0.07262423634529114,1.0826714038848877
CCCC[C@H](C(=O)O)[C@H]1CCCN(N2CC[C@@H](C)[C@@H](c3nc(S(=O)(=O)CC)no3)C2)CC1,0.07195232808589935,0.07195232063531876,0.30092042684555054
C[C@H](CCCCc1ccc(S(=O)(=O)C(F)(F)F)cc1[N+](=O)[O-])Cc1ccc2nccn2n1,0.07191406190395355,0.07191406190395355,2.876021385192871
Cc1nonc1N1CCCC12CN(NC(=S)NNC1=c3cc([N+](=O)[O-])ccc3=NC1=O)C2,0.07161100208759308,0.07161100208759308,2.0280117988586426
CC1=CC(=O)C(C[C@H](C)[C@@]2(C)C[C@H]2C[C@](C)(C#N)N2C[C@H](C)C[C@H](C)C2)=CC1=O,0.0702471062541008,0.0702470988035202,5.285892009735107
Cc1nnsc1N1C[C](O)C[C@@H]1C(C(=O)O)c1nn2nnc3ccccc3c2nc1=O,0.06966147571802139,0.06966148316860199,5.368741512298584
O=C1CN=c2ccc(C(=O)/N=N/C(=O)CCC[C@@H]3CCN4CCC[C@H]4C3)nc2=N1,0.06937844306230545,0.06937845051288605,4.76724910736084
Cc1cc([C@H]2CCCCN2C(=O)C(=O)C2C(O)=Nc3ccc([N+](=O)[O-])cc32)cc(O)n1,0.06888442486524582,0.06888440251350403,6.17677116394043
CC[C@@H](C)CCOc1cccc(S(=O)(=O)N2C[C@H]3CCN(c4cnn(C)c4Cl)CC[C@H]3C2)c1,0.06835540384054184,0.06835540384054184,3.0835390090942383
Cc1co[nH]c1=NC(=O)C(=O)[C@H](C)C(=O)n1c([N+](=O)[O-])nc2c1c(=O)[nH]c(=O)n2C,0.06670541316270828,0.06670540571212769,10.006156921386719
NS(=O)(=O)CCCN1CCN(N2C[C@@H]3CCC[C@]3([C@@H]3[C@H]4CCO[C@@H]4C34CCC4)C2)CC1=O,0.06647992879152298,0.06647992134094238,5.882038116455078
O=C(O)[C](Cc1nonc1[N+](=O)[O-])S(=O)(=O)c1cc(F)cc([C@H]2CCCC23OCCO3)c1,0.06586256623268127,0.06586257368326187,7.1890974044799805
Cn1ncc(C(=O)/C(=N/Nc2ccc(Cl)cc2)C(=O)C#N)c1-c1ccc2nccnc2c1,0.06514468044042587,0.06514468044042587,0.29619544744491577
C[C@H]1CCN(C[C@@H]2CCC[C@@H]2[C@]2(ONC(=O)c3c(F)cc([N+](=O)[O-])cc3F)CCOC2)C1,0.06445961445569992,0.06445962190628052,3.5370984077453613
CN1C[C@@H](c2ccc(-c3[nH]c(=N[C@@H]4CCCC[C@H]4O)ccc3[N+](=O)[O-])cc2)CC1=O,0.06423638015985489,0.0642363578081131,1.8473410606384277
CCC[C@@H](COC1=CC(=O)C(Oc2ccc(C#N)c(Cl)c2)=CC1=O)N1CCCCCC1,0.06170742213726044,0.06170742213726044,2.7171363830566406
C[C@@H]1[C@@H](c2cc(Br)cc([N+](=O)[O-])c2)CCCN1n1cc(C=Nn2c(S)nncc2=O)nn1,0.061639945954084396,0.061639945954084396,3.8493690490722656
CC1(C)CN(c2ccc(ONC(=O)C(=O)C(C)(C)C)cn2)[C@@H]([C]2CCCNC2=O)CO1,0.06109240651130676,0.06109241023659706,2.189213991165161
C[C](C(=O)c1cc(-c2cn(-c3ccc(N4CCNC(=O)[C@H]4C)nc3N)cn2)n(C)n1)C(C)C,0.06050284206867218,0.06050284951925278,4.699607849121094
Cc1nn([C@@H]2CCCC[C@H]2O)c(C(=O)/N=N\C(=O)c2ccc(S(C)(=O)=O)o2)c1[N+](=O)[O-],0.06016431748867035,0.06016431748867035,4.070577621459961
O=[N+]([O-])/C=C/c1ccc(-c2ccc(-c3cc([N+](=O)[O-])c([N+](=O)[O-])cc3Cl)cc2)cc1[N+](=O)[O-],0.05987590178847313,0.05987589806318283,5.946121692657471
Cc1nnc(=NCCCN2C(=O)C(c3nc4nonc4nc3Cl)C(O)=NC2=S)[nH]c1C,0.0595385804772377,0.0595385879278183,4.142642021179199
CN1CC[C@@H]2[C@@H](CCCN2N2CC[C@H]3OCCN(n4cnn5c([N+](=O)[O-])nnc45)[C@H]3C2)C1,0.0595247708261013,0.059524767100811005,7.150597095489502
C[C@H]1CN(N2CC[C@]3(CCOC3=O)C2)CC[C@@H]1N1CC[C@@](C)(c2cccnc2[N+](=O)[O-])C1,0.058560919016599655,0.058560919016599655,4.539793968200684
C[C](C(=O)C1CN(N2C[C]3CCC[C@]3(C(=O)C(=O)N=c3cc[nH]cc3)C2)C1)C(C)C,0.057562995702028275,0.05756300315260887,0.9526249766349792
O=C1C=CC(=O)c2c1cccc2[C@@H]1CCCN(c2nc(O)c([N+](=O)[O-])cc2Br)C1=O,0.05751568078994751,0.05751568078994751,0.1416265070438385
C[C@H](CC(=O)[C@@H]1CCOC[C@H]1O)N1C(=O)N[C](C(=O)C2=C(c3ccccc3)SCCO2)C1=O,0.05582169443368912,0.05582169443368912,7.399028778076172
Cc1csc(-c2c([C@@](C)(C#N)C3(C#N)CCN(C)CC3)nn3c(N)c(C#N)nnc23)c1C#N,0.05512501671910286,0.05512501299381256,4.086471080780029
C[C@H](CC(=O)C(=O)C(=O)N1CCC[C@@](C)(O)CC1)NC(=S)NN=C1C(=O)NC(=O)NC1=O,0.05452022701501846,0.054520223289728165,0.05626189336180687
CC(=O)C[C@@H](C)n1nc(C(=O)/N=c2/snnc3c(N4C[C@H](C)[C@@H](O)C4)ncn23)ccc1=O,0.0530216284096241,0.0530216321349144,0.07587487250566483
Cc1cc(=NC(=O)N2CC[C@H](n3nc(-c4nccc(O)n4)sc3=O)C2=O)c(C)c[nH]1,0.05299827456474304,0.05299827829003334,4.690199375152588
Cn1c(=O)oc2cc(-c3nncn3-c3coc([C@H]4CCCCNC4=O)cc3=O)c(F)cc21,0.051097385585308075,0.05109738931059837,4.160644054412842
Cn1ncc(-c2c(-c3cc4ccccc4oc3=O)cnn2C)c1-c1ccc2c(c1)OCCO2,0.05104532092809677,0.05104531720280647,7.660262584686279
C[C@H]1CCOCCN1[C@H](C(=O)O)c1ccc(-c2nc3nonc3nc2O)cc1S(N)(=O)=O,0.049369927495718,0.0493699386715889,1.4561829566955566
C=C(C)[C@H](C)[C@@H](CCCCc1nc(-c2cc(F)ccc2C)ccc1N1CCO[C@@H](C)C1)C(C)C,0.049200884997844696,0.049200888723134995,7.892693042755127
c1cc(-c2cnn3c2OCCC3)c(Cc2cc3n(n2)CCO3)c(-c2cnn3c2OCCC3)c1,0.04907035827636719,0.049070362001657486,15.147682189941406
C[C@@H]1Oc2ccccc2[C@H]1N=c1cc[nH]c(-c2c[nH]c3c2c([N+](=O)[O-])cc[n+]3[O-])n1,0.049003344029188156,0.04900334030389786,0.2493039220571518
CC(C)(C(=O)c1nnc(C2=S=C(C(=O)O)C=C2)o1)c1cc(O)c2c(c1O)C(=O)C=CC2=O,0.04842161759734154,0.04842161759734154,1.0157805681228638
C[C@@H]1Oc2ccccc2[C@H]1N=c1cc[nH]c(-n2nnnc2-c2ccc(S(C)(=O)=O)s2)n1,0.04814302176237106,0.04814302176237106,2.882763385772705
Cc1nnc(C[C@@H](c2c([N+](=O)[O-])nc(C)n2-c2cnn(C)c2[C@@H]2CCCS2(=O)=O)C(C)C)o1,0.04750902205705643,0.04750902205705643,4.106754779815674
C[C@H](CS(=O)(=O)c1cc2ccccc2c(=O)o1)n1c([N+](=O)[O-])nc2c1c(=O)[nH]c(=O)n2C,0.04707196354866028,0.04707196354866028,5.900235652923584
Cc1cc(-c2nnc(C3=S=C([N+](=O)[O-])C=C3)o2)ccc1-c1ccc2c(n1)=NC(=O)CN=2,0.04665026813745499,0.04665026813745499,1.8689382076263428
Cn1c(=O)oc2cc(-c3ccc(-c4cccc([N+](=O)[O-])c4)c4c3=NC(=O)CC=4)c(F)cc21,0.04656457155942917,0.04656457155942917,6.702340126037598
Cc1cc2ccccc2nc1C(=O)C[C@@H](C)N1CC[C@](C)(C2C(=O)N(C)C(=O)N=C2O)C1,0.04432118684053421,0.04432118684053421,3.470811605453491
CN1C[C]2CN(c3ccc(CCNC4=S=C(C(=O)c5ncccc5Cl)N=N4)cc3F)C[C@H]2C1,0.042401641607284546,0.04240163788199425,8.703634262084961
O=NC1=C(C2=CC=CCC2=O)C(=O)C(=O)[C@@H](C(=O)C2=CC=C3N=NN=C3C2)C1=O,0.042148392647504807,0.0421484000980854,6.610426902770996
CC1(C)OCC[C@@H]1OP(=O)(OC(=O)CCn1ncc([N+](=O)[O-])c1N)C1=NC(=O)NC1=O,0.041277989745140076,0.04127798601984978,1.3828985691070557
Cc1nc(-c2cc(CC(=O)N=c3nc(-n4cc([N+](=O)[O-])c(C)n4)[nH]s3)cs2)ccc1C#N,0.04110126197338104,0.04110126197338104,0.8030931949615479
C[C@@]1(N2CCn3nccc3C2)CCCN1N/C=C(\C1=CC(=O)C=CC1=O)[N+](=O)[O-],0.0409301333129406,0.0409301295876503,4.679109573364258
C[C@H]1CN([C@H]2NC(=O)N(c3cc4c(cn3)CCC4)C2=O)C[C@]1(C)c1cc([N+](=O)[O-])on1,0.04040595516562462,0.040405966341495514,1.3855104446411133
N[C]1CCCN(c2c(/N=N/c3no[n+]([O-])c3-c3nc(O)c([N+](=O)[O-])cc3Br)no[n+]2[O-])C1,0.038992155343294144,0.038992155343294144,5.130374431610107
COC1=CC(=O)C(c2cc(O)c(-c3ccc4cccnc4c3[N+](=O)[O-])cc2O)=CC1=O,0.03821976110339165,0.03821976110339165,1.6357413530349731
CC[C@](C)(C#N)c1c(-c2cccc([S@](C)=O)c2)cc(O)c2c1C(=O)C(O)=C(C(C)=O)C2=O,0.03813714534044266,0.03813714534044266,4.25339937210083
Cc1c(ONC(=O)c2ncc([N+](=O)[O-])s2)[nH][nH]c1=NC(=O)N=c1cc[nH]cc1[N+](=O)[O-],0.03597027063369751,0.03597026690840721,4.825850009918213
CCC(C1CC(c2ccc([C@@H]3[C@@H]4CCC(=O)[C@@H]43)c(-c3ccc([N+](=O)[O-])o3)c2)C1)[N+](=O)[O-],0.035889849066734314,0.03588985279202461,8.905945777893066
CC(=O)C[C@@H](C)c1nsc(-n2nc(C)c([N+](=O)[O-])c2C[C](N)c2cccc([N+](=O)[O-])c2)n1,0.03572860732674599,0.03572860732674599,1.8645440340042114
C[C@@H](C#N)CC(=O)C(=O)c1nc(N2CC(F)(F)C[C@H]2[C](CN2CCN(C)CC2)C(=O)O)ns1,0.03563963249325752,0.03563963621854782,4.866945743560791
CN1CCC(C#N)(N2C(=O)C3=NN=C(C(=O)[C@H]4C[C@@H](c5cccnc5C#N)C4)[C@@H]3C2=O)CC1,0.034984491765499115,0.034984491765499115,8.345992088317871
C[C@H]1CCOCCN1C1[C](C(=O)Nn2c(O)nnc2O)C[C@@H]1c1nccc2cccnc12,0.03494910150766373,0.03494909405708313,3.4904837608337402
Cc1cnc(S(C)(=O)=O)nc1N1CC[C@H]2CC[C@@H](C1)N2[C@H](C)CCCCCC(=O)CC(C)(C)C,0.0340377502143383,0.0340377502143383,1.1003930568695068
Cc1ncc([C@@H]2CCCC23OCCO3)c(/C=N/[C@H](C)C(=O)[C@H](C)C[C@@H](C)c2nonc2N)c1O,0.03295343741774559,0.03295343741774559,9.074064254760742
C#C[C](N=c1cc[nH]c(C2(N3CC[C@@H](C)[C@@H](CC(=C)CC)C3)CCC2)n1)N1CCNCC1,0.03286664932966232,0.032866641879081726,1.4919321537017822
O=C(C[C@H](CCCCc1ccc([N+](=O)[O-])o1)c1ccnc2ccccc12)C12CCCN1CCC2,0.0323321707546711,0.0323321670293808,1.4794361591339111
O=C(O)C(=O)CCC[C@H]1CC2(CCCC2)CN1n1nc([N+](=O)[O-])nc1-c1nc[nH]c1[N+](=O)[O-],0.03211172670125961,0.03211173415184021,2.784679889678955
C[C@H]1C(=O)NCCCN1c1cc(N2CCOC[C@H]2N2CCC[C@@](C)(O)CC2)nc2ccccc12,0.031755704432725906,0.031755704432725906,9.31927490234375
CN1CCC[C@H](c2ccc(C3C(=O)Nc4c(-c5ccc(C#N)c(Cl)c5)cccc43)cc2)C1,0.031718090176582336,0.03171808645129204,8.45458698272705
N#Cc1ncn([C@@H]2CN(CCCC3=CC(=O)C(=O)C=C3)C[C@@H]2c2ccc(C#N)c(Cl)c2)n1,0.03107757866382599,0.031077582389116287,7.646950721740723
C=CCCCCC[C@@H]1C[C@@H]1C[C@@H](C(=O)CCCCC=C)C(=O)[C@H](c1ccc([N+](=O)[O-])s1)C(C)C,0.03105683997273445,0.0310568418353796,4.079559803009033
O=C(C1=NN=C2C(=O)N([C@@H]3CCOC[C@H]3c3ccccc3F)C(=O)[C@@H]12)[C@@H]1OC[C@@H]2CCC[C@@H]21,0.03095940127968788,0.03095940127968788,8.494213104248047
Cc1ccc(F)cc1C1(c2cc([C@@H]3C=CC[C](c4cnn5c4OCCC5)C3)ccn2)CCOC1,0.029325800016522408,0.029325801879167557,3.941387414932251
CC(C)(Cc1ccc2nonc2c1)[C@@H]1C(=O)C(=O)C(C2=CC=CCC2=O)=C(N=O)C1=O,0.02915138565003872,0.02915138565003872,4.364989280700684
CCC(=O)[C@@H](C)C(=O)[C@H](CCCCc1cc(C#N)ccc1[N+](=O)[O-])Cc1ccc2c(c1)OCCO2,0.027695657685399055,0.027695659548044205,0.8443096280097961
Cc1cc(C(=O)C2=C(O)N=C3C2=NC(O)=C3C(=O)c2ncc(C3(C)CC3)s2)c(C)n1C,0.027547700330615044,0.027547702193260193,0.2572828233242035
O=C(O)CC[C@H]1[C]([C@@H]2C[C@H](C3SC(O)=NC3=S)C23CCC3)C[C@H]1N1CC[C@@H]2COC(=O)N[C@H]2C1,0.027125120162963867,0.027125120162963867,5.028318881988525
CC[C@@H](C(=O)c1nc(Cl)nc(Cl)c1[N+](=O)[O-])C(=O)[C@@H](/N=N/c1ncn[nH]1)/N=N/c1nnn[nH]1,0.026859384030103683,0.026859384030103683,5.885365962982178
CC(=O)N1C(=O)C([C@H](CCc2nnc(Br)nn2)CC(=O)c2cnc(C)cn2)c2ccccc21,0.02670622058212757,0.02670622058212757,1.2019611597061157
Cc1ccc2cc(CCCCCc3c(/N=N/c4no[n+]([O-])c4[C@H](C)C#N)no[n+]3[O-])ccc2n1,0.026203172281384468,0.026203172281384468,5.503993511199951
C[C@](C#N)(c1cc(CC2=CC(=O)C=CC2=O)cs1)c1cc(CCCCS(C)(=O)=O)cnc1O,0.02455292083323002,0.024552926421165466,2.5921273231506348
Cc1ccnc([C@H]2C(=O)CCN(n3cc(C=Nn4c(S)nncc4=O)nn3)C23C(=O)C3=O)n1,0.02426154911518097,0.02426155097782612,1.0431537628173828
C[C](CC(=O)N=c1ccnc2n(C)[nH]cc1-2)NC1=C(Cl)C(=O)C(Nc2cccnn2)=C(Cl)C1=O,0.023811446502804756,0.023811448365449905,2.275949716567993
O=C1NC(=O)C(=NNC(=S)NOC2=CC(=O)C(Oc3cnn4c3OCCC4)=CC2=O)C(=O)N1,0.023632103577256203,0.023632103577256203,6.918363571166992
CC[C](C(=O)O)C(C(=O)[C@H]1COCCN1[C@@H](C)Cc1ccc2cccnc2c1[N+](=O)[O-])[N+](=O)[O-],0.02328539453446865,0.02328539453446865,3.6122870445251465
C#CCCCCc1cnc(C)c(O)c1/C=N/[C@@H](C)C(=O)CCc1c([N+](=O)[O-])cccc1[N+](=O)[O-],0.02256241999566555,0.02256241999566555,6.006321907043457
C[C@H](CC(=O)[C@@H]1CC(=O)N(c2cnc([C@@H]3CCC3(C)C)cn2)C1)c1cc([C@H]2C=CCC2)n(C)n1,0.0209657009691,0.020965702831745148,0.12322285026311874
Cc1cc2ccccc2nc1-c1ccc(-n2c3nc(=O)[nH]c(=O)c-3[n+]([O-])c3ccccc32)nc1C,0.019433163106441498,0.019433164969086647,2.4965202808380127
C[C]1[C@@H](c2nc(=N[C@@H]3c4ccccc4O[C@H]3C)cc[nH]2)CCCN1N1CC[C@H]2CCN[C@@H]2C1,0.01913299411535263,0.01913299784064293,10.675271987915039
C[C]1CCCN(C(=O)[C@@H](C)[C@H](C)c2noc(N3CCC4(CC3)C[C@H]4c3ccc(C#N)c(Cl)c3)n2)C1,0.018970362842082977,0.01897035725414753,5.320586681365967
C[C](Cc1nncn1-n1cc([N+](=O)[O-])c(C)n1)c1cnn(-c2ccc3c(c2)NC(=O)[C@@H](C)O3)n1,0.018768658861517906,0.018768658861517906,1.4895586967468262
CON(C)CCc1cnc(-c2cc([N+](=O)[O-])sc2N2C[C@H]3C[C@@]3(c3ccc(S(C)(=O)=O)s3)C2)nc1,0.01859382539987564,0.01859382539987564,0.8247699737548828
N#Cc1cnn(C[C@@H](C#N)c2nc(=NCCN[C@H]3CCCn4ncnc43)cc[nH]2)c1[N+](=O)[O-],0.018535589799284935,0.018535589799284935,4.501625061035156
C#CCCCC(OC1=CC(=O)C(OSC2=NCCN2)=CC1=O)[C](CC)c1cc(C)nc(O)n1,0.018357044085860252,0.0183570496737957,1.6785160303115845
C=C[C@@H](C(=O)[C@@H](CC(=O)C[C@@](C)(C#N)N[C@@H]1CCCn2ncnc21)C(C)=O)C1CCN(C)CC1,0.01826830394566059,0.01826830394566059,0.9179943203926086
C[C](CN1C[C@H](c2cc(C#N)ncn2)[C@@H](n2cnc(C#N)cc2=O)C1)[C@@H]1[C@@H]2CCO[C@@H]2C12CCC2,0.017087070271372795,0.017087072134017944,2.9527220726013184
C[C@@H](CCCCc1c(F)cccc1S(=O)(=O)CC[C@H]1CCCC12OCCO2)c1cc(C=O)ccc1F,0.016757847741246223,0.016757845878601074,8.99118709564209
O=[N+]([O-])c1ccc(=N[C@H]2CCCC[C@@H]2O)[nH]c1-c1cnn(C2(C3SC(O)=NC3=S)CCC2)n1,0.01608801633119583,0.016088012605905533,6.979050159454346
C[C@H]1CC(=NC(=O)N2CC(C(C)(C)C(=O)[C@@]3(C)CN(C(=O)[C@H](C)c4cscn4)C[C@@H]3C)C2)NO1,0.015796402469277382,0.01579640433192253,3.6971168518066406
C[C]1CN(N2[C]3CCC[C@H]2CN(n2c4nc(=O)n(C)c(=O)c-4nc4cc(C)c(C)cc42)C3)CCN1,0.015623413026332855,0.015623409301042557,2.561372995376587
C[C@@H]1[C]([C@@H]2CC(F)(F)CN2[C@H]2C[C@@H](n3nc(C#N)c(=O)n(C[C@H](C)[N+](=O)[O-])c3=O)C2)CCS1(=O)=O,0.015074613504111767,0.015074613504111767,0.9229949712753296
CC1=NC(=S)N=C1CCN1CCC2(CCN(C(=O)NN3CCC[C@H]3C3(C#N)CCN(C)CC3)C2)C1,0.014005565084517002,0.014005563221871853,0.38636982440948486
CN(C1=C(Cl)C(=O)c2ccccc2C1=O)C(C)(C)C(=O)CC(=O)C1=C(O)C(=O)c2ccccc2C1=O,0.013821296393871307,0.013821299187839031,3.1390371322631836
CC(C)C[C@@H](CC(=O)O)CN1CC[C@H]2OCCN(N3CCC[C@@H](c4ccc(C#N)c(Cl)c4)CC3)[C]2C1,0.013620402663946152,0.013620403595268726,2.081892251968384
C[C]1COCCN([C@H](CC(=O)n2cc(CCc3c(F)ccnc3F)cn2)c2cnn3c2OCCC3)C1,0.013538917526602745,0.013538917526602745,12.230463027954102
C[C@@H](CCN1CCOC[C]1c1nn(C)cc1[N+](=O)[O-])CN1C[C@H](C)[C@](C)(c2cn(C)c(=O)nc2O)C1,0.012967491522431374,0.012967491522431374,8.59717082977295
Cc1nn(CCc2cc(Cl)c3nonc3c2[N+](=O)[O-])nc1N1CCCO[C]([C@@H]2OC[C]3CCC[C]32)C1,0.012921148911118507,0.012921147979795933,8.863845825195312
Cc1cc(C(=O)C(=O)[C@@H](C)C(=O)c2cc(F)ccc2-c2ccc3c(c2)=NC(=O)C=3)c2ccccc2n1,0.012823549099266529,0.01282354723662138,0.7914709448814392
CCC[C](COn1nc(C#N)c(=O)n(N2CCCO[C](c3nnn(C)n3)C2)c1=O)[C@@H]1C[C@@H](C)O[C@@H]1C,0.012538276612758636,0.012538275681436062,4.088869571685791
Cc1nc(N2C(=O)N[C@@H](C3C(=O)N(c4cc(C=O)ccc4F)C(=S)N=C3O)C2=O)ccc1C#N,0.012329899705946445,0.012329899705946445,1.1953626871109009
Cn1nc(CC(C)(C)CC2SC(c3ccccc3)=NC2=O)c([N+](=O)[O-])c1CCc1ccnc(C#N)c1,0.012103820219635963,0.012103820219635963,3.139089345932007
Cc1noc(C)c1-c1ccc(=O)n([C@@H]2CCCC[C@@H]2N(C)C2=C(Cl)C(=O)c3ccccc3C2=O)n1,0.011708774603903294,0.01170877180993557,3.548949718475342
CC(C)(C[C@@H]1CCN2CCC[C@H]2C1)[C@H]1C[C]([C]2COCC[C@H]2[C]2COC[C@@H]2O)CCN1c1nnc[nH]1,0.011538498103618622,0.011538496240973473,6.657247543334961
CC[C@@](C)(CCO)NC1=C(NN2CCN(C(=O)[C]3CSc4ccccc43)C2)C(=O)c2nonc2C1=O,0.011290665715932846,0.011290664784610271,4.672740459442139
CC(=O)[C](CCCc1ccc(S(=O)(=O)ON=C2C=CC(=O)C=C2)cc1)CC(=O)N1CCC[C@@H](C#N)C1,0.011215233244001865,0.011215235106647015,6.190768241882324
Cc1cc2ccccc2nc1-c1cc([N+](=O)[O-])sc1[C@H]1C[C@@H](N2CC(F)C2)[C@H]1N1CCCC[C@@H]1C,0.010913792997598648,0.010913792066276073,0.2962758541107178
Cc1nnsc1C(=O)[C](Cc1ccc(/[N+]([O-])=N/C#N)cc1)[C]1CC=C[C@@H](c2ccc([N+](=O)[O-])s2)C1,0.01075905840843916,0.01075905654579401,3.31221866607666
C[C@]1(O)CCCN(CCCCc2cnc([N+](=O)[O-])cc2-c2ncc(-c3ccc(F)cc3)cc2C#N)CC1,0.010697037912905216,0.010697037912905216,8.897258758544922
C[C@H](CC(=O)C[C@H](N1C(=O)C(c2cc[nH]n2)C(O)=NC1=S)C(C)(C)C)n1c([N+](=O)[O-])nn(C)c1=O,0.010217927396297455,0.01021792646497488,2.2166943550109863
Cc1nc([C@@H]2CN([C@H]3C(=O)NCCCN3[C@H](C)C(N)=O)C[C@@H]2C)oc1-c1nc2ccccc2[nH]1,0.010151264257729053,0.010151263326406479,1.112811803817749
N#Cc1ccc(CCC(=O)C(=O)CCN=c2ccc([N+](=O)[O-])c([C@@H](CO)CC(F)F)[nH]2)cc1Cl,0.00987239833921194,0.009872396476566792,2.188246726989746
O=C1C=CC(=O)C(/C(=C\NN2CCN(CC(O)C[C@H]3CCCCNC3=O)C(=O)C2)[N+](=O)[O-])=C1,0.009478369727730751,0.009478369727730751,2.2349188327789307
O=C1N=c2ccc([N+](=O)[O-])cc2=C1NNC(=S)NCC(O)Cc1cn(-c2cn3cccnc3n2)cn1,0.009474240243434906,0.009474239312112331,0.3261505365371704
,0.00929682794958353,0.0,16.032211303710938
Cc1ncc(S(=O)(=O)n2c([N+](=O)[O-])nc3c2c(=O)[nH]c(=O)n3C)cc1N1CC[C@](C)(CCC(C)C)C1,0.008744650520384312,0.008744649589061737,4.942671775817871
O=C(CCN=c1ccc([N+](=O)[O-])c(-c2ccc(F)cc2[N+](=O)[O-])[nH]1)CC(=O)Nn1c(O)nnc1O,0.00863204337656498,0.00863204337656498,7.449222087860107
C[C](O)CCC[C@H]1CC[C@@H](c2cc(=NC(=O)C[C]3CN(c4ccc(S(C)(=O)=O)s4)C[C@H]3O)[nH][nH]2)CC1,0.008131073787808418,0.008131072856485844,4.936755657196045
CC1(C)CN(ONC(=O)C[C@@H]2CCC[C@@H]2C[C@@H](C(=O)O)[C@H]2CCCSC2)C[C@@H]1[C]1CCNC12CCC2,0.008094227872788906,0.008094226010143757,1.0872490406036377
C[C@@]1(ON=C2C(=O)NC(=O)NC2=O)CCCN1c1sc([N+](=O)[O-])cc1-c1ncc(F)cc1[N+](=O)[O-],0.00808451883494854,0.008084517903625965,7.539538860321045
CC1(C)CN(c2cc[nH]c(=N)c2[N+](=O)[O-])C[C]1c1[nH]c(=N[C]2C[C@H]3CC[C@@H]2O3)ccc1[N+](=O)[O-],0.007955601438879967,0.007955600507557392,1.4564337730407715
C=CC[C@H](CO)CN1CC[C]([C@H](C)C[C@@H](C)N2CCOC[C]2CC[C@@H]2CCc3nc(C)nn3C2)[C@H](C)C1,0.007721036206930876,0.007721036672592163,4.813825607299805
N#CC(=O)/C(=N\Nc1ccc(F)cc1)C(=O)N1CC[C@@H]2CC[C@@H](C1)N2c1c(C#N)cnc2ccccc12,0.007630391977727413,0.007630390580743551,0.15966562926769257
O=[N+]([O-])c1cc(-c2cnn3c2OCCC3)c(-c2nnc3nc(O)nc(O)c3n2)c([N+](=O)[O-])c1[N+](=O)[O-],0.006750759202986956,0.006750759668648243,6.660550117492676
C/C(=C/[N+](=O)[O-])C(=O)[C@H](C)C[C@@H](C)N1CC[C@@H]2CN(N3CC[C](N4CC[C@H]5CCN[C@@H]5C4)C3)C[C@@H]2CC1,0.006608565337955952,0.00660856394097209,0.10532588511705399
Cc1cn2ccc(C(=O)[C@H](c3nc4c(=O)n(C)c(=O)nc-4n([C@@H]4CCCN4C=O)n3)C(C)C)cc2n1,0.006425749976187944,0.006425750907510519,0.18836753070354462
Cc1nc(-c2cn3nc4c(=O)n(O)ccc4nc3n2)oc1[C@H](CC(=O)N1CCOC1=O)c1cncn1C,0.006112739909440279,0.006112741306424141,6.718374252319336
Cc1nc(N2N=C(C(=O)c3cc([N+](=O)[O-])c([N+](=O)[O-])c([N+](=O)[O-])c3[C@H]3CCC(=O)C3)CCC2=O)cs1,0.0060418155044317245,0.006041815038770437,1.6156995296478271
O=[N+]([O-])c1c[nH]c(CN=c2nc(-c3nc4nonc4nc3Cl)cc(-c3cnc4c[nH]nc4c3)[nH]2)c1,0.005753186531364918,0.005753186997026205,1.0277010202407837
C[C@](C#N)([C@@H]1C[C@@H](c2ccnc3ccccc23)C12CCC2)N1C[C@@H](O)[C@H](c2ccc3c(c2)OCCO3)C1,0.005730682983994484,0.005730682983994484,0.5397962331771851
CCCC[C@H](C(=O)O)[C@@H]1COCC[C@H]1c1cnc(-c2ccc(NN=C(C(=O)C#N)C(=O)C#N)cc2)o1,0.005617483984678984,0.005617484450340271,4.585311412811279
N#Cc1ccc([N+](=O)[O-])c([C@H]2C[C](CC(=O)O)[C@H]2OCN(CC([N+](=O)[O-])([N+](=O)[O-])[N+](=O)[O-])[N+](=O)[O-])c1,0.005207320209592581,0.005207320675253868,5.082615375518799
CC[C@@](C)(C(=O)N1CCN(CCCCCC(=O)C(=O)O)CC1)C1([C@@](C)(C#N)c2nnc(Br)nn2)COC1,0.005063270218670368,0.0050632706843316555,1.7504395246505737
O=c1c(=O)c2ccc(CCC[C@@H]3CN(n4cc(C=Nn5c(S)nncc5=O)nn4)CCCO3)cc2c1=O,0.00496953260153532,0.004969531670212746,3.379878282546997
N#CC(=O)/C(=N\Nc1ccc([N+](=O)[O-])cc1)C(=O)CC[C@@H]1N=N/C(=N/[N+](=O)[O-])N1,0.004889464471489191,0.004889464471489191,4.724198341369629
CC(C)[C@H](Cc1c2ccccc2nc2nc(=O)[nH]cc12)S(=O)(=O)c1ccc(-c2ccc(F)cc2F)s1,0.004405462183058262,0.0044054617173969746,2.002164840698242
C[C](CC(C)(C)N1CCN(c2cc(O)nnc2-n2ccc(C=NO)nc2=O)C(=O)C1)C1SC(=S)NC1=O,0.0042114960961043835,0.004211496561765671,2.792414665222168
Cc1c(C(=O)/N=c2/snnc3c([C@H]4CN(n5cnc(C#N)n5)CC4(C)C)cnn23)csc1N1CCCCC1,0.004125749226659536,0.004125748760998249,2.782907247543335
C[C@H]1N(C(N=c2cc[nH]c(-c3ccc(C#N)c(Cl)c3)n2)c2cnc(Cl)cc2[N+](=O)[O-])CCOC1(C)C,0.0037307392340153456,0.0037307399325072765,8.724427223205566
C[C@H]1N(C(=O)C(C)(C)[C@]2(C(=O)C(=O)N=c3cc([C@@H]4CCCCNC4=O)[nH][nH]3)CCOC2)CCOC1(C)C,0.003705823328346014,0.003705822629854083,6.984520435333252
N#CC1([C@H]2C(=O)CCN(N3C[C@H](O)C[C@@H]3[C]3CCCC[C@@H]3c3onc4ccccc34)C23C(=O)C3=O)CC1,0.0035593719221651554,0.003559372154995799,2.2003533840179443
Cc1cc(-c2cc(CC[C@@H]3C(=O)C(=O)C(C4=CC=CCC4=O)=C(N=O)C3=O)c3ccccc3n2)co1,0.003510288195684552,0.0035102879628539085,5.264588832855225
CCCC[C](CC(=O)C1=NN(c2nc3ccccc3n3nnnc23)C(=O)CC1)S(=O)(=O)c1cnccn1,0.003462160238996148,0.003462160238996148,3.2601873874664307
Cc1cc(=NC(=O)C(=O)N2CC(F)(F)C[C@H]2C(=O)C[C@@H](C)[C@@H](C)CCC(=O)N2CCOCCN2)cc(C)[nH]1,0.003363368334248662,0.0033633685670793056,1.166405439376831
Cc1cnc(-c2cnc(CC(C)C[C@@H]3CN(c4cnc(N5CCC[C@](C)(O)CC5)cc4C)CC3(C)C)nc2)o1,0.0031655458733439445,0.003165545640513301,7.49440860748291
C#C[C@H](N=c1cc[nH]c(-c2cccc(N3CC[C@@H]4NC(=O)CC[C@H]4C3)c2O)n1)[C@H]1CCCC12OCCO2,0.002624180866405368,0.002624180633574724,6.309959411621094
Cc1nonc1-c1cc(O)nnc1[C@@H](CN1CCOC[C]1CCC(C)(C)S(C)(=O)=O)c1cnn2c1OCCC2,0.002383589278906584,0.00238358904607594,9.791207313537598
CC(=O)[C@]1(C)C[C@@H]1c1cc(C2(c3nnc([C@H](C)CC(=O)N=c4cccn[nH]4)o3)CCOC2)c([N+](=O)[O-])[nH]1,0.002348315203562379,0.002348313806578517,1.6855729818344116
C[C@@H]1[C@@H](C(=O)C2=S=C(NS(=O)(=O)CCc3cnn4c3OCCC4)N=N2)CCCN1c1c([N+](=O)[O-])ncn1C,0.0021573121193796396,0.0021573123522102833,8.079981803894043
CC[C@@H](C)N(OC)C(=O)c1nc([C@@H](C)[C@H](c2c[nH]c3c2C(=O)C=CC3=O)c2ncc(C#N)cc2C)cs1,0.001993536716327071,0.001993536949157715,1.5293983221054077
CC[C](C(=O)[C@]1(C)CCN(N2C(=O)N[C](CCCCc3nnc(N)s3)C2=O)C1)N1CC[C]2NC(=O)CC[C@@H]2C1,0.0019710620399564505,0.001971062272787094,1.4667160511016846
C=C[C@H](C[C@H](C(=O)C[C](C)c1ccc([N+](=O)[O-])o1)c1c(F)ccnc1F)C(=O)N1C(=O)c2nccnc2[C@@H]1N,0.0018107641953974962,0.0018107640789821744,2.5933127403259277
C[C@H](C[C@@H](C)c1ccc(OS(=O)(=O)c2csc([N+](=O)[O-])c2)c2c1C(=O)C=CC2=O)SN1CCNC(=O)[C@@H]1C,0.0017237417632713914,0.0017237423453480005,7.130537509918213
C[C@H]1CN(c2ccc(-c3cc(=NC(=O)C(=O)C(C)(C)Cc4cncc(O)c4)[nH][nH]3)cc2S(N)(=O)=O)C[C@@H]1O,0.0016349455108866096,0.001634945278055966,7.156580448150635
O=c1[nH]c2cc(-c3c(N4CCCN(CC(O)CCCF)CC4)cc([N+](=O)[O-])c([N+](=O)[O-])c3[N+](=O)[O-])ccc2o1,0.0016082616057246923,0.0016082612564787269,4.243350505828857
CC(C)(C(=O)[C@@H]1CCN(N2CC[C@H]3NC(=O)CC[C@@H]3C2)[C](c2ccc3c(c2)OCCO3)C1)C1(S(C)(=O)=O)CC1,0.0015575345605611801,0.0015575344441458583,3.1675913333892822
C#Cc1ccc(-c2ncc(N3CC[C@@H](C)[C@@H]([C@H](C)C[C](CC(=O)c4ccc5nn[nH]c5c4)C(C)C)C3)o2)nc1,0.0015496789710596204,0.0015496783889830112,1.4207494258880615
Cn1cc(-c2nc([N+](=O)[O-])nn2[C@H]2CCC[C@H]2c2cn(-c3ccc(-c4cc(Cl)no4)cc3)cn2)c(O)nc1=O,0.0013163781259208918,0.00131637800950557,1.323333978652954
O=[N+]([O-])c1cc([N+](=O)[O-])c(-c2cccc(-c3cc([N+](=O)[O-])sc3CN=c3cncc[nH]3)c2O)c([N+](=O)[O-])c1,0.0012923693284392357,0.0012923695612698793,1.662235140800476
CC1CN(C(=O)C2=C(c3ccccc3)SCCO2)CCN(N2CCC[C](N3CCO[C@@H](c4nnc(O)o4)C3)C2)C1,0.0012825713492929935,0.0012825715821236372,1.0852689743041992
C[C@H]1COCCN(CC([C]2CCOC[C]2[C@H]2CCCC[C@H]2O)N2C(=O)C(c3ccnc(C#N)c3)C(O)=NC2=S)C1,0.0011187271447852254,0.0011187270283699036,6.070079326629639
CCC(C)(C)C(=O)N1CCC[C@@H]2[C@@H]1CCN2c1nc2ccc([C@H](C#N)Cc3cc[nH]c(=O)c3)cn2c1[N+](=O)[O-],0.001087781391106546,0.001087781391106546,1.8319276571273804
Cn1c(=O)nc2n(-c3nc4ncccn4n3)nc(N3CCC(=O)[C@H](CCCCC#N)C34C(=O)C4=O)nc-2c1=O,0.0010713995434343815,0.0010713989613577724,2.343195915222168
CCC(c1nc([N+](=O)[O-])nn1-n1nc(C#N)c(=O)n([C@H]2NC(=O)N(N3CCOC(C)(C)[C@H]3C)C2=O)c1=O)[N+](=O)[O-],0.0009331456967629492,0.0009331453475169837,0.8928038477897644
CC(C)(C#N)Cc1cn(-c2nc(-c3ccc(S(C)(=O)=O)nc3)ccc2C(=O)C2=C(c3ccccc3)SCCO2)cn1,0.0008979641715995967,0.0008979642298072577,2.32377552986145
O=C1N[C@H]([C@H]2CCC[C@H]2C2(c3nc4ccccc4n4nnnc34)CCC2)C([N+](=O)[O-])=C1Oc1cc(=O)cc[nH]1,0.0006514257984235883,0.0006514257984235883,3.1818134784698486
C[C](C[C@H](c1nc(=NC(=O)Cc2ccccc2-c2ccccc2F)n(C)[nH]1)C(C)C)C(=O)[C@@H](C(=O)O)C(C)(C)C,0.000611966650467366,0.000611966650467366,2.4987499713897705
N#CC1(c2cc([C@H]3C[C@@H]([C]4CC[C@@H](C[C](N)c5ccc(-c6nc(Cl)ccc6F)o5)C4)C34CCC4)c([N+](=O)[O-])s2)CC1,0.0005610555526800454,0.0005610556108877063,1.7011301517486572
CCC(C)(C)C(=O)[C@H]1S[C@@H](CCCCC(C(=O)O)c2ncsc2[C@](C)(C#N)c2nc(Br)ccc2[N+](=O)[O-])C(=O)C1=O,0.0004947460838593543,0.0004947459674440324,4.9931721687316895
CC1CCN(c2nc([N+](=O)[O-])nn2[C@H]2CCC[C@H]2[C](Cc2cn3nc4c(=O)n(O)ccc4nc3n2)C(C)(C)C)CC1,0.000436553789768368,0.00043655376066453755,1.690651774406433
Cc1ccccc1N/N=C(\C(=O)C#N)C(=O)[C@H]1CN([C@H](Cc2cc(C=O)ncc2Br)[C@H](C(=O)O)C(C)(C)C)C[C]1O,0.0003741344262380153,0.0003741344844456762,6.425662040710449
C[C]1CN([C@@]2(C)CCN(N3CCCNC(=O)[C@H]3C)C2)CC[C@@H]1c1sc2nc(=O)sc-2cc1-c1ncc(C=O)cc1Br,0.0003495442506391555,0.00034954422153532505,1.384203553199768
CC1=C(C(=O)C(=O)O)[C@H](CC(=O)N=c2nc(-n3cc(C(=O)C(=O)N=c4cc[nH]cc4C#N)nn3)[nH]n2C)NC(=S)N1,0.0002471016487106681,0.000247101706918329,1.0241427421569824
Cc1cc(C)c(-c2c([N+](=O)[O-])c(C)nn2C(=O)/C(=N/Nc2ccc(Cl)cc2)C(=O)C#N)c([C]2CCN3CCC[C@H]3C2)n1,0.00022365539916791022,0.00022365541371982545,2.3691179752349854
C[C@H]1COCCN(C(=O)CCCN=c2ccc([N+](=O)[O-])c(-c3nc4c(=O)n(C)c(=O)nc-4n([C@@H]4CCCCO4)n3)[nH]2)C1,0.00017624410975258797,0.0001762441243045032,3.800196647644043
CCC[C@@H](CCCCCC[C]([C@H]1CCCN(C)C1)C(C)(C)C)n1ncc(-c2ncnc3ccc([N+](=O)[O-])cc23)c1[N+](=O)[O-],0.00015063733735587448,0.00015063733735587448,4.470893383026123
Cc1nn(-c2cc(=O)c(N3CCCC34CN(c3noc(C)c3C(=O)NN3CCS(=O)(=O)CC3)C4)co2)c([N+](=O)[O-])c1[N+](=O)[O-],0.00010833808482857421,0.00010833811393240467,0.1420658379793167
Cc1nn(CCN2C[C](O)[C@@H]([C@@H]3CC=C[C@@H](CC(=O)CCC(=O)O)C3)C2)c(NS(=O)(=O)N(C)C(=O)C(=O)[C]2CCC[C]2N2CCCNC(=O)[C@@H]2CCN=c2ccc([N+](=O)[O-])c(OS(=O)(=O)c3csc([N+](=O)[O-])c3)[nH]2)c1[N+](=O)[O-],9.99999901978299e-05,9.999999747378752e-05,0.18261966109275818
Cc1[nH]ccc(=NC(=O)[C@H]2C[C@H](N=c3cncc([C]4CCCN4C=O)[nH]3)C2([C@@H]2CCC[C@@H]2C(C)(C)C)N2C(=O)c3nccnc3[C@@H]2N)c1Cl,9.99999901978299e-05,9.999999747378752e-05,5.69167423248291
Cc1nnccc1C1(c2nnc(Cl)nn2)[C@H](N=c2cncc(CC[C@H](O)Cc3ccc4c(c3)NC(=O)[C@@H](C)O4)[nH]2)C[C@H]1c1cc(Br)cnc1[N+](=O)[O-],9.99999901978299e-05,9.999999747378752e-05,0.4983125627040863
C[C]1[C](CCc2ccc(-c3nc(N4CCO[C@@H](C)C4)cnc3C#N)c(F)c2)CCCN1[C]1C(=O)CCN([C@@H]2C[C](C)N(c3cncnc3C)C2)C12C(=O)C2=O,9.99999901978299e-05,9.999999747378752e-05,1.1211825609207153
Cc1cccnc1-c1cnc2nc3ccccc3n2c1C1(c2nnc(C3=S=C([N+](=O)[O-])C=C3)o2)[C@@H](c2cc3ccccc3c(=O)[nH]2)C[C@H]1N=c1cncc(-c2cc[nH]n2)[nH]1,9.99999901978299e-05,9.999999747378752e-05,4.674293518066406
CC[C@@H](C)C[C@H](CCO)c1coc([C@H]2C[C@@H](N=c3cncc(CC(=O)N=c4cc(C)c(C)n[nH]4)[nH]3)C2(c2nonc2C)S(=O)(=O)c2ccc(N3C(=O)C([C@@H]4CCCCO4)C(O)=NC3=S)s2)c1,9.99999901978299e-05,9.999999747378752e-05,3.7832729816436768
Cc1cc(C(=O)CCCCCc2ncn(-c3nnc(O)cc3C3C(=O)N(C(=O)/C(=N/Nc4ccccc4F)C(=O)C#N)C(=S)N=C3O)n2)c(C)n1C,9.99999901978299e-05,9.999999747378752e-05,3.2505223751068115
Cc1ccc2cc([C@@H]3N[C@@H](NC4=S=C(C(=O)c5cc(-c6cnn7c6OCCC7)[nH]c5[N+](=O)[O-])N=N4)C(=O)C3=O)ccc2n1,9.99999901978299e-05,9.999999747378752e-05,4.6807427406311035
Cc1cc(C2([C@@H](C)CCC3=CCN(c4cncc(N5CCN([C@H]6CCCC[C@H]6c6snnc6C)C[C@H]5C)n4)CC3)CCC2)cc(O)n1,9.99999901978299e-05,9.999999747378752e-05,3.8194634914398193
CC[C@](C)(C#N)C(=O)/C([N+](=O)[O-])=[N+](\[O-])O,9.99999901978299e-05,9.999999747378752e-05,7.353702545166016
CC(C)(C)[C](CN1CCOC2(C1)CN(c1cnc(-c3ncc(Cl)nc3Cl)s1)C2)c1sc([N+](=O)[O-])cc1ONC(=O)C(=O)C(C)(C)C,9.99999901978299e-05,9.999999747378752e-05,2.3757247924804688
N#CC(C#N)=c1sc(=Cc2ccccn2)c(=O)n1N1CC=C(Cc2cc(C(=O)[C@H]3CSc4ccccc43)c3ccccc3n2)CC1,9.99999901978299e-05,9.999999747378752e-05,5.551924705505371
CN1C[C@@H]2CN(C[C@H](Cc3ncc(-n4cnc(-c5cnc(-c6ncnc7cccc([N+](=O)[O-])c67)c(C#N)n5)c4)cc3C#N)C(=O)NC(=S)NNC3=c4cc([N+](=O)[O-])ccc4=NC3=O)C[C@@H]2C1,9.99999901978299e-05,9.999999747378752e-05,1.819508671760559
Cc1ncc(Br)n1C/C([N+](=O)[O-])=[N+](\[O-])O,9.99999901978299e-05,9.999999747378752e-05,1.3398451805114746
O=C(O)[C@H](O)CN1CCOC2(C1)CN(C1(N3CCN(n4cnnc4[N+](=O)[O-])C(=O)C3)C([N+](=O)[O-])=CC(=[N+]([O-])O)C=C1[N+](=O)[O-])C2,9.99999901978299e-05,9.999999747378752e-05,6.074508190155029
C[C](CC(=O)N=c1cccn[nH]1)c1nc(=NC([C@H](C#N)Cc2c(Br)cncc2[N+](=O)[O-])N2CCC[C@@](C)(O)CC2)cc[nH]1,9.99999901978299e-05,9.999999747378752e-05,2.5710694789886475
CC[C@@H](C(=O)c1ncc(-c2coc(-c3cnc(Cl)c([N+](=O)[O-])n3)c2)cc1C#N)C(=O)[C@H](CC)N=c1ccc([N+](=O)[O-])c(N2NC(=O)C(c3ccc(CCN=c4ccc([N+](=O)[O-])c(-c5ccc(S(N)(=O)=O)s5)[nH]4)cc3F)C2=O)[nH]1,9.99999901978299e-05,9.999999747378752e-05,3.8240087032318115
Cc1ccc2cc(C[C@H](N3CC[C@](C)(C4([C](CO)C(=O)O)[C@@H]([C@H]5CCCC56OCCO6)C[C@H]4N=c4cncc(-c5ccc([N+](=O)[O-])s5)[nH]4)C3)C(C)(C)C)ccc2n1,9.99999901978299e-05,9.999999747378752e-05,3.98881459236145
C[C@@]1(O)CCCN(CC[C](O)CC/C([N+](=O)[O-])=[N+](\[O-])O)CC1,9.99999901978299e-05,9.999999747378752e-05,8.825027465820312
O=C(O)CCC(=O)CC/C([N+](=O)[O-])=[N+](\[O-])O,9.99999901978299e-05,9.999999747378752e-05,4.014279842376709
O=[N+]([O-])c1cc(Br)c(-c2c[nH]nc2C2(c3ccc4ccccc4n3)[C@@H](c3ccc4c(c3)OCCO4)C[C@H]2N=c2cncc(-c3cnn4c3OCCC4)[nH]2)nc1O,9.99999901978299e-05,9.999999747378752e-05,6.206332206726074
N#Cc1ccnc(C[C@H](CN2CCC(=O)[C@H](c3ncc([N+](=O)[O-])cc3Cl)C23C(=O)C3=O)C(=O)[C](O)C(=O)N2CC[C]3NC(=O)CC[C]3C2)c1,9.99999901978299e-05,9.999999747378752e-05,2.2610416412353516
C[C@@H]1CCN(N2CC[C@H](c3nnn(C)n3)C[C@@H]2C(=O)CC(=O)N=c2ccnc3n(C)[nH]cc2-3)C[C@H]1[C@@H]1CCCC12OCCO2,9.99999901978299e-05,9.999999747378752e-05,1.9899758100509644
C[C@@H]1CCN(c2cncc(=N[C@@H]3C[C@@H]([C@@H](C)CN4CC[C](N)C4)C3(N3CCCCC3)N3CCC[C@](C)(O)CC3)[nH]2)C[C]1C(=O)NOc1ccnc(C#N)c1,9.99999901978299e-05,9.999999747378752e-05,6.841308116912842
O=NC1=C(C2=CC=CCC2=O)C(=O)C(=O)[C@@H](c2cncnc2-c2cc(O)nnc2-c2cnoc2-c2ccc3c(c2)OCCO3)C1=O,9.99999901978299e-05,9.999999747378752e-05,0.1000700518488884
C#C[C@H](N=c1cc[nH]c(-c2cc(O)nnc2N2CC[C@H](c3cc(-c4cc(F)c(C#N)c(F)c4)n(C)n3)[C@H](C)C2)n1)c1cc(Br)c([N+](=O)[O-])o1,9.99999901978299e-05,9.999999747378752e-05,1.0368952751159668
CONC(=O)c1ccc2ncc(=O)n([C]3CCC[C@H]3C(=O)C[C@H](C)N=c3ccc([N+](=O)[O-])c(N4CCO[C](O[C@@H](CO)C(=O)O)C4)[nH]3)c2c1,9.99999901978299e-05,9.999999747378752e-05,2.600755453109741
C[C](CCC(C)C)[C@@H]([C@@H](CC1(NC2=C(Cl)C(=O)C(NC3(c4noc([C@@H]5COC[C]5O)n4)CCN(N4C[C@H](C)C[C@@H](C)C4)C3)=C(Cl)C2=O)CC1)C(=O)c1c(F)ccnc1F)n1cc(C=Nn2c(S)nncc2=O)cn1,9.99999901978299e-05,9.999999747378752e-05,3.0627477169036865
CC[C@@H](C(N)=O)c1ccc([C@@H]2[C@H](C[C@H](c3noc([C@@H](C)CS(=O)(=O)CC)n3)C(C)C)C[C@@H]2N2[C]3CC[C]2CN(C)CC3)cc1,9.99999901978299e-05,9.999999747378752e-05,1.5808335542678833
C=C[C@@H](C(=O)C1(N2C(=O)N[C@@H](N3C[C]4CNC[C@@H]4C3)C2=O)[C@H](N=c2cncc(C3(C)CCC3)[nH]2)C[C@H]1c1cc(-c2ccc(O)cc2)co1)n1nc([N+](=O)[O-])n2ncnc12,9.99999901978299e-05,9.999999747378752e-05,1.9889380931854248
C[C@H](CCc1cccc2cnccc12)C(=O)[C@H]1N=N/C(=N/[N+](=O)[O-])N1,9.99999901978299e-05,9.999999747378752e-05,6.2191996574401855
CC(C)C[C@H](CN)C1(n2nc([N+](=O)[O-])nc2-c2c[nH]c3c2C(=O)C=CC3=O)CCN([C@H](O)CC[C@H]2CC(=O)N(c3ccc4c(c3)=NC(=O)C=4)C2)C1,9.99999901978299e-05,9.999999747378752e-05,0.9171621203422546
CC[C@H](C)N(OC)C(=O)c1c(-c2cc([C@@H]3CC[C@H](C4(C(=O)C(=NO)C(=O)C(F)(F)F)CCC4)C3)[nH]c(=NCN3CC[C@H]4[C@H]3CCCN4[C@@H]3[C@H]4CCO[C@@H]4C34CCC4)n2)cc([N+](=O)[O-])c([N+](=O)[O-])c1[N+](=O)[O-],9.99999901978299e-05,9.999999747378752e-05,0.6426997184753418
O=[N+]([O-])/N=C1/N=N[C@@H]([C@H]2CCCC23OCCO3)N1,9.99999901978299e-05,9.999999747378752e-05,0.7819764614105225
C[C]1CN(C[C@H](C(=O)CC(=O)c2nccs2)[C@@H](CC(=O)c2ccc3nccnc3c2)C(C)=O)C[C@H]1c1c2c(nn1C)CCCC2,9.99999901978299e-05,9.999999747378752e-05,3.092785120010376
CC[C@](C)(C#N)[C@H]1CN(C[C](O)Cc2ncn([C@@H]3CN([C@@H](CC(=O)c4ccc5c(c4)OCCO5)C(C)=O)CCCO3)c2[N+](=O)[O-])CC[C@H]1C,9.99999901978299e-05,9.999999747378752e-05,7.055887699127197
C[C](Cc1nnc(O)cc1N1C[C]2CCC[C@@H](C2)C1)[C@@H]1C[C@@H](C)N([C@@H]([C@H](C)OS(=O)(=O)c2csc([N+](=O)[O-])c2)N2CCOC(C)(C)[C@H]2C)C1,9.99999901978299e-05,9.999999747378752e-05,5.82309627532959
CC(=O)CCCC[C@@H](C(=O)[C]1CCN(c2cc([N+](=O)[O-])c(-c3cc([C@@H]4NC(=O)O[C@@H]4C)n[nH]3)cc2[N+](=O)[O-])C1)c1cncc(F)c1,9.99999901978299e-05,9.999999747378752e-05,2.3808326721191406
C[C@@H]1CN(C(=O)C(C)(C)CCC(=O)C(=O)c2ncn(C[C@H](C)c3coc(C(=O)NN4CCS(=O)(=O)CC4)c3)c2[N+](=O)[O-])C[C@H]1O,9.99999901978299e-05,9.999999747378752e-05,6.237860679626465
C#C[C@H](C(C)C)C1([C@]2(C)CN([C@@H](C)CCCCCC(C)(C)Cc3ccc(C#N)c(Cl)c3)C[C@@H]2C)[C](N2CCC[C@@](C)(O)CC2)C[C@H]1N=c1cncc(CCC=C)[nH]1,9.99999901978299e-05,9.999999747378752e-05,0.36919325590133667
